grid,run,policy,n_demos,total_steps,step,train_loss,grad_norm
v1_lerobot_defaults,act_n100_s50k,act,100,50000,100,8.463,137.662
v1_lerobot_defaults,act_n100_s50k,act,100,50000,200,2.974,53.574
v1_lerobot_defaults,act_n100_s50k,act,100,50000,300,2.498,45.467
v1_lerobot_defaults,act_n100_s50k,act,100,50000,400,2.196,45.248
v1_lerobot_defaults,act_n100_s50k,act,100,50000,500,1.959,44.279
v1_lerobot_defaults,act_n100_s50k,act,100,50000,600,1.764,40.931
v1_lerobot_defaults,act_n100_s50k,act,100,50000,700,1.606,40.621
v1_lerobot_defaults,act_n100_s50k,act,100,50000,800,1.474,37.402
v1_lerobot_defaults,act_n100_s50k,act,100,50000,900,1.352,37.081
v1_lerobot_defaults,act_n100_s50k,act,100,50000,1000,1.238,33.05
v1_lerobot_defaults,act_n100_s50k,act,100,50000,1100,1.142,34.125
v1_lerobot_defaults,act_n100_s50k,act,100,50000,1200,1.059,32.874
v1_lerobot_defaults,act_n100_s50k,act,100,50000,1300,0.976,31.832
v1_lerobot_defaults,act_n100_s50k,act,100,50000,1400,0.896,28.642
v1_lerobot_defaults,act_n100_s50k,act,100,50000,1500,0.817,27.548
v1_lerobot_defaults,act_n100_s50k,act,100,50000,1600,0.754,26.87
v1_lerobot_defaults,act_n100_s50k,act,100,50000,1700,0.697,26.85
v1_lerobot_defaults,act_n100_s50k,act,100,50000,1800,0.64,24.97
v1_lerobot_defaults,act_n100_s50k,act,100,50000,1900,0.594,24.963
v1_lerobot_defaults,act_n100_s50k,act,100,50000,2000,0.562,23.517
v1_lerobot_defaults,act_n100_s50k,act,100,50000,2100,0.516,22.515
v1_lerobot_defaults,act_n100_s50k,act,100,50000,2200,0.48,21.533
v1_lerobot_defaults,act_n100_s50k,act,100,50000,2300,0.455,21.915
v1_lerobot_defaults,act_n100_s50k,act,100,50000,2400,0.433,20.911
v1_lerobot_defaults,act_n100_s50k,act,100,50000,2500,0.402,20.076
v1_lerobot_defaults,act_n100_s50k,act,100,50000,2600,0.374,18.381
v1_lerobot_defaults,act_n100_s50k,act,100,50000,2700,0.364,18.946
v1_lerobot_defaults,act_n100_s50k,act,100,50000,2800,0.343,18.41
v1_lerobot_defaults,act_n100_s50k,act,100,50000,2900,0.334,17.633
v1_lerobot_defaults,act_n100_s50k,act,100,50000,3000,0.321,17.863
v1_lerobot_defaults,act_n100_s50k,act,100,50000,3100,0.308,17.987
v1_lerobot_defaults,act_n100_s50k,act,100,50000,3200,0.294,16.796
v1_lerobot_defaults,act_n100_s50k,act,100,50000,3300,0.286,17.028
v1_lerobot_defaults,act_n100_s50k,act,100,50000,3400,0.277,17.146
v1_lerobot_defaults,act_n100_s50k,act,100,50000,3500,0.27,16.802
v1_lerobot_defaults,act_n100_s50k,act,100,50000,3600,0.266,16.442
v1_lerobot_defaults,act_n100_s50k,act,100,50000,3700,0.255,15.846
v1_lerobot_defaults,act_n100_s50k,act,100,50000,3800,0.256,15.593
v1_lerobot_defaults,act_n100_s50k,act,100,50000,3900,0.246,14.898
v1_lerobot_defaults,act_n100_s50k,act,100,50000,4000,0.247,15.689
v1_lerobot_defaults,act_n100_s50k,act,100,50000,4100,0.235,15.589
v1_lerobot_defaults,act_n100_s50k,act,100,50000,4200,0.231,15.023
v1_lerobot_defaults,act_n100_s50k,act,100,50000,4300,0.223,15.179
v1_lerobot_defaults,act_n100_s50k,act,100,50000,4400,0.214,14.433
v1_lerobot_defaults,act_n100_s50k,act,100,50000,4500,0.216,13.744
v1_lerobot_defaults,act_n100_s50k,act,100,50000,4600,0.216,14.872
v1_lerobot_defaults,act_n100_s50k,act,100,50000,4700,0.212,15.149
v1_lerobot_defaults,act_n100_s50k,act,100,50000,4800,0.214,15.218
v1_lerobot_defaults,act_n100_s50k,act,100,50000,4900,0.202,13.639
v1_lerobot_defaults,act_n100_s50k,act,100,50000,5000,0.199,13.633
v1_lerobot_defaults,act_n100_s50k,act,100,50000,5100,0.197,13.475
v1_lerobot_defaults,act_n100_s50k,act,100,50000,5200,0.197,13.617
v1_lerobot_defaults,act_n100_s50k,act,100,50000,5300,0.188,13.698
v1_lerobot_defaults,act_n100_s50k,act,100,50000,5400,0.187,12.779
v1_lerobot_defaults,act_n100_s50k,act,100,50000,5500,0.189,13.947
v1_lerobot_defaults,act_n100_s50k,act,100,50000,5600,0.182,13.671
v1_lerobot_defaults,act_n100_s50k,act,100,50000,5700,0.182,12.443
v1_lerobot_defaults,act_n100_s50k,act,100,50000,5800,0.179,13.246
v1_lerobot_defaults,act_n100_s50k,act,100,50000,5900,0.179,13.205
v1_lerobot_defaults,act_n100_s50k,act,100,50000,6000,0.174,12.292
v1_lerobot_defaults,act_n100_s50k,act,100,50000,6100,0.171,12.451
v1_lerobot_defaults,act_n100_s50k,act,100,50000,6200,0.172,12.102
v1_lerobot_defaults,act_n100_s50k,act,100,50000,6300,0.164,11.988
v1_lerobot_defaults,act_n100_s50k,act,100,50000,6400,0.163,12.176
v1_lerobot_defaults,act_n100_s50k,act,100,50000,6500,0.163,13.107
v1_lerobot_defaults,act_n100_s50k,act,100,50000,6600,0.164,11.79
v1_lerobot_defaults,act_n100_s50k,act,100,50000,6700,0.162,12.179
v1_lerobot_defaults,act_n100_s50k,act,100,50000,6800,0.16,12.576
v1_lerobot_defaults,act_n100_s50k,act,100,50000,6900,0.157,11.564
v1_lerobot_defaults,act_n100_s50k,act,100,50000,7000,0.157,11.77
v1_lerobot_defaults,act_n100_s50k,act,100,50000,7100,0.156,11.267
v1_lerobot_defaults,act_n100_s50k,act,100,50000,7200,0.158,11.715
v1_lerobot_defaults,act_n100_s50k,act,100,50000,7300,0.151,11.417
v1_lerobot_defaults,act_n100_s50k,act,100,50000,7400,0.147,11.636
v1_lerobot_defaults,act_n100_s50k,act,100,50000,7500,0.146,11.118
v1_lerobot_defaults,act_n100_s50k,act,100,50000,7600,0.145,10.361
v1_lerobot_defaults,act_n100_s50k,act,100,50000,7700,0.146,11.678
v1_lerobot_defaults,act_n100_s50k,act,100,50000,7800,0.151,11.895
v1_lerobot_defaults,act_n100_s50k,act,100,50000,7900,0.143,11.151
v1_lerobot_defaults,act_n100_s50k,act,100,50000,8000,0.139,9.893
v1_lerobot_defaults,act_n100_s50k,act,100,50000,8100,0.139,9.645
v1_lerobot_defaults,act_n100_s50k,act,100,50000,8200,0.141,12.048
v1_lerobot_defaults,act_n100_s50k,act,100,50000,8300,0.137,10.346
v1_lerobot_defaults,act_n100_s50k,act,100,50000,8400,0.135,9.978
v1_lerobot_defaults,act_n100_s50k,act,100,50000,8500,0.136,10.361
v1_lerobot_defaults,act_n100_s50k,act,100,50000,8600,0.132,9.854
v1_lerobot_defaults,act_n100_s50k,act,100,50000,8700,0.136,10.949
v1_lerobot_defaults,act_n100_s50k,act,100,50000,8800,0.136,10.858
v1_lerobot_defaults,act_n100_s50k,act,100,50000,8900,0.128,9.649
v1_lerobot_defaults,act_n100_s50k,act,100,50000,9000,0.126,9.057
v1_lerobot_defaults,act_n100_s50k,act,100,50000,9100,0.129,9.565
v1_lerobot_defaults,act_n100_s50k,act,100,50000,9200,0.128,9.968
v1_lerobot_defaults,act_n100_s50k,act,100,50000,9300,0.127,9.045
v1_lerobot_defaults,act_n100_s50k,act,100,50000,9400,0.127,9.49
v1_lerobot_defaults,act_n100_s50k,act,100,50000,9500,0.125,9.707
v1_lerobot_defaults,act_n100_s50k,act,100,50000,9600,0.122,9.978
v1_lerobot_defaults,act_n100_s50k,act,100,50000,9700,0.123,10.171
v1_lerobot_defaults,act_n100_s50k,act,100,50000,9800,0.122,10.127
v1_lerobot_defaults,act_n100_s50k,act,100,50000,9900,0.121,9.425
v1_lerobot_defaults,act_n100_s50k,act,100,50000,10000,0.123,10.838
v1_lerobot_defaults,act_n100_s50k,act,100,50000,10100,0.125,10.347
v1_lerobot_defaults,act_n100_s50k,act,100,50000,10200,0.121,9.087
v1_lerobot_defaults,act_n100_s50k,act,100,50000,10300,0.118,8.913
v1_lerobot_defaults,act_n100_s50k,act,100,50000,10400,0.12,9.32
v1_lerobot_defaults,act_n100_s50k,act,100,50000,10500,0.117,9.191
v1_lerobot_defaults,act_n100_s50k,act,100,50000,10600,0.118,9.287
v1_lerobot_defaults,act_n100_s50k,act,100,50000,10700,0.115,9.502
v1_lerobot_defaults,act_n100_s50k,act,100,50000,10800,0.114,9.869
v1_lerobot_defaults,act_n100_s50k,act,100,50000,10900,0.115,9.678
v1_lerobot_defaults,act_n100_s50k,act,100,50000,11000,0.114,9.072
v1_lerobot_defaults,act_n100_s50k,act,100,50000,11100,0.113,8.777
v1_lerobot_defaults,act_n100_s50k,act,100,50000,11200,0.115,9.459
v1_lerobot_defaults,act_n100_s50k,act,100,50000,11300,0.116,9.276
v1_lerobot_defaults,act_n100_s50k,act,100,50000,11400,0.119,11.036
v1_lerobot_defaults,act_n100_s50k,act,100,50000,11500,0.109,9.255
v1_lerobot_defaults,act_n100_s50k,act,100,50000,11600,0.11,9.43
v1_lerobot_defaults,act_n100_s50k,act,100,50000,11700,0.107,8.596
v1_lerobot_defaults,act_n100_s50k,act,100,50000,11800,0.108,8.563
v1_lerobot_defaults,act_n100_s50k,act,100,50000,11900,0.112,10.003
v1_lerobot_defaults,act_n100_s50k,act,100,50000,12000,0.108,9.03
v1_lerobot_defaults,act_n100_s50k,act,100,50000,12100,0.108,8.413
v1_lerobot_defaults,act_n100_s50k,act,100,50000,12200,0.11,9.01
v1_lerobot_defaults,act_n100_s50k,act,100,50000,12300,0.104,8.299
v1_lerobot_defaults,act_n100_s50k,act,100,50000,12400,0.107,9.113
v1_lerobot_defaults,act_n100_s50k,act,100,50000,12500,0.105,8.781
v1_lerobot_defaults,act_n100_s50k,act,100,50000,12600,0.105,8.906
v1_lerobot_defaults,act_n100_s50k,act,100,50000,12700,0.101,8.102
v1_lerobot_defaults,act_n100_s50k,act,100,50000,12800,0.103,8.182
v1_lerobot_defaults,act_n100_s50k,act,100,50000,12900,0.104,8.687
v1_lerobot_defaults,act_n100_s50k,act,100,50000,13000,0.104,8.891
v1_lerobot_defaults,act_n100_s50k,act,100,50000,13100,0.101,8.686
v1_lerobot_defaults,act_n100_s50k,act,100,50000,13200,0.101,9.005
v1_lerobot_defaults,act_n100_s50k,act,100,50000,13300,0.101,8.403
v1_lerobot_defaults,act_n100_s50k,act,100,50000,13400,0.102,8.611
v1_lerobot_defaults,act_n100_s50k,act,100,50000,13500,0.103,8.298
v1_lerobot_defaults,act_n100_s50k,act,100,50000,13600,0.1,8.319
v1_lerobot_defaults,act_n100_s50k,act,100,50000,13700,0.098,7.616
v1_lerobot_defaults,act_n100_s50k,act,100,50000,13800,0.098,8.468
v1_lerobot_defaults,act_n100_s50k,act,100,50000,13900,0.1,8.887
v1_lerobot_defaults,act_n100_s50k,act,100,50000,14000,0.099,8.735
v1_lerobot_defaults,act_n100_s50k,act,100,50000,14100,0.097,8.234
v1_lerobot_defaults,act_n100_s50k,act,100,50000,14200,0.098,7.989
v1_lerobot_defaults,act_n100_s50k,act,100,50000,14300,0.097,8.455
v1_lerobot_defaults,act_n100_s50k,act,100,50000,14400,0.099,8.283
v1_lerobot_defaults,act_n100_s50k,act,100,50000,14500,0.099,8.267
v1_lerobot_defaults,act_n100_s50k,act,100,50000,14600,0.099,8.894
v1_lerobot_defaults,act_n100_s50k,act,100,50000,14700,0.097,7.744
v1_lerobot_defaults,act_n100_s50k,act,100,50000,14800,0.093,7.242
v1_lerobot_defaults,act_n100_s50k,act,100,50000,14900,0.1,9.287
v1_lerobot_defaults,act_n100_s50k,act,100,50000,15000,0.094,7.897
v1_lerobot_defaults,act_n100_s50k,act,100,50000,15100,0.095,8.428
v1_lerobot_defaults,act_n100_s50k,act,100,50000,15200,0.092,7.945
v1_lerobot_defaults,act_n100_s50k,act,100,50000,15300,0.093,8.167
v1_lerobot_defaults,act_n100_s50k,act,100,50000,15400,0.095,8.337
v1_lerobot_defaults,act_n100_s50k,act,100,50000,15500,0.093,8.052
v1_lerobot_defaults,act_n100_s50k,act,100,50000,15600,0.094,7.63
v1_lerobot_defaults,act_n100_s50k,act,100,50000,15700,0.091,7.593
v1_lerobot_defaults,act_n100_s50k,act,100,50000,15800,0.092,8.368
v1_lerobot_defaults,act_n100_s50k,act,100,50000,15900,0.09,7.827
v1_lerobot_defaults,act_n100_s50k,act,100,50000,16000,0.094,8.849
v1_lerobot_defaults,act_n100_s50k,act,100,50000,16100,0.091,7.763
v1_lerobot_defaults,act_n100_s50k,act,100,50000,16200,0.091,7.874
v1_lerobot_defaults,act_n100_s50k,act,100,50000,16300,0.089,7.458
v1_lerobot_defaults,act_n100_s50k,act,100,50000,16400,0.09,7.232
v1_lerobot_defaults,act_n100_s50k,act,100,50000,16500,0.089,8.11
v1_lerobot_defaults,act_n100_s50k,act,100,50000,16600,0.091,8.002
v1_lerobot_defaults,act_n100_s50k,act,100,50000,16700,0.089,8.379
v1_lerobot_defaults,act_n100_s50k,act,100,50000,16800,0.087,7.158
v1_lerobot_defaults,act_n100_s50k,act,100,50000,16900,0.087,7.482
v1_lerobot_defaults,act_n100_s50k,act,100,50000,17000,0.087,6.978
v1_lerobot_defaults,act_n100_s50k,act,100,50000,17100,0.086,7.214
v1_lerobot_defaults,act_n100_s50k,act,100,50000,17200,0.086,6.81
v1_lerobot_defaults,act_n100_s50k,act,100,50000,17300,0.086,7.441
v1_lerobot_defaults,act_n100_s50k,act,100,50000,17400,0.088,7.518
v1_lerobot_defaults,act_n100_s50k,act,100,50000,17500,0.087,7.194
v1_lerobot_defaults,act_n100_s50k,act,100,50000,17600,0.085,6.827
v1_lerobot_defaults,act_n100_s50k,act,100,50000,17700,0.084,7.034
v1_lerobot_defaults,act_n100_s50k,act,100,50000,17800,0.085,7.658
v1_lerobot_defaults,act_n100_s50k,act,100,50000,17900,0.085,7.47
v1_lerobot_defaults,act_n100_s50k,act,100,50000,18000,0.084,7.076
v1_lerobot_defaults,act_n100_s50k,act,100,50000,18100,0.083,7.256
v1_lerobot_defaults,act_n100_s50k,act,100,50000,18200,0.083,7.253
v1_lerobot_defaults,act_n100_s50k,act,100,50000,18300,0.084,7.793
v1_lerobot_defaults,act_n100_s50k,act,100,50000,18400,0.084,7.623
v1_lerobot_defaults,act_n100_s50k,act,100,50000,18500,0.085,7.351
v1_lerobot_defaults,act_n100_s50k,act,100,50000,18600,0.082,7.137
v1_lerobot_defaults,act_n100_s50k,act,100,50000,18700,0.081,6.663
v1_lerobot_defaults,act_n100_s50k,act,100,50000,18800,0.083,7.822
v1_lerobot_defaults,act_n100_s50k,act,100,50000,18900,0.08,7.053
v1_lerobot_defaults,act_n100_s50k,act,100,50000,19000,0.08,6.716
v1_lerobot_defaults,act_n100_s50k,act,100,50000,19100,0.081,7.857
v1_lerobot_defaults,act_n100_s50k,act,100,50000,19200,0.081,7.375
v1_lerobot_defaults,act_n100_s50k,act,100,50000,19300,0.079,6.659
v1_lerobot_defaults,act_n100_s50k,act,100,50000,19400,0.08,6.91
v1_lerobot_defaults,act_n100_s50k,act,100,50000,19500,0.085,8.381
v1_lerobot_defaults,act_n100_s50k,act,100,50000,19600,0.08,7.11
v1_lerobot_defaults,act_n100_s50k,act,100,50000,19700,0.083,7.521
v1_lerobot_defaults,act_n100_s50k,act,100,50000,19800,0.081,7.793
v1_lerobot_defaults,act_n100_s50k,act,100,50000,19900,0.08,8.088
v1_lerobot_defaults,act_n100_s50k,act,100,50000,20000,0.082,7.448
v1_lerobot_defaults,act_n100_s50k,act,100,50000,20100,0.08,7.27
v1_lerobot_defaults,act_n100_s50k,act,100,50000,20200,0.08,7.757
v1_lerobot_defaults,act_n100_s50k,act,100,50000,20300,0.076,6.423
v1_lerobot_defaults,act_n100_s50k,act,100,50000,20400,0.079,6.962
v1_lerobot_defaults,act_n100_s50k,act,100,50000,20500,0.078,6.868
v1_lerobot_defaults,act_n100_s50k,act,100,50000,20600,0.075,7.154
v1_lerobot_defaults,act_n100_s50k,act,100,50000,20700,0.078,6.9
v1_lerobot_defaults,act_n100_s50k,act,100,50000,20800,0.077,7.196
v1_lerobot_defaults,act_n100_s50k,act,100,50000,20900,0.076,6.807
v1_lerobot_defaults,act_n100_s50k,act,100,50000,21000,0.076,6.544
v1_lerobot_defaults,act_n100_s50k,act,100,50000,21100,0.075,6.645
v1_lerobot_defaults,act_n100_s50k,act,100,50000,21200,0.076,6.759
v1_lerobot_defaults,act_n100_s50k,act,100,50000,21300,0.077,7.204
v1_lerobot_defaults,act_n100_s50k,act,100,50000,21400,0.078,6.797
v1_lerobot_defaults,act_n100_s50k,act,100,50000,21500,0.078,7.738
v1_lerobot_defaults,act_n100_s50k,act,100,50000,21600,0.077,7.004
v1_lerobot_defaults,act_n100_s50k,act,100,50000,21700,0.076,6.257
v1_lerobot_defaults,act_n100_s50k,act,100,50000,21800,0.074,6.45
v1_lerobot_defaults,act_n100_s50k,act,100,50000,21900,0.074,7.043
v1_lerobot_defaults,act_n100_s50k,act,100,50000,22000,0.074,6.873
v1_lerobot_defaults,act_n100_s50k,act,100,50000,22100,0.076,6.993
v1_lerobot_defaults,act_n100_s50k,act,100,50000,22200,0.077,7.214
v1_lerobot_defaults,act_n100_s50k,act,100,50000,22300,0.074,6.438
v1_lerobot_defaults,act_n100_s50k,act,100,50000,22400,0.077,7.103
v1_lerobot_defaults,act_n100_s50k,act,100,50000,22500,0.075,6.512
v1_lerobot_defaults,act_n100_s50k,act,100,50000,22600,0.074,6.994
v1_lerobot_defaults,act_n100_s50k,act,100,50000,22700,0.076,6.923
v1_lerobot_defaults,act_n100_s50k,act,100,50000,22800,0.074,6.691
v1_lerobot_defaults,act_n100_s50k,act,100,50000,22900,0.072,6.413
v1_lerobot_defaults,act_n100_s50k,act,100,50000,23000,0.072,6.559
v1_lerobot_defaults,act_n100_s50k,act,100,50000,23100,0.071,6.013
v1_lerobot_defaults,act_n100_s50k,act,100,50000,23200,0.074,7.181
v1_lerobot_defaults,act_n100_s50k,act,100,50000,23300,0.073,6.505
v1_lerobot_defaults,act_n100_s50k,act,100,50000,23400,0.07,6.328
v1_lerobot_defaults,act_n100_s50k,act,100,50000,23500,0.073,6.833
v1_lerobot_defaults,act_n100_s50k,act,100,50000,23600,0.076,7.553
v1_lerobot_defaults,act_n100_s50k,act,100,50000,23700,0.076,7.391
v1_lerobot_defaults,act_n100_s50k,act,100,50000,23800,0.073,6.257
v1_lerobot_defaults,act_n100_s50k,act,100,50000,23900,0.072,6.643
v1_lerobot_defaults,act_n100_s50k,act,100,50000,24000,0.07,6.425
v1_lerobot_defaults,act_n100_s50k,act,100,50000,24100,0.075,7.166
v1_lerobot_defaults,act_n100_s50k,act,100,50000,24200,0.069,6.504
v1_lerobot_defaults,act_n100_s50k,act,100,50000,24300,0.072,6.505
v1_lerobot_defaults,act_n100_s50k,act,100,50000,24400,0.07,6.251
v1_lerobot_defaults,act_n100_s50k,act,100,50000,24500,0.072,6.61
v1_lerobot_defaults,act_n100_s50k,act,100,50000,24600,0.07,6.218
v1_lerobot_defaults,act_n100_s50k,act,100,50000,24700,0.069,6.273
v1_lerobot_defaults,act_n100_s50k,act,100,50000,24800,0.07,6.243
v1_lerobot_defaults,act_n100_s50k,act,100,50000,24900,0.069,7.337
v1_lerobot_defaults,act_n100_s50k,act,100,50000,25000,0.07,6.812
v1_lerobot_defaults,act_n100_s50k,act,100,50000,25100,0.071,6.719
v1_lerobot_defaults,act_n100_s50k,act,100,50000,25200,0.069,6.853
v1_lerobot_defaults,act_n100_s50k,act,100,50000,25300,0.07,6.381
v1_lerobot_defaults,act_n100_s50k,act,100,50000,25400,0.074,7.353
v1_lerobot_defaults,act_n100_s50k,act,100,50000,25500,0.069,6.373
v1_lerobot_defaults,act_n100_s50k,act,100,50000,25600,0.066,5.561
v1_lerobot_defaults,act_n100_s50k,act,100,50000,25700,0.069,6.353
v1_lerobot_defaults,act_n100_s50k,act,100,50000,25800,0.069,6.693
v1_lerobot_defaults,act_n100_s50k,act,100,50000,25900,0.069,6.659
v1_lerobot_defaults,act_n100_s50k,act,100,50000,26000,0.07,6.472
v1_lerobot_defaults,act_n100_s50k,act,100,50000,26100,0.068,6.068
v1_lerobot_defaults,act_n100_s50k,act,100,50000,26200,0.069,7.088
v1_lerobot_defaults,act_n100_s50k,act,100,50000,26300,0.068,6.125
v1_lerobot_defaults,act_n100_s50k,act,100,50000,26400,0.068,6.435
v1_lerobot_defaults,act_n100_s50k,act,100,50000,26500,0.069,6.637
v1_lerobot_defaults,act_n100_s50k,act,100,50000,26600,0.067,6.643
v1_lerobot_defaults,act_n100_s50k,act,100,50000,26700,0.069,6.302
v1_lerobot_defaults,act_n100_s50k,act,100,50000,26800,0.068,6.958
v1_lerobot_defaults,act_n100_s50k,act,100,50000,26900,0.068,7.277
v1_lerobot_defaults,act_n100_s50k,act,100,50000,27000,0.067,6.219
v1_lerobot_defaults,act_n100_s50k,act,100,50000,27100,0.068,6.598
v1_lerobot_defaults,act_n100_s50k,act,100,50000,27200,0.066,6.129
v1_lerobot_defaults,act_n100_s50k,act,100,50000,27300,0.067,6.262
v1_lerobot_defaults,act_n100_s50k,act,100,50000,27400,0.068,6.63
v1_lerobot_defaults,act_n100_s50k,act,100,50000,27500,0.07,6.74
v1_lerobot_defaults,act_n100_s50k,act,100,50000,27600,0.067,6.615
v1_lerobot_defaults,act_n100_s50k,act,100,50000,27700,0.065,5.349
v1_lerobot_defaults,act_n100_s50k,act,100,50000,27800,0.066,5.927
v1_lerobot_defaults,act_n100_s50k,act,100,50000,27900,0.069,6.099
v1_lerobot_defaults,act_n100_s50k,act,100,50000,28000,0.068,6.739
v1_lerobot_defaults,act_n100_s50k,act,100,50000,28100,0.064,5.892
v1_lerobot_defaults,act_n100_s50k,act,100,50000,28200,0.065,5.871
v1_lerobot_defaults,act_n100_s50k,act,100,50000,28300,0.065,5.859
v1_lerobot_defaults,act_n100_s50k,act,100,50000,28400,0.065,5.84
v1_lerobot_defaults,act_n100_s50k,act,100,50000,28500,0.063,6.582
v1_lerobot_defaults,act_n100_s50k,act,100,50000,28600,0.063,5.795
v1_lerobot_defaults,act_n100_s50k,act,100,50000,28700,0.065,6.546
v1_lerobot_defaults,act_n100_s50k,act,100,50000,28800,0.065,5.967
v1_lerobot_defaults,act_n100_s50k,act,100,50000,28900,0.064,6.489
v1_lerobot_defaults,act_n100_s50k,act,100,50000,29000,0.067,5.874
v1_lerobot_defaults,act_n100_s50k,act,100,50000,29100,0.065,5.983
v1_lerobot_defaults,act_n100_s50k,act,100,50000,29200,0.064,6.297
v1_lerobot_defaults,act_n100_s50k,act,100,50000,29300,0.067,6.909
v1_lerobot_defaults,act_n100_s50k,act,100,50000,29400,0.065,6.111
v1_lerobot_defaults,act_n100_s50k,act,100,50000,29500,0.064,5.855
v1_lerobot_defaults,act_n100_s50k,act,100,50000,29600,0.069,7.102
v1_lerobot_defaults,act_n100_s50k,act,100,50000,29700,0.065,6.336
v1_lerobot_defaults,act_n100_s50k,act,100,50000,29800,0.065,6.002
v1_lerobot_defaults,act_n100_s50k,act,100,50000,29900,0.063,5.937
v1_lerobot_defaults,act_n100_s50k,act,100,50000,30000,0.065,6.123
v1_lerobot_defaults,act_n100_s50k,act,100,50000,30100,0.066,6.478
v1_lerobot_defaults,act_n100_s50k,act,100,50000,30200,0.063,6.005
v1_lerobot_defaults,act_n100_s50k,act,100,50000,30300,0.062,6.389
v1_lerobot_defaults,act_n100_s50k,act,100,50000,30400,0.064,7.078
v1_lerobot_defaults,act_n100_s50k,act,100,50000,30500,0.062,5.771
v1_lerobot_defaults,act_n100_s50k,act,100,50000,30600,0.064,6.802
v1_lerobot_defaults,act_n100_s50k,act,100,50000,30700,0.063,6.026
v1_lerobot_defaults,act_n100_s50k,act,100,50000,30800,0.062,5.948
v1_lerobot_defaults,act_n100_s50k,act,100,50000,30900,0.063,5.82
v1_lerobot_defaults,act_n100_s50k,act,100,50000,31000,0.062,5.554
v1_lerobot_defaults,act_n100_s50k,act,100,50000,31100,0.063,5.976
v1_lerobot_defaults,act_n100_s50k,act,100,50000,31200,0.063,6.17
v1_lerobot_defaults,act_n100_s50k,act,100,50000,31300,0.062,6.073
v1_lerobot_defaults,act_n100_s50k,act,100,50000,31400,0.06,5.433
v1_lerobot_defaults,act_n100_s50k,act,100,50000,31500,0.062,6.676
v1_lerobot_defaults,act_n100_s50k,act,100,50000,31600,0.06,5.295
v1_lerobot_defaults,act_n100_s50k,act,100,50000,31700,0.061,5.729
v1_lerobot_defaults,act_n100_s50k,act,100,50000,31800,0.061,5.239
v1_lerobot_defaults,act_n100_s50k,act,100,50000,31900,0.063,6.209
v1_lerobot_defaults,act_n100_s50k,act,100,50000,32000,0.064,6.605
v1_lerobot_defaults,act_n100_s50k,act,100,50000,32100,0.061,5.396
v1_lerobot_defaults,act_n100_s50k,act,100,50000,32200,0.061,5.894
v1_lerobot_defaults,act_n100_s50k,act,100,50000,32300,0.06,5.77
v1_lerobot_defaults,act_n100_s50k,act,100,50000,32400,0.061,6.635
v1_lerobot_defaults,act_n100_s50k,act,100,50000,32500,0.062,5.767
v1_lerobot_defaults,act_n100_s50k,act,100,50000,32600,0.061,6.219
v1_lerobot_defaults,act_n100_s50k,act,100,50000,32700,0.061,5.814
v1_lerobot_defaults,act_n100_s50k,act,100,50000,32800,0.06,5.596
v1_lerobot_defaults,act_n100_s50k,act,100,50000,32900,0.061,6.116
v1_lerobot_defaults,act_n100_s50k,act,100,50000,33000,0.061,5.781
v1_lerobot_defaults,act_n100_s50k,act,100,50000,33100,0.061,6.3
v1_lerobot_defaults,act_n100_s50k,act,100,50000,33200,0.06,5.586
v1_lerobot_defaults,act_n100_s50k,act,100,50000,33300,0.06,5.695
v1_lerobot_defaults,act_n100_s50k,act,100,50000,33400,0.059,6.307
v1_lerobot_defaults,act_n100_s50k,act,100,50000,33500,0.062,6.719
v1_lerobot_defaults,act_n100_s50k,act,100,50000,33600,0.061,6.095
v1_lerobot_defaults,act_n100_s50k,act,100,50000,33700,0.058,5.574
v1_lerobot_defaults,act_n100_s50k,act,100,50000,33800,0.057,5.029
v1_lerobot_defaults,act_n100_s50k,act,100,50000,33900,0.058,5.784
v1_lerobot_defaults,act_n100_s50k,act,100,50000,34000,0.06,6.562
v1_lerobot_defaults,act_n100_s50k,act,100,50000,34100,0.059,5.765
v1_lerobot_defaults,act_n100_s50k,act,100,50000,34200,0.059,6.004
v1_lerobot_defaults,act_n100_s50k,act,100,50000,34300,0.06,6.112
v1_lerobot_defaults,act_n100_s50k,act,100,50000,34400,0.059,6.014
v1_lerobot_defaults,act_n100_s50k,act,100,50000,34500,0.059,5.43
v1_lerobot_defaults,act_n100_s50k,act,100,50000,34600,0.058,5.651
v1_lerobot_defaults,act_n100_s50k,act,100,50000,34700,0.057,6.304
v1_lerobot_defaults,act_n100_s50k,act,100,50000,34800,0.056,5.458
v1_lerobot_defaults,act_n100_s50k,act,100,50000,34900,0.061,6.013
v1_lerobot_defaults,act_n100_s50k,act,100,50000,35000,0.059,5.779
v1_lerobot_defaults,act_n100_s50k,act,100,50000,35100,0.06,6.047
v1_lerobot_defaults,act_n100_s50k,act,100,50000,35200,0.059,5.878
v1_lerobot_defaults,act_n100_s50k,act,100,50000,35300,0.059,5.575
v1_lerobot_defaults,act_n100_s50k,act,100,50000,35400,0.059,6.222
v1_lerobot_defaults,act_n100_s50k,act,100,50000,35500,0.057,5.314
v1_lerobot_defaults,act_n100_s50k,act,100,50000,35600,0.059,6.215
v1_lerobot_defaults,act_n100_s50k,act,100,50000,35700,0.055,5.01
v1_lerobot_defaults,act_n100_s50k,act,100,50000,35800,0.06,5.87
v1_lerobot_defaults,act_n100_s50k,act,100,50000,35900,0.059,5.965
v1_lerobot_defaults,act_n100_s50k,act,100,50000,36000,0.058,6.115
v1_lerobot_defaults,act_n100_s50k,act,100,50000,36100,0.058,5.478
v1_lerobot_defaults,act_n100_s50k,act,100,50000,36200,0.058,5.821
v1_lerobot_defaults,act_n100_s50k,act,100,50000,36300,0.06,6.019
v1_lerobot_defaults,act_n100_s50k,act,100,50000,36400,0.061,6.585
v1_lerobot_defaults,act_n100_s50k,act,100,50000,36500,0.058,5.513
v1_lerobot_defaults,act_n100_s50k,act,100,50000,36600,0.055,5.257
v1_lerobot_defaults,act_n100_s50k,act,100,50000,36700,0.057,5.657
v1_lerobot_defaults,act_n100_s50k,act,100,50000,36800,0.058,5.397
v1_lerobot_defaults,act_n100_s50k,act,100,50000,36900,0.056,5.38
v1_lerobot_defaults,act_n100_s50k,act,100,50000,37000,0.057,5.634
v1_lerobot_defaults,act_n100_s50k,act,100,50000,37100,0.057,5.986
v1_lerobot_defaults,act_n100_s50k,act,100,50000,37200,0.057,6.118
v1_lerobot_defaults,act_n100_s50k,act,100,50000,37300,0.057,6.095
v1_lerobot_defaults,act_n100_s50k,act,100,50000,37400,0.057,5.735
v1_lerobot_defaults,act_n100_s50k,act,100,50000,37500,0.057,5.975
v1_lerobot_defaults,act_n100_s50k,act,100,50000,37600,0.058,5.399
v1_lerobot_defaults,act_n100_s50k,act,100,50000,37700,0.055,5.346
v1_lerobot_defaults,act_n100_s50k,act,100,50000,37800,0.058,5.816
v1_lerobot_defaults,act_n100_s50k,act,100,50000,37900,0.055,5.122
v1_lerobot_defaults,act_n100_s50k,act,100,50000,38000,0.055,5.807
v1_lerobot_defaults,act_n100_s50k,act,100,50000,38100,0.055,5.391
v1_lerobot_defaults,act_n100_s50k,act,100,50000,38200,0.056,5.588
v1_lerobot_defaults,act_n100_s50k,act,100,50000,38300,0.055,5.348
v1_lerobot_defaults,act_n100_s50k,act,100,50000,38400,0.058,6.176
v1_lerobot_defaults,act_n100_s50k,act,100,50000,38500,0.056,5.21
v1_lerobot_defaults,act_n100_s50k,act,100,50000,38600,0.054,5.129
v1_lerobot_defaults,act_n100_s50k,act,100,50000,38700,0.056,5.428
v1_lerobot_defaults,act_n100_s50k,act,100,50000,38800,0.057,5.668
v1_lerobot_defaults,act_n100_s50k,act,100,50000,38900,0.056,5.849
v1_lerobot_defaults,act_n100_s50k,act,100,50000,39000,0.054,5.067
v1_lerobot_defaults,act_n100_s50k,act,100,50000,39100,0.055,5.948
v1_lerobot_defaults,act_n100_s50k,act,100,50000,39200,0.055,5.347
v1_lerobot_defaults,act_n100_s50k,act,100,50000,39300,0.055,5.189
v1_lerobot_defaults,act_n100_s50k,act,100,50000,39400,0.055,5.499
v1_lerobot_defaults,act_n100_s50k,act,100,50000,39500,0.055,6.166
v1_lerobot_defaults,act_n100_s50k,act,100,50000,39600,0.054,5.201
v1_lerobot_defaults,act_n100_s50k,act,100,50000,39700,0.057,6.072
v1_lerobot_defaults,act_n100_s50k,act,100,50000,39800,0.057,5.844
v1_lerobot_defaults,act_n100_s50k,act,100,50000,39900,0.055,5.494
v1_lerobot_defaults,act_n100_s50k,act,100,50000,40000,0.055,5.507
v1_lerobot_defaults,act_n100_s50k,act,100,50000,40100,0.054,5.873
v1_lerobot_defaults,act_n100_s50k,act,100,50000,40200,0.054,5.358
v1_lerobot_defaults,act_n100_s50k,act,100,50000,40300,0.056,5.746
v1_lerobot_defaults,act_n100_s50k,act,100,50000,40400,0.054,5.379
v1_lerobot_defaults,act_n100_s50k,act,100,50000,40500,0.055,5.491
v1_lerobot_defaults,act_n100_s50k,act,100,50000,40600,0.056,5.72
v1_lerobot_defaults,act_n100_s50k,act,100,50000,40700,0.056,5.811
v1_lerobot_defaults,act_n100_s50k,act,100,50000,40800,0.054,5.137
v1_lerobot_defaults,act_n100_s50k,act,100,50000,40900,0.053,5.23
v1_lerobot_defaults,act_n100_s50k,act,100,50000,41000,0.054,5.15
v1_lerobot_defaults,act_n100_s50k,act,100,50000,41100,0.053,5.647
v1_lerobot_defaults,act_n100_s50k,act,100,50000,41200,0.054,5.808
v1_lerobot_defaults,act_n100_s50k,act,100,50000,41300,0.052,4.778
v1_lerobot_defaults,act_n100_s50k,act,100,50000,41400,0.053,5.399
v1_lerobot_defaults,act_n100_s50k,act,100,50000,41500,0.053,5.67
v1_lerobot_defaults,act_n100_s50k,act,100,50000,41600,0.055,5.937
v1_lerobot_defaults,act_n100_s50k,act,100,50000,41700,0.053,5.275
v1_lerobot_defaults,act_n100_s50k,act,100,50000,41800,0.052,5.897
v1_lerobot_defaults,act_n100_s50k,act,100,50000,41900,0.052,5.009
v1_lerobot_defaults,act_n100_s50k,act,100,50000,42000,0.054,5.342
v1_lerobot_defaults,act_n100_s50k,act,100,50000,42100,0.054,5.541
v1_lerobot_defaults,act_n100_s50k,act,100,50000,42200,0.055,5.416
v1_lerobot_defaults,act_n100_s50k,act,100,50000,42300,0.052,5.258
v1_lerobot_defaults,act_n100_s50k,act,100,50000,42400,0.054,5.092
v1_lerobot_defaults,act_n100_s50k,act,100,50000,42500,0.053,5.371
v1_lerobot_defaults,act_n100_s50k,act,100,50000,42600,0.052,4.965
v1_lerobot_defaults,act_n100_s50k,act,100,50000,42700,0.052,5.492
v1_lerobot_defaults,act_n100_s50k,act,100,50000,42800,0.053,6.132
v1_lerobot_defaults,act_n100_s50k,act,100,50000,42900,0.052,5.277
v1_lerobot_defaults,act_n100_s50k,act,100,50000,43000,0.054,5.429
v1_lerobot_defaults,act_n100_s50k,act,100,50000,43100,0.054,5.541
v1_lerobot_defaults,act_n100_s50k,act,100,50000,43200,0.052,5.758
v1_lerobot_defaults,act_n100_s50k,act,100,50000,43300,0.052,5.114
v1_lerobot_defaults,act_n100_s50k,act,100,50000,43400,0.055,6.005
v1_lerobot_defaults,act_n100_s50k,act,100,50000,43500,0.053,5.787
v1_lerobot_defaults,act_n100_s50k,act,100,50000,43600,0.052,5.439
v1_lerobot_defaults,act_n100_s50k,act,100,50000,43700,0.054,6.002
v1_lerobot_defaults,act_n100_s50k,act,100,50000,43800,0.052,5.585
v1_lerobot_defaults,act_n100_s50k,act,100,50000,43900,0.053,5.137
v1_lerobot_defaults,act_n100_s50k,act,100,50000,44000,0.051,5.107
v1_lerobot_defaults,act_n100_s50k,act,100,50000,44100,0.054,5.886
v1_lerobot_defaults,act_n100_s50k,act,100,50000,44200,0.052,5.252
v1_lerobot_defaults,act_n100_s50k,act,100,50000,44300,0.052,5.126
v1_lerobot_defaults,act_n100_s50k,act,100,50000,44400,0.053,5.32
v1_lerobot_defaults,act_n100_s50k,act,100,50000,44500,0.052,5.437
v1_lerobot_defaults,act_n100_s50k,act,100,50000,44600,0.051,5.34
v1_lerobot_defaults,act_n100_s50k,act,100,50000,44700,0.05,4.953
v1_lerobot_defaults,act_n100_s50k,act,100,50000,44800,0.052,5.189
v1_lerobot_defaults,act_n100_s50k,act,100,50000,44900,0.051,5.035
v1_lerobot_defaults,act_n100_s50k,act,100,50000,45000,0.051,5.218
v1_lerobot_defaults,act_n100_s50k,act,100,50000,45100,0.05,5.017
v1_lerobot_defaults,act_n100_s50k,act,100,50000,45200,0.051,5.679
v1_lerobot_defaults,act_n100_s50k,act,100,50000,45300,0.055,6.311
v1_lerobot_defaults,act_n100_s50k,act,100,50000,45400,0.052,5.043
v1_lerobot_defaults,act_n100_s50k,act,100,50000,45500,0.052,5.213
v1_lerobot_defaults,act_n100_s50k,act,100,50000,45600,0.051,5.326
v1_lerobot_defaults,act_n100_s50k,act,100,50000,45700,0.05,5.194
v1_lerobot_defaults,act_n100_s50k,act,100,50000,45800,0.051,4.941
v1_lerobot_defaults,act_n100_s50k,act,100,50000,45900,0.05,5.136
v1_lerobot_defaults,act_n100_s50k,act,100,50000,46000,0.052,5.694
v1_lerobot_defaults,act_n100_s50k,act,100,50000,46100,0.053,6.257
v1_lerobot_defaults,act_n100_s50k,act,100,50000,46200,0.05,4.881
v1_lerobot_defaults,act_n100_s50k,act,100,50000,46300,0.052,5.434
v1_lerobot_defaults,act_n100_s50k,act,100,50000,46400,0.052,5.051
v1_lerobot_defaults,act_n100_s50k,act,100,50000,46500,0.05,4.883
v1_lerobot_defaults,act_n100_s50k,act,100,50000,46600,0.051,5.389
v1_lerobot_defaults,act_n100_s50k,act,100,50000,46700,0.051,5.149
v1_lerobot_defaults,act_n100_s50k,act,100,50000,46800,0.052,5.13
v1_lerobot_defaults,act_n100_s50k,act,100,50000,46900,0.052,5.756
v1_lerobot_defaults,act_n100_s50k,act,100,50000,47000,0.05,4.982
v1_lerobot_defaults,act_n100_s50k,act,100,50000,47100,0.048,4.882
v1_lerobot_defaults,act_n100_s50k,act,100,50000,47200,0.049,5.004
v1_lerobot_defaults,act_n100_s50k,act,100,50000,47300,0.052,5.679
v1_lerobot_defaults,act_n100_s50k,act,100,50000,47400,0.05,5.003
v1_lerobot_defaults,act_n100_s50k,act,100,50000,47500,0.05,4.706
v1_lerobot_defaults,act_n100_s50k,act,100,50000,47600,0.052,5.903
v1_lerobot_defaults,act_n100_s50k,act,100,50000,47700,0.05,5.527
v1_lerobot_defaults,act_n100_s50k,act,100,50000,47800,0.05,5.304
v1_lerobot_defaults,act_n100_s50k,act,100,50000,47900,0.051,5.526
v1_lerobot_defaults,act_n100_s50k,act,100,50000,48000,0.051,5.521
v1_lerobot_defaults,act_n100_s50k,act,100,50000,48100,0.05,5.262
v1_lerobot_defaults,act_n100_s50k,act,100,50000,48200,0.049,5.032
v1_lerobot_defaults,act_n100_s50k,act,100,50000,48300,0.049,5.03
v1_lerobot_defaults,act_n100_s50k,act,100,50000,48400,0.049,5.121
v1_lerobot_defaults,act_n100_s50k,act,100,50000,48500,0.049,4.763
v1_lerobot_defaults,act_n100_s50k,act,100,50000,48600,0.049,4.976
v1_lerobot_defaults,act_n100_s50k,act,100,50000,48700,0.049,5.072
v1_lerobot_defaults,act_n100_s50k,act,100,50000,48800,0.05,4.93
v1_lerobot_defaults,act_n100_s50k,act,100,50000,48900,0.048,5.06
v1_lerobot_defaults,act_n100_s50k,act,100,50000,49000,0.05,5.033
v1_lerobot_defaults,act_n100_s50k,act,100,50000,49100,0.049,5.168
v1_lerobot_defaults,act_n100_s50k,act,100,50000,49200,0.048,4.639
v1_lerobot_defaults,act_n100_s50k,act,100,50000,49300,0.049,4.856
v1_lerobot_defaults,act_n100_s50k,act,100,50000,49400,0.049,5.045
v1_lerobot_defaults,act_n100_s50k,act,100,50000,49500,0.051,5.62
v1_lerobot_defaults,act_n100_s50k,act,100,50000,49600,0.047,4.669
v1_lerobot_defaults,act_n100_s50k,act,100,50000,49700,0.049,4.847
v1_lerobot_defaults,act_n100_s50k,act,100,50000,49800,0.049,4.907
v1_lerobot_defaults,act_n100_s50k,act,100,50000,49900,0.048,5.086
v1_lerobot_defaults,act_n100_s50k,act,100,50000,50000,0.048,5.34
v1_lerobot_defaults,act_n10_s50k,act,10,50000,100,8.535,139.725
v1_lerobot_defaults,act_n10_s50k,act,10,50000,200,2.992,56.013
v1_lerobot_defaults,act_n10_s50k,act,10,50000,300,2.498,48.205
v1_lerobot_defaults,act_n10_s50k,act,10,50000,400,2.205,45.74
v1_lerobot_defaults,act_n10_s50k,act,10,50000,500,1.934,50.436
v1_lerobot_defaults,act_n10_s50k,act,10,50000,600,1.725,43.45
v1_lerobot_defaults,act_n10_s50k,act,10,50000,700,1.556,41.219
v1_lerobot_defaults,act_n10_s50k,act,10,50000,800,1.42,38.859
v1_lerobot_defaults,act_n10_s50k,act,10,50000,900,1.292,37.184
v1_lerobot_defaults,act_n10_s50k,act,10,50000,1000,1.169,33.257
v1_lerobot_defaults,act_n10_s50k,act,10,50000,1100,1.067,32.575
v1_lerobot_defaults,act_n10_s50k,act,10,50000,1200,0.974,31.471
v1_lerobot_defaults,act_n10_s50k,act,10,50000,1300,0.887,30.589
v1_lerobot_defaults,act_n10_s50k,act,10,50000,1400,0.808,30.089
v1_lerobot_defaults,act_n10_s50k,act,10,50000,1500,0.738,27.594
v1_lerobot_defaults,act_n10_s50k,act,10,50000,1600,0.671,27.786
v1_lerobot_defaults,act_n10_s50k,act,10,50000,1700,0.615,26.3
v1_lerobot_defaults,act_n10_s50k,act,10,50000,1800,0.561,25.107
v1_lerobot_defaults,act_n10_s50k,act,10,50000,1900,0.515,24.83
v1_lerobot_defaults,act_n10_s50k,act,10,50000,2000,0.47,23.471
v1_lerobot_defaults,act_n10_s50k,act,10,50000,2100,0.426,21.847
v1_lerobot_defaults,act_n10_s50k,act,10,50000,2200,0.394,21.203
v1_lerobot_defaults,act_n10_s50k,act,10,50000,2300,0.366,21.079
v1_lerobot_defaults,act_n10_s50k,act,10,50000,2400,0.338,20.37
v1_lerobot_defaults,act_n10_s50k,act,10,50000,2500,0.313,19.969
v1_lerobot_defaults,act_n10_s50k,act,10,50000,2600,0.294,18.519
v1_lerobot_defaults,act_n10_s50k,act,10,50000,2700,0.276,18.172
v1_lerobot_defaults,act_n10_s50k,act,10,50000,2800,0.261,17.305
v1_lerobot_defaults,act_n10_s50k,act,10,50000,2900,0.247,17.947
v1_lerobot_defaults,act_n10_s50k,act,10,50000,3000,0.241,18.199
v1_lerobot_defaults,act_n10_s50k,act,10,50000,3100,0.223,16.173
v1_lerobot_defaults,act_n10_s50k,act,10,50000,3200,0.213,16.168
v1_lerobot_defaults,act_n10_s50k,act,10,50000,3300,0.21,17.424
v1_lerobot_defaults,act_n10_s50k,act,10,50000,3400,0.199,15.907
v1_lerobot_defaults,act_n10_s50k,act,10,50000,3500,0.19,15.706
v1_lerobot_defaults,act_n10_s50k,act,10,50000,3600,0.185,15.257
v1_lerobot_defaults,act_n10_s50k,act,10,50000,3700,0.177,14.575
v1_lerobot_defaults,act_n10_s50k,act,10,50000,3800,0.173,14.425
v1_lerobot_defaults,act_n10_s50k,act,10,50000,3900,0.168,15.251
v1_lerobot_defaults,act_n10_s50k,act,10,50000,4000,0.161,13.916
v1_lerobot_defaults,act_n10_s50k,act,10,50000,4100,0.159,15.325
v1_lerobot_defaults,act_n10_s50k,act,10,50000,4200,0.152,13.567
v1_lerobot_defaults,act_n10_s50k,act,10,50000,4300,0.151,13.604
v1_lerobot_defaults,act_n10_s50k,act,10,50000,4400,0.147,13.09
v1_lerobot_defaults,act_n10_s50k,act,10,50000,4500,0.143,12.852
v1_lerobot_defaults,act_n10_s50k,act,10,50000,4600,0.137,12.655
v1_lerobot_defaults,act_n10_s50k,act,10,50000,4700,0.135,13.264
v1_lerobot_defaults,act_n10_s50k,act,10,50000,4800,0.134,13.008
v1_lerobot_defaults,act_n10_s50k,act,10,50000,4900,0.131,13.38
v1_lerobot_defaults,act_n10_s50k,act,10,50000,5000,0.13,12.926
v1_lerobot_defaults,act_n10_s50k,act,10,50000,5100,0.128,12.321
v1_lerobot_defaults,act_n10_s50k,act,10,50000,5200,0.124,12.477
v1_lerobot_defaults,act_n10_s50k,act,10,50000,5300,0.121,11.659
v1_lerobot_defaults,act_n10_s50k,act,10,50000,5400,0.119,12.344
v1_lerobot_defaults,act_n10_s50k,act,10,50000,5500,0.117,11.684
v1_lerobot_defaults,act_n10_s50k,act,10,50000,5600,0.116,11.572
v1_lerobot_defaults,act_n10_s50k,act,10,50000,5700,0.113,11.126
v1_lerobot_defaults,act_n10_s50k,act,10,50000,5800,0.113,11.159
v1_lerobot_defaults,act_n10_s50k,act,10,50000,5900,0.11,10.545
v1_lerobot_defaults,act_n10_s50k,act,10,50000,6000,0.107,10.783
v1_lerobot_defaults,act_n10_s50k,act,10,50000,6100,0.107,10.772
v1_lerobot_defaults,act_n10_s50k,act,10,50000,6200,0.107,11.661
v1_lerobot_defaults,act_n10_s50k,act,10,50000,6300,0.105,11.357
v1_lerobot_defaults,act_n10_s50k,act,10,50000,6400,0.103,10.617
v1_lerobot_defaults,act_n10_s50k,act,10,50000,6500,0.1,10.352
v1_lerobot_defaults,act_n10_s50k,act,10,50000,6600,0.098,10.604
v1_lerobot_defaults,act_n10_s50k,act,10,50000,6700,0.098,11.189
v1_lerobot_defaults,act_n10_s50k,act,10,50000,6800,0.098,10.898
v1_lerobot_defaults,act_n10_s50k,act,10,50000,6900,0.096,9.74
v1_lerobot_defaults,act_n10_s50k,act,10,50000,7000,0.095,9.774
v1_lerobot_defaults,act_n10_s50k,act,10,50000,7100,0.093,10.044
v1_lerobot_defaults,act_n10_s50k,act,10,50000,7200,0.092,9.375
v1_lerobot_defaults,act_n10_s50k,act,10,50000,7300,0.092,9.769
v1_lerobot_defaults,act_n10_s50k,act,10,50000,7400,0.09,9.888
v1_lerobot_defaults,act_n10_s50k,act,10,50000,7500,0.089,8.827
v1_lerobot_defaults,act_n10_s50k,act,10,50000,7600,0.088,9.219
v1_lerobot_defaults,act_n10_s50k,act,10,50000,7700,0.087,9.645
v1_lerobot_defaults,act_n10_s50k,act,10,50000,7800,0.089,9.677
v1_lerobot_defaults,act_n10_s50k,act,10,50000,7900,0.085,9.055
v1_lerobot_defaults,act_n10_s50k,act,10,50000,8000,0.086,9.791
v1_lerobot_defaults,act_n10_s50k,act,10,50000,8100,0.084,9.367
v1_lerobot_defaults,act_n10_s50k,act,10,50000,8200,0.083,9.265
v1_lerobot_defaults,act_n10_s50k,act,10,50000,8300,0.085,9.384
v1_lerobot_defaults,act_n10_s50k,act,10,50000,8400,0.08,8.309
v1_lerobot_defaults,act_n10_s50k,act,10,50000,8500,0.08,7.958
v1_lerobot_defaults,act_n10_s50k,act,10,50000,8600,0.08,8.994
v1_lerobot_defaults,act_n10_s50k,act,10,50000,8700,0.079,8.725
v1_lerobot_defaults,act_n10_s50k,act,10,50000,8800,0.077,8.28
v1_lerobot_defaults,act_n10_s50k,act,10,50000,8900,0.079,8.998
v1_lerobot_defaults,act_n10_s50k,act,10,50000,9000,0.079,8.697
v1_lerobot_defaults,act_n10_s50k,act,10,50000,9100,0.076,8.107
v1_lerobot_defaults,act_n10_s50k,act,10,50000,9200,0.076,8.509
v1_lerobot_defaults,act_n10_s50k,act,10,50000,9300,0.075,8.68
v1_lerobot_defaults,act_n10_s50k,act,10,50000,9400,0.075,8.997
v1_lerobot_defaults,act_n10_s50k,act,10,50000,9500,0.075,8.401
v1_lerobot_defaults,act_n10_s50k,act,10,50000,9600,0.074,8.639
v1_lerobot_defaults,act_n10_s50k,act,10,50000,9700,0.073,8.617
v1_lerobot_defaults,act_n10_s50k,act,10,50000,9800,0.071,7.249
v1_lerobot_defaults,act_n10_s50k,act,10,50000,9900,0.072,8.463
v1_lerobot_defaults,act_n10_s50k,act,10,50000,10000,0.072,8.16
v1_lerobot_defaults,act_n10_s50k,act,10,50000,10100,0.072,8.285
v1_lerobot_defaults,act_n10_s50k,act,10,50000,10200,0.07,7.774
v1_lerobot_defaults,act_n10_s50k,act,10,50000,10300,0.07,8.29
v1_lerobot_defaults,act_n10_s50k,act,10,50000,10400,0.069,7.604
v1_lerobot_defaults,act_n10_s50k,act,10,50000,10500,0.07,8.138
v1_lerobot_defaults,act_n10_s50k,act,10,50000,10600,0.067,7.249
v1_lerobot_defaults,act_n10_s50k,act,10,50000,10700,0.068,7.765
v1_lerobot_defaults,act_n10_s50k,act,10,50000,10800,0.069,9.022
v1_lerobot_defaults,act_n10_s50k,act,10,50000,10900,0.066,7.066
v1_lerobot_defaults,act_n10_s50k,act,10,50000,11000,0.067,7.86
v1_lerobot_defaults,act_n10_s50k,act,10,50000,11100,0.066,7.43
v1_lerobot_defaults,act_n10_s50k,act,10,50000,11200,0.066,7.421
v1_lerobot_defaults,act_n10_s50k,act,10,50000,11300,0.065,7.278
v1_lerobot_defaults,act_n10_s50k,act,10,50000,11400,0.064,7.542
v1_lerobot_defaults,act_n10_s50k,act,10,50000,11500,0.066,8.036
v1_lerobot_defaults,act_n10_s50k,act,10,50000,11600,0.065,7.155
v1_lerobot_defaults,act_n10_s50k,act,10,50000,11700,0.062,7.008
v1_lerobot_defaults,act_n10_s50k,act,10,50000,11800,0.064,7.702
v1_lerobot_defaults,act_n10_s50k,act,10,50000,11900,0.062,7.079
v1_lerobot_defaults,act_n10_s50k,act,10,50000,12000,0.062,7.318
v1_lerobot_defaults,act_n10_s50k,act,10,50000,12100,0.062,7.231
v1_lerobot_defaults,act_n10_s50k,act,10,50000,12200,0.063,7.653
v1_lerobot_defaults,act_n10_s50k,act,10,50000,12300,0.062,7.477
v1_lerobot_defaults,act_n10_s50k,act,10,50000,12400,0.06,7.193
v1_lerobot_defaults,act_n10_s50k,act,10,50000,12500,0.061,6.68
v1_lerobot_defaults,act_n10_s50k,act,10,50000,12600,0.06,6.751
v1_lerobot_defaults,act_n10_s50k,act,10,50000,12700,0.059,6.603
v1_lerobot_defaults,act_n10_s50k,act,10,50000,12800,0.061,7.567
v1_lerobot_defaults,act_n10_s50k,act,10,50000,12900,0.058,6.619
v1_lerobot_defaults,act_n10_s50k,act,10,50000,13000,0.059,7.284
v1_lerobot_defaults,act_n10_s50k,act,10,50000,13100,0.059,7.115
v1_lerobot_defaults,act_n10_s50k,act,10,50000,13200,0.058,6.984
v1_lerobot_defaults,act_n10_s50k,act,10,50000,13300,0.057,6.052
v1_lerobot_defaults,act_n10_s50k,act,10,50000,13400,0.057,6.71
v1_lerobot_defaults,act_n10_s50k,act,10,50000,13500,0.057,6.897
v1_lerobot_defaults,act_n10_s50k,act,10,50000,13600,0.059,7.524
v1_lerobot_defaults,act_n10_s50k,act,10,50000,13700,0.058,7.095
v1_lerobot_defaults,act_n10_s50k,act,10,50000,13800,0.056,6.875
v1_lerobot_defaults,act_n10_s50k,act,10,50000,13900,0.055,6.433
v1_lerobot_defaults,act_n10_s50k,act,10,50000,14000,0.056,7.194
v1_lerobot_defaults,act_n10_s50k,act,10,50000,14100,0.057,6.801
v1_lerobot_defaults,act_n10_s50k,act,10,50000,14200,0.055,6.652
v1_lerobot_defaults,act_n10_s50k,act,10,50000,14300,0.054,6.236
v1_lerobot_defaults,act_n10_s50k,act,10,50000,14400,0.055,6.366
v1_lerobot_defaults,act_n10_s50k,act,10,50000,14500,0.054,6.836
v1_lerobot_defaults,act_n10_s50k,act,10,50000,14600,0.054,6.182
v1_lerobot_defaults,act_n10_s50k,act,10,50000,14700,0.054,6.282
v1_lerobot_defaults,act_n10_s50k,act,10,50000,14800,0.054,6.656
v1_lerobot_defaults,act_n10_s50k,act,10,50000,14900,0.054,6.393
v1_lerobot_defaults,act_n10_s50k,act,10,50000,15000,0.054,6.441
v1_lerobot_defaults,act_n10_s50k,act,10,50000,15100,0.052,6.609
v1_lerobot_defaults,act_n10_s50k,act,10,50000,15200,0.052,6.235
v1_lerobot_defaults,act_n10_s50k,act,10,50000,15300,0.052,6.291
v1_lerobot_defaults,act_n10_s50k,act,10,50000,15400,0.052,6.096
v1_lerobot_defaults,act_n10_s50k,act,10,50000,15500,0.053,6.742
v1_lerobot_defaults,act_n10_s50k,act,10,50000,15600,0.05,5.528
v1_lerobot_defaults,act_n10_s50k,act,10,50000,15700,0.051,6.348
v1_lerobot_defaults,act_n10_s50k,act,10,50000,15800,0.05,5.556
v1_lerobot_defaults,act_n10_s50k,act,10,50000,15900,0.051,6.319
v1_lerobot_defaults,act_n10_s50k,act,10,50000,16000,0.052,6.255
v1_lerobot_defaults,act_n10_s50k,act,10,50000,16100,0.05,5.967
v1_lerobot_defaults,act_n10_s50k,act,10,50000,16200,0.051,6.512
v1_lerobot_defaults,act_n10_s50k,act,10,50000,16300,0.05,6.047
v1_lerobot_defaults,act_n10_s50k,act,10,50000,16400,0.049,6.306
v1_lerobot_defaults,act_n10_s50k,act,10,50000,16500,0.05,6.415
v1_lerobot_defaults,act_n10_s50k,act,10,50000,16600,0.05,6.633
v1_lerobot_defaults,act_n10_s50k,act,10,50000,16700,0.049,5.814
v1_lerobot_defaults,act_n10_s50k,act,10,50000,16800,0.048,5.644
v1_lerobot_defaults,act_n10_s50k,act,10,50000,16900,0.048,5.702
v1_lerobot_defaults,act_n10_s50k,act,10,50000,17000,0.048,5.886
v1_lerobot_defaults,act_n10_s50k,act,10,50000,17100,0.05,6.782
v1_lerobot_defaults,act_n10_s50k,act,10,50000,17200,0.05,6.446
v1_lerobot_defaults,act_n10_s50k,act,10,50000,17300,0.049,6.544
v1_lerobot_defaults,act_n10_s50k,act,10,50000,17400,0.048,6.197
v1_lerobot_defaults,act_n10_s50k,act,10,50000,17500,0.048,6.386
v1_lerobot_defaults,act_n10_s50k,act,10,50000,17600,0.049,6.417
v1_lerobot_defaults,act_n10_s50k,act,10,50000,17700,0.048,6.375
v1_lerobot_defaults,act_n10_s50k,act,10,50000,17800,0.047,5.611
v1_lerobot_defaults,act_n10_s50k,act,10,50000,17900,0.046,5.685
v1_lerobot_defaults,act_n10_s50k,act,10,50000,18000,0.048,5.986
v1_lerobot_defaults,act_n10_s50k,act,10,50000,18100,0.045,5.402
v1_lerobot_defaults,act_n10_s50k,act,10,50000,18200,0.048,6.553
v1_lerobot_defaults,act_n10_s50k,act,10,50000,18300,0.047,6.143
v1_lerobot_defaults,act_n10_s50k,act,10,50000,18400,0.046,5.479
v1_lerobot_defaults,act_n10_s50k,act,10,50000,18500,0.047,5.939
v1_lerobot_defaults,act_n10_s50k,act,10,50000,18600,0.047,6.51
v1_lerobot_defaults,act_n10_s50k,act,10,50000,18700,0.045,5.395
v1_lerobot_defaults,act_n10_s50k,act,10,50000,18800,0.045,5.704
v1_lerobot_defaults,act_n10_s50k,act,10,50000,18900,0.046,5.921
v1_lerobot_defaults,act_n10_s50k,act,10,50000,19000,0.045,5.705
v1_lerobot_defaults,act_n10_s50k,act,10,50000,19100,0.045,5.942
v1_lerobot_defaults,act_n10_s50k,act,10,50000,19200,0.046,6.116
v1_lerobot_defaults,act_n10_s50k,act,10,50000,19300,0.046,5.867
v1_lerobot_defaults,act_n10_s50k,act,10,50000,19400,0.045,5.924
v1_lerobot_defaults,act_n10_s50k,act,10,50000,19500,0.044,5.274
v1_lerobot_defaults,act_n10_s50k,act,10,50000,19600,0.044,5.276
v1_lerobot_defaults,act_n10_s50k,act,10,50000,19700,0.043,5.513
v1_lerobot_defaults,act_n10_s50k,act,10,50000,19800,0.043,5.337
v1_lerobot_defaults,act_n10_s50k,act,10,50000,19900,0.044,5.602
v1_lerobot_defaults,act_n10_s50k,act,10,50000,20000,0.044,5.313
v1_lerobot_defaults,act_n10_s50k,act,10,50000,20100,0.044,5.752
v1_lerobot_defaults,act_n10_s50k,act,10,50000,20200,0.044,6.018
v1_lerobot_defaults,act_n10_s50k,act,10,50000,20300,0.043,5.489
v1_lerobot_defaults,act_n10_s50k,act,10,50000,20400,0.042,5.221
v1_lerobot_defaults,act_n10_s50k,act,10,50000,20500,0.043,5.398
v1_lerobot_defaults,act_n10_s50k,act,10,50000,20600,0.042,5.114
v1_lerobot_defaults,act_n10_s50k,act,10,50000,20700,0.042,5.501
v1_lerobot_defaults,act_n10_s50k,act,10,50000,20800,0.042,5.368
v1_lerobot_defaults,act_n10_s50k,act,10,50000,20900,0.044,5.943
v1_lerobot_defaults,act_n10_s50k,act,10,50000,21000,0.042,5.38
v1_lerobot_defaults,act_n10_s50k,act,10,50000,21100,0.042,5.58
v1_lerobot_defaults,act_n10_s50k,act,10,50000,21200,0.042,5.065
v1_lerobot_defaults,act_n10_s50k,act,10,50000,21300,0.042,5.272
v1_lerobot_defaults,act_n10_s50k,act,10,50000,21400,0.041,5.315
v1_lerobot_defaults,act_n10_s50k,act,10,50000,21500,0.042,5.541
v1_lerobot_defaults,act_n10_s50k,act,10,50000,21600,0.042,5.162
v1_lerobot_defaults,act_n10_s50k,act,10,50000,21700,0.04,5.024
v1_lerobot_defaults,act_n10_s50k,act,10,50000,21800,0.041,5.114
v1_lerobot_defaults,act_n10_s50k,act,10,50000,21900,0.041,5.347
v1_lerobot_defaults,act_n10_s50k,act,10,50000,22000,0.042,6.111
v1_lerobot_defaults,act_n10_s50k,act,10,50000,22100,0.04,4.776
v1_lerobot_defaults,act_n10_s50k,act,10,50000,22200,0.04,5.269
v1_lerobot_defaults,act_n10_s50k,act,10,50000,22300,0.04,5.099
v1_lerobot_defaults,act_n10_s50k,act,10,50000,22400,0.041,5.115
v1_lerobot_defaults,act_n10_s50k,act,10,50000,22500,0.041,5.407
v1_lerobot_defaults,act_n10_s50k,act,10,50000,22600,0.04,4.816
v1_lerobot_defaults,act_n10_s50k,act,10,50000,22700,0.041,5.773
v1_lerobot_defaults,act_n10_s50k,act,10,50000,22800,0.04,4.882
v1_lerobot_defaults,act_n10_s50k,act,10,50000,22900,0.039,5.147
v1_lerobot_defaults,act_n10_s50k,act,10,50000,23000,0.039,5.173
v1_lerobot_defaults,act_n10_s50k,act,10,50000,23100,0.04,4.931
v1_lerobot_defaults,act_n10_s50k,act,10,50000,23200,0.04,5.566
v1_lerobot_defaults,act_n10_s50k,act,10,50000,23300,0.04,5.402
v1_lerobot_defaults,act_n10_s50k,act,10,50000,23400,0.04,5.249
v1_lerobot_defaults,act_n10_s50k,act,10,50000,23500,0.04,5.642
v1_lerobot_defaults,act_n10_s50k,act,10,50000,23600,0.038,4.701
v1_lerobot_defaults,act_n10_s50k,act,10,50000,23700,0.038,4.806
v1_lerobot_defaults,act_n10_s50k,act,10,50000,23800,0.038,4.611
v1_lerobot_defaults,act_n10_s50k,act,10,50000,23900,0.038,4.889
v1_lerobot_defaults,act_n10_s50k,act,10,50000,24000,0.039,5.659
v1_lerobot_defaults,act_n10_s50k,act,10,50000,24100,0.039,5.232
v1_lerobot_defaults,act_n10_s50k,act,10,50000,24200,0.039,4.889
v1_lerobot_defaults,act_n10_s50k,act,10,50000,24300,0.038,4.847
v1_lerobot_defaults,act_n10_s50k,act,10,50000,24400,0.038,4.875
v1_lerobot_defaults,act_n10_s50k,act,10,50000,24500,0.038,5.101
v1_lerobot_defaults,act_n10_s50k,act,10,50000,24600,0.039,4.998
v1_lerobot_defaults,act_n10_s50k,act,10,50000,24700,0.038,5.352
v1_lerobot_defaults,act_n10_s50k,act,10,50000,24800,0.037,5.176
v1_lerobot_defaults,act_n10_s50k,act,10,50000,24900,0.039,5.409
v1_lerobot_defaults,act_n10_s50k,act,10,50000,25000,0.037,4.83
v1_lerobot_defaults,act_n10_s50k,act,10,50000,25100,0.038,5.182
v1_lerobot_defaults,act_n10_s50k,act,10,50000,25200,0.037,4.946
v1_lerobot_defaults,act_n10_s50k,act,10,50000,25300,0.038,5.138
v1_lerobot_defaults,act_n10_s50k,act,10,50000,25400,0.037,4.733
v1_lerobot_defaults,act_n10_s50k,act,10,50000,25500,0.037,5.304
v1_lerobot_defaults,act_n10_s50k,act,10,50000,25600,0.037,4.827
v1_lerobot_defaults,act_n10_s50k,act,10,50000,25700,0.037,4.849
v1_lerobot_defaults,act_n10_s50k,act,10,50000,25800,0.037,4.638
v1_lerobot_defaults,act_n10_s50k,act,10,50000,25900,0.037,4.821
v1_lerobot_defaults,act_n10_s50k,act,10,50000,26000,0.038,5.112
v1_lerobot_defaults,act_n10_s50k,act,10,50000,26100,0.036,4.711
v1_lerobot_defaults,act_n10_s50k,act,10,50000,26200,0.036,4.889
v1_lerobot_defaults,act_n10_s50k,act,10,50000,26300,0.038,5.233
v1_lerobot_defaults,act_n10_s50k,act,10,50000,26400,0.037,4.964
v1_lerobot_defaults,act_n10_s50k,act,10,50000,26500,0.038,4.847
v1_lerobot_defaults,act_n10_s50k,act,10,50000,26600,0.035,4.15
v1_lerobot_defaults,act_n10_s50k,act,10,50000,26700,0.035,4.117
v1_lerobot_defaults,act_n10_s50k,act,10,50000,26800,0.035,4.311
v1_lerobot_defaults,act_n10_s50k,act,10,50000,26900,0.036,5.042
v1_lerobot_defaults,act_n10_s50k,act,10,50000,27000,0.037,5.663
v1_lerobot_defaults,act_n10_s50k,act,10,50000,27100,0.036,4.292
v1_lerobot_defaults,act_n10_s50k,act,10,50000,27200,0.036,4.852
v1_lerobot_defaults,act_n10_s50k,act,10,50000,27300,0.036,5.091
v1_lerobot_defaults,act_n10_s50k,act,10,50000,27400,0.034,4.45
v1_lerobot_defaults,act_n10_s50k,act,10,50000,27500,0.036,4.793
v1_lerobot_defaults,act_n10_s50k,act,10,50000,27600,0.035,4.545
v1_lerobot_defaults,act_n10_s50k,act,10,50000,27700,0.037,5.161
v1_lerobot_defaults,act_n10_s50k,act,10,50000,27800,0.035,4.701
v1_lerobot_defaults,act_n10_s50k,act,10,50000,27900,0.035,4.542
v1_lerobot_defaults,act_n10_s50k,act,10,50000,28000,0.035,4.369
v1_lerobot_defaults,act_n10_s50k,act,10,50000,28100,0.035,5.081
v1_lerobot_defaults,act_n10_s50k,act,10,50000,28200,0.036,5.452
v1_lerobot_defaults,act_n10_s50k,act,10,50000,28300,0.035,4.555
v1_lerobot_defaults,act_n10_s50k,act,10,50000,28400,0.034,4.142
v1_lerobot_defaults,act_n10_s50k,act,10,50000,28500,0.034,4.349
v1_lerobot_defaults,act_n10_s50k,act,10,50000,28600,0.035,4.279
v1_lerobot_defaults,act_n10_s50k,act,10,50000,28700,0.034,4.213
v1_lerobot_defaults,act_n10_s50k,act,10,50000,28800,0.035,4.711
v1_lerobot_defaults,act_n10_s50k,act,10,50000,28900,0.035,5.101
v1_lerobot_defaults,act_n10_s50k,act,10,50000,29000,0.035,4.477
v1_lerobot_defaults,act_n10_s50k,act,10,50000,29100,0.034,4.329
v1_lerobot_defaults,act_n10_s50k,act,10,50000,29200,0.034,4.472
v1_lerobot_defaults,act_n10_s50k,act,10,50000,29300,0.035,4.762
v1_lerobot_defaults,act_n10_s50k,act,10,50000,29400,0.034,4.701
v1_lerobot_defaults,act_n10_s50k,act,10,50000,29500,0.034,4.365
v1_lerobot_defaults,act_n10_s50k,act,10,50000,29600,0.034,4.467
v1_lerobot_defaults,act_n10_s50k,act,10,50000,29700,0.033,4.263
v1_lerobot_defaults,act_n10_s50k,act,10,50000,29800,0.034,5.054
v1_lerobot_defaults,act_n10_s50k,act,10,50000,29900,0.034,4.636
v1_lerobot_defaults,act_n10_s50k,act,10,50000,30000,0.034,4.945
v1_lerobot_defaults,act_n10_s50k,act,10,50000,30100,0.034,4.395
v1_lerobot_defaults,act_n10_s50k,act,10,50000,30200,0.034,4.642
v1_lerobot_defaults,act_n10_s50k,act,10,50000,30300,0.034,4.471
v1_lerobot_defaults,act_n10_s50k,act,10,50000,30400,0.033,4.026
v1_lerobot_defaults,act_n10_s50k,act,10,50000,30500,0.033,4.539
v1_lerobot_defaults,act_n10_s50k,act,10,50000,30600,0.033,4.355
v1_lerobot_defaults,act_n10_s50k,act,10,50000,30700,0.034,5.157
v1_lerobot_defaults,act_n10_s50k,act,10,50000,30800,0.033,4.625
v1_lerobot_defaults,act_n10_s50k,act,10,50000,30900,0.033,4.558
v1_lerobot_defaults,act_n10_s50k,act,10,50000,31000,0.033,3.984
v1_lerobot_defaults,act_n10_s50k,act,10,50000,31100,0.033,4.618
v1_lerobot_defaults,act_n10_s50k,act,10,50000,31200,0.034,4.886
v1_lerobot_defaults,act_n10_s50k,act,10,50000,31300,0.034,4.869
v1_lerobot_defaults,act_n10_s50k,act,10,50000,31400,0.032,4.128
v1_lerobot_defaults,act_n10_s50k,act,10,50000,31500,0.033,4.801
v1_lerobot_defaults,act_n10_s50k,act,10,50000,31600,0.032,4.045
v1_lerobot_defaults,act_n10_s50k,act,10,50000,31700,0.032,4.241
v1_lerobot_defaults,act_n10_s50k,act,10,50000,31800,0.032,4.377
v1_lerobot_defaults,act_n10_s50k,act,10,50000,31900,0.034,4.804
v1_lerobot_defaults,act_n10_s50k,act,10,50000,32000,0.033,4.64
v1_lerobot_defaults,act_n10_s50k,act,10,50000,32100,0.032,4.444
v1_lerobot_defaults,act_n10_s50k,act,10,50000,32200,0.032,4.128
v1_lerobot_defaults,act_n10_s50k,act,10,50000,32300,0.033,4.577
v1_lerobot_defaults,act_n10_s50k,act,10,50000,32400,0.032,4.316
v1_lerobot_defaults,act_n10_s50k,act,10,50000,32500,0.032,4.37
v1_lerobot_defaults,act_n10_s50k,act,10,50000,32600,0.032,4.026
v1_lerobot_defaults,act_n10_s50k,act,10,50000,32700,0.031,3.909
v1_lerobot_defaults,act_n10_s50k,act,10,50000,32800,0.033,4.524
v1_lerobot_defaults,act_n10_s50k,act,10,50000,32900,0.032,4.423
v1_lerobot_defaults,act_n10_s50k,act,10,50000,33000,0.031,4.137
v1_lerobot_defaults,act_n10_s50k,act,10,50000,33100,0.031,3.815
v1_lerobot_defaults,act_n10_s50k,act,10,50000,33200,0.031,4.123
v1_lerobot_defaults,act_n10_s50k,act,10,50000,33300,0.032,4.059
v1_lerobot_defaults,act_n10_s50k,act,10,50000,33400,0.032,4.399
v1_lerobot_defaults,act_n10_s50k,act,10,50000,33500,0.032,4.617
v1_lerobot_defaults,act_n10_s50k,act,10,50000,33600,0.032,4.377
v1_lerobot_defaults,act_n10_s50k,act,10,50000,33700,0.032,4.371
v1_lerobot_defaults,act_n10_s50k,act,10,50000,33800,0.031,4.132
v1_lerobot_defaults,act_n10_s50k,act,10,50000,33900,0.031,4.047
v1_lerobot_defaults,act_n10_s50k,act,10,50000,34000,0.031,4.149
v1_lerobot_defaults,act_n10_s50k,act,10,50000,34100,0.031,4.21
v1_lerobot_defaults,act_n10_s50k,act,10,50000,34200,0.031,4.073
v1_lerobot_defaults,act_n10_s50k,act,10,50000,34300,0.031,4.156
v1_lerobot_defaults,act_n10_s50k,act,10,50000,34400,0.031,4.139
v1_lerobot_defaults,act_n10_s50k,act,10,50000,34500,0.032,4.865
v1_lerobot_defaults,act_n10_s50k,act,10,50000,34600,0.031,4.285
v1_lerobot_defaults,act_n10_s50k,act,10,50000,34700,0.031,4.289
v1_lerobot_defaults,act_n10_s50k,act,10,50000,34800,0.031,4.202
v1_lerobot_defaults,act_n10_s50k,act,10,50000,34900,0.03,3.859
v1_lerobot_defaults,act_n10_s50k,act,10,50000,35000,0.032,4.513
v1_lerobot_defaults,act_n10_s50k,act,10,50000,35100,0.031,4.447
v1_lerobot_defaults,act_n10_s50k,act,10,50000,35200,0.031,4.296
v1_lerobot_defaults,act_n10_s50k,act,10,50000,35300,0.03,3.92
v1_lerobot_defaults,act_n10_s50k,act,10,50000,35400,0.032,4.721
v1_lerobot_defaults,act_n10_s50k,act,10,50000,35500,0.03,4.2
v1_lerobot_defaults,act_n10_s50k,act,10,50000,35600,0.03,4.076
v1_lerobot_defaults,act_n10_s50k,act,10,50000,35700,0.03,4.177
v1_lerobot_defaults,act_n10_s50k,act,10,50000,35800,0.031,4.41
v1_lerobot_defaults,act_n10_s50k,act,10,50000,35900,0.031,3.917
v1_lerobot_defaults,act_n10_s50k,act,10,50000,36000,0.03,3.898
v1_lerobot_defaults,act_n10_s50k,act,10,50000,36100,0.03,4.116
v1_lerobot_defaults,act_n10_s50k,act,10,50000,36200,0.029,3.868
v1_lerobot_defaults,act_n10_s50k,act,10,50000,36300,0.03,4.327
v1_lerobot_defaults,act_n10_s50k,act,10,50000,36400,0.03,4.117
v1_lerobot_defaults,act_n10_s50k,act,10,50000,36500,0.029,3.69
v1_lerobot_defaults,act_n10_s50k,act,10,50000,36600,0.03,4.368
v1_lerobot_defaults,act_n10_s50k,act,10,50000,36700,0.031,4.199
v1_lerobot_defaults,act_n10_s50k,act,10,50000,36800,0.03,4.329
v1_lerobot_defaults,act_n10_s50k,act,10,50000,36900,0.03,4.004
v1_lerobot_defaults,act_n10_s50k,act,10,50000,37000,0.03,4.1
v1_lerobot_defaults,act_n10_s50k,act,10,50000,37100,0.029,3.955
v1_lerobot_defaults,act_n10_s50k,act,10,50000,37200,0.029,3.826
v1_lerobot_defaults,act_n10_s50k,act,10,50000,37300,0.03,4.08
v1_lerobot_defaults,act_n10_s50k,act,10,50000,37400,0.03,3.98
v1_lerobot_defaults,act_n10_s50k,act,10,50000,37500,0.029,4.112
v1_lerobot_defaults,act_n10_s50k,act,10,50000,37600,0.029,3.812
v1_lerobot_defaults,act_n10_s50k,act,10,50000,37700,0.029,4.252
v1_lerobot_defaults,act_n10_s50k,act,10,50000,37800,0.03,4.312
v1_lerobot_defaults,act_n10_s50k,act,10,50000,37900,0.03,4.031
v1_lerobot_defaults,act_n10_s50k,act,10,50000,38000,0.029,3.533
v1_lerobot_defaults,act_n10_s50k,act,10,50000,38100,0.029,3.779
v1_lerobot_defaults,act_n10_s50k,act,10,50000,38200,0.029,3.871
v1_lerobot_defaults,act_n10_s50k,act,10,50000,38300,0.029,3.831
v1_lerobot_defaults,act_n10_s50k,act,10,50000,38400,0.028,3.619
v1_lerobot_defaults,act_n10_s50k,act,10,50000,38500,0.029,3.911
v1_lerobot_defaults,act_n10_s50k,act,10,50000,38600,0.029,4.071
v1_lerobot_defaults,act_n10_s50k,act,10,50000,38700,0.03,4.511
v1_lerobot_defaults,act_n10_s50k,act,10,50000,38800,0.029,4.25
v1_lerobot_defaults,act_n10_s50k,act,10,50000,38900,0.029,3.801
v1_lerobot_defaults,act_n10_s50k,act,10,50000,39000,0.028,3.572
v1_lerobot_defaults,act_n10_s50k,act,10,50000,39100,0.029,4.485
v1_lerobot_defaults,act_n10_s50k,act,10,50000,39200,0.029,4.169
v1_lerobot_defaults,act_n10_s50k,act,10,50000,39300,0.029,4.028
v1_lerobot_defaults,act_n10_s50k,act,10,50000,39400,0.029,3.785
v1_lerobot_defaults,act_n10_s50k,act,10,50000,39500,0.028,3.825
v1_lerobot_defaults,act_n10_s50k,act,10,50000,39600,0.029,3.898
v1_lerobot_defaults,act_n10_s50k,act,10,50000,39700,0.028,4.072
v1_lerobot_defaults,act_n10_s50k,act,10,50000,39800,0.028,3.799
v1_lerobot_defaults,act_n10_s50k,act,10,50000,39900,0.028,4.024
v1_lerobot_defaults,act_n10_s50k,act,10,50000,40000,0.029,3.828
v1_lerobot_defaults,act_n10_s50k,act,10,50000,40100,0.028,3.76
v1_lerobot_defaults,act_n10_s50k,act,10,50000,40200,0.029,4.265
v1_lerobot_defaults,act_n10_s50k,act,10,50000,40300,0.029,4.11
v1_lerobot_defaults,act_n10_s50k,act,10,50000,40400,0.029,3.999
v1_lerobot_defaults,act_n10_s50k,act,10,50000,40500,0.029,4.135
v1_lerobot_defaults,act_n10_s50k,act,10,50000,40600,0.028,3.812
v1_lerobot_defaults,act_n10_s50k,act,10,50000,40700,0.028,3.845
v1_lerobot_defaults,act_n10_s50k,act,10,50000,40800,0.028,3.555
v1_lerobot_defaults,act_n10_s50k,act,10,50000,40900,0.028,3.828
v1_lerobot_defaults,act_n10_s50k,act,10,50000,41000,0.028,3.592
v1_lerobot_defaults,act_n10_s50k,act,10,50000,41100,0.028,3.869
v1_lerobot_defaults,act_n10_s50k,act,10,50000,41200,0.028,3.573
v1_lerobot_defaults,act_n10_s50k,act,10,50000,41300,0.028,3.922
v1_lerobot_defaults,act_n10_s50k,act,10,50000,41400,0.028,4.056
v1_lerobot_defaults,act_n10_s50k,act,10,50000,41500,0.027,3.748
v1_lerobot_defaults,act_n10_s50k,act,10,50000,41600,0.027,3.562
v1_lerobot_defaults,act_n10_s50k,act,10,50000,41700,0.028,4.131
v1_lerobot_defaults,act_n10_s50k,act,10,50000,41800,0.029,4.136
v1_lerobot_defaults,act_n10_s50k,act,10,50000,41900,0.028,3.956
v1_lerobot_defaults,act_n10_s50k,act,10,50000,42000,0.028,4.369
v1_lerobot_defaults,act_n10_s50k,act,10,50000,42100,0.028,3.861
v1_lerobot_defaults,act_n10_s50k,act,10,50000,42200,0.028,3.739
v1_lerobot_defaults,act_n10_s50k,act,10,50000,42300,0.028,3.62
v1_lerobot_defaults,act_n10_s50k,act,10,50000,42400,0.027,3.54
v1_lerobot_defaults,act_n10_s50k,act,10,50000,42500,0.027,3.586
v1_lerobot_defaults,act_n10_s50k,act,10,50000,42600,0.027,3.991
v1_lerobot_defaults,act_n10_s50k,act,10,50000,42700,0.028,4.022
v1_lerobot_defaults,act_n10_s50k,act,10,50000,42800,0.027,3.507
v1_lerobot_defaults,act_n10_s50k,act,10,50000,42900,0.029,4.116
v1_lerobot_defaults,act_n10_s50k,act,10,50000,43000,0.028,3.92
v1_lerobot_defaults,act_n10_s50k,act,10,50000,43100,0.027,3.555
v1_lerobot_defaults,act_n10_s50k,act,10,50000,43200,0.027,3.79
v1_lerobot_defaults,act_n10_s50k,act,10,50000,43300,0.026,3.775
v1_lerobot_defaults,act_n10_s50k,act,10,50000,43400,0.027,3.706
v1_lerobot_defaults,act_n10_s50k,act,10,50000,43500,0.027,3.884
v1_lerobot_defaults,act_n10_s50k,act,10,50000,43600,0.027,3.857
v1_lerobot_defaults,act_n10_s50k,act,10,50000,43700,0.027,3.499
v1_lerobot_defaults,act_n10_s50k,act,10,50000,43800,0.027,4.131
v1_lerobot_defaults,act_n10_s50k,act,10,50000,43900,0.027,3.96
v1_lerobot_defaults,act_n10_s50k,act,10,50000,44000,0.027,3.554
v1_lerobot_defaults,act_n10_s50k,act,10,50000,44100,0.027,3.581
v1_lerobot_defaults,act_n10_s50k,act,10,50000,44200,0.027,3.427
v1_lerobot_defaults,act_n10_s50k,act,10,50000,44300,0.026,3.838
v1_lerobot_defaults,act_n10_s50k,act,10,50000,44400,0.027,3.914
v1_lerobot_defaults,act_n10_s50k,act,10,50000,44500,0.027,3.786
v1_lerobot_defaults,act_n10_s50k,act,10,50000,44600,0.027,3.742
v1_lerobot_defaults,act_n10_s50k,act,10,50000,44700,0.027,3.754
v1_lerobot_defaults,act_n10_s50k,act,10,50000,44800,0.027,3.7
v1_lerobot_defaults,act_n10_s50k,act,10,50000,44900,0.027,3.696
v1_lerobot_defaults,act_n10_s50k,act,10,50000,45000,0.027,3.32
v1_lerobot_defaults,act_n10_s50k,act,10,50000,45100,0.027,3.508
v1_lerobot_defaults,act_n10_s50k,act,10,50000,45200,0.027,3.783
v1_lerobot_defaults,act_n10_s50k,act,10,50000,45300,0.026,3.275
v1_lerobot_defaults,act_n10_s50k,act,10,50000,45400,0.026,3.322
v1_lerobot_defaults,act_n10_s50k,act,10,50000,45500,0.027,3.798
v1_lerobot_defaults,act_n10_s50k,act,10,50000,45600,0.026,3.505
v1_lerobot_defaults,act_n10_s50k,act,10,50000,45700,0.027,3.814
v1_lerobot_defaults,act_n10_s50k,act,10,50000,45800,0.027,3.391
v1_lerobot_defaults,act_n10_s50k,act,10,50000,45900,0.026,3.457
v1_lerobot_defaults,act_n10_s50k,act,10,50000,46000,0.027,3.867
v1_lerobot_defaults,act_n10_s50k,act,10,50000,46100,0.026,3.449
v1_lerobot_defaults,act_n10_s50k,act,10,50000,46200,0.026,3.696
v1_lerobot_defaults,act_n10_s50k,act,10,50000,46300,0.026,3.683
v1_lerobot_defaults,act_n10_s50k,act,10,50000,46400,0.027,3.639
v1_lerobot_defaults,act_n10_s50k,act,10,50000,46500,0.027,3.9
v1_lerobot_defaults,act_n10_s50k,act,10,50000,46600,0.026,3.558
v1_lerobot_defaults,act_n10_s50k,act,10,50000,46700,0.026,3.468
v1_lerobot_defaults,act_n10_s50k,act,10,50000,46800,0.026,3.349
v1_lerobot_defaults,act_n10_s50k,act,10,50000,46900,0.026,3.671
v1_lerobot_defaults,act_n10_s50k,act,10,50000,47000,0.026,3.574
v1_lerobot_defaults,act_n10_s50k,act,10,50000,47100,0.027,3.731
v1_lerobot_defaults,act_n10_s50k,act,10,50000,47200,0.026,4.021
v1_lerobot_defaults,act_n10_s50k,act,10,50000,47300,0.026,3.671
v1_lerobot_defaults,act_n10_s50k,act,10,50000,47400,0.025,3.401
v1_lerobot_defaults,act_n10_s50k,act,10,50000,47500,0.025,3.317
v1_lerobot_defaults,act_n10_s50k,act,10,50000,47600,0.026,3.699
v1_lerobot_defaults,act_n10_s50k,act,10,50000,47700,0.026,3.989
v1_lerobot_defaults,act_n10_s50k,act,10,50000,47800,0.025,3.467
v1_lerobot_defaults,act_n10_s50k,act,10,50000,47900,0.026,3.646
v1_lerobot_defaults,act_n10_s50k,act,10,50000,48000,0.026,3.732
v1_lerobot_defaults,act_n10_s50k,act,10,50000,48100,0.026,3.77
v1_lerobot_defaults,act_n10_s50k,act,10,50000,48200,0.026,3.55
v1_lerobot_defaults,act_n10_s50k,act,10,50000,48300,0.025,3.347
v1_lerobot_defaults,act_n10_s50k,act,10,50000,48400,0.025,3.376
v1_lerobot_defaults,act_n10_s50k,act,10,50000,48500,0.026,3.537
v1_lerobot_defaults,act_n10_s50k,act,10,50000,48600,0.025,3.222
v1_lerobot_defaults,act_n10_s50k,act,10,50000,48700,0.025,3.599
v1_lerobot_defaults,act_n10_s50k,act,10,50000,48800,0.026,3.863
v1_lerobot_defaults,act_n10_s50k,act,10,50000,48900,0.026,3.602
v1_lerobot_defaults,act_n10_s50k,act,10,50000,49000,0.026,3.674
v1_lerobot_defaults,act_n10_s50k,act,10,50000,49100,0.025,3.257
v1_lerobot_defaults,act_n10_s50k,act,10,50000,49200,0.025,3.408
v1_lerobot_defaults,act_n10_s50k,act,10,50000,49300,0.025,3.354
v1_lerobot_defaults,act_n10_s50k,act,10,50000,49400,0.026,3.353
v1_lerobot_defaults,act_n10_s50k,act,10,50000,49500,0.025,3.394
v1_lerobot_defaults,act_n10_s50k,act,10,50000,49600,0.026,3.733
v1_lerobot_defaults,act_n10_s50k,act,10,50000,49700,0.025,3.498
v1_lerobot_defaults,act_n10_s50k,act,10,50000,49800,0.025,3.499
v1_lerobot_defaults,act_n10_s50k,act,10,50000,49900,0.025,3.266
v1_lerobot_defaults,act_n10_s50k,act,10,50000,50000,0.026,3.987
v1_lerobot_defaults,act_n25_s50k,act,25,50000,100,8.497,137.882
v1_lerobot_defaults,act_n25_s50k,act,25,50000,200,2.961,54.364
v1_lerobot_defaults,act_n25_s50k,act,25,50000,300,2.505,47.578
v1_lerobot_defaults,act_n25_s50k,act,25,50000,400,2.197,44.077
v1_lerobot_defaults,act_n25_s50k,act,25,50000,500,1.955,45.822
v1_lerobot_defaults,act_n25_s50k,act,25,50000,600,1.754,43.386
v1_lerobot_defaults,act_n25_s50k,act,25,50000,700,1.584,41.611
v1_lerobot_defaults,act_n25_s50k,act,25,50000,800,1.463,40.032
v1_lerobot_defaults,act_n25_s50k,act,25,50000,900,1.336,37.753
v1_lerobot_defaults,act_n25_s50k,act,25,50000,1000,1.222,35.486
v1_lerobot_defaults,act_n25_s50k,act,25,50000,1100,1.109,34.387
v1_lerobot_defaults,act_n25_s50k,act,25,50000,1200,1.028,33.491
v1_lerobot_defaults,act_n25_s50k,act,25,50000,1300,0.939,31.408
v1_lerobot_defaults,act_n25_s50k,act,25,50000,1400,0.856,29.77
v1_lerobot_defaults,act_n25_s50k,act,25,50000,1500,0.784,29.274
v1_lerobot_defaults,act_n25_s50k,act,25,50000,1600,0.723,28.566
v1_lerobot_defaults,act_n25_s50k,act,25,50000,1700,0.663,26.588
v1_lerobot_defaults,act_n25_s50k,act,25,50000,1800,0.61,27.126
v1_lerobot_defaults,act_n25_s50k,act,25,50000,1900,0.562,25.758
v1_lerobot_defaults,act_n25_s50k,act,25,50000,2000,0.515,23.855
v1_lerobot_defaults,act_n25_s50k,act,25,50000,2100,0.474,23.296
v1_lerobot_defaults,act_n25_s50k,act,25,50000,2200,0.441,23.62
v1_lerobot_defaults,act_n25_s50k,act,25,50000,2300,0.409,22.628
v1_lerobot_defaults,act_n25_s50k,act,25,50000,2400,0.382,22.021
v1_lerobot_defaults,act_n25_s50k,act,25,50000,2500,0.355,20.247
v1_lerobot_defaults,act_n25_s50k,act,25,50000,2600,0.335,20.771
v1_lerobot_defaults,act_n25_s50k,act,25,50000,2700,0.319,21.589
v1_lerobot_defaults,act_n25_s50k,act,25,50000,2800,0.299,19.958
v1_lerobot_defaults,act_n25_s50k,act,25,50000,2900,0.292,20.192
v1_lerobot_defaults,act_n25_s50k,act,25,50000,3000,0.273,18.147
v1_lerobot_defaults,act_n25_s50k,act,25,50000,3100,0.258,18.246
v1_lerobot_defaults,act_n25_s50k,act,25,50000,3200,0.246,17.783
v1_lerobot_defaults,act_n25_s50k,act,25,50000,3300,0.237,18.926
v1_lerobot_defaults,act_n25_s50k,act,25,50000,3400,0.228,17.028
v1_lerobot_defaults,act_n25_s50k,act,25,50000,3500,0.223,18.719
v1_lerobot_defaults,act_n25_s50k,act,25,50000,3600,0.212,16.658
v1_lerobot_defaults,act_n25_s50k,act,25,50000,3700,0.212,17.6
v1_lerobot_defaults,act_n25_s50k,act,25,50000,3800,0.203,16.898
v1_lerobot_defaults,act_n25_s50k,act,25,50000,3900,0.194,16.821
v1_lerobot_defaults,act_n25_s50k,act,25,50000,4000,0.193,16.0
v1_lerobot_defaults,act_n25_s50k,act,25,50000,4100,0.185,16.463
v1_lerobot_defaults,act_n25_s50k,act,25,50000,4200,0.18,15.449
v1_lerobot_defaults,act_n25_s50k,act,25,50000,4300,0.178,16.147
v1_lerobot_defaults,act_n25_s50k,act,25,50000,4400,0.172,14.369
v1_lerobot_defaults,act_n25_s50k,act,25,50000,4500,0.168,15.672
v1_lerobot_defaults,act_n25_s50k,act,25,50000,4600,0.166,14.419
v1_lerobot_defaults,act_n25_s50k,act,25,50000,4700,0.163,14.157
v1_lerobot_defaults,act_n25_s50k,act,25,50000,4800,0.158,13.961
v1_lerobot_defaults,act_n25_s50k,act,25,50000,4900,0.155,14.614
v1_lerobot_defaults,act_n25_s50k,act,25,50000,5000,0.153,14.451
v1_lerobot_defaults,act_n25_s50k,act,25,50000,5100,0.147,12.968
v1_lerobot_defaults,act_n25_s50k,act,25,50000,5200,0.146,13.13
v1_lerobot_defaults,act_n25_s50k,act,25,50000,5300,0.147,14.217
v1_lerobot_defaults,act_n25_s50k,act,25,50000,5400,0.143,13.892
v1_lerobot_defaults,act_n25_s50k,act,25,50000,5500,0.138,12.078
v1_lerobot_defaults,act_n25_s50k,act,25,50000,5600,0.138,12.344
v1_lerobot_defaults,act_n25_s50k,act,25,50000,5700,0.135,13.056
v1_lerobot_defaults,act_n25_s50k,act,25,50000,5800,0.133,12.329
v1_lerobot_defaults,act_n25_s50k,act,25,50000,5900,0.133,12.73
v1_lerobot_defaults,act_n25_s50k,act,25,50000,6000,0.131,12.285
v1_lerobot_defaults,act_n25_s50k,act,25,50000,6100,0.128,13.395
v1_lerobot_defaults,act_n25_s50k,act,25,50000,6200,0.127,13.205
v1_lerobot_defaults,act_n25_s50k,act,25,50000,6300,0.124,12.076
v1_lerobot_defaults,act_n25_s50k,act,25,50000,6400,0.121,11.196
v1_lerobot_defaults,act_n25_s50k,act,25,50000,6500,0.12,12.001
v1_lerobot_defaults,act_n25_s50k,act,25,50000,6600,0.123,12.689
v1_lerobot_defaults,act_n25_s50k,act,25,50000,6700,0.116,11.438
v1_lerobot_defaults,act_n25_s50k,act,25,50000,6800,0.116,11.639
v1_lerobot_defaults,act_n25_s50k,act,25,50000,6900,0.116,11.859
v1_lerobot_defaults,act_n25_s50k,act,25,50000,7000,0.114,11.649
v1_lerobot_defaults,act_n25_s50k,act,25,50000,7100,0.112,10.821
v1_lerobot_defaults,act_n25_s50k,act,25,50000,7200,0.113,11.04
v1_lerobot_defaults,act_n25_s50k,act,25,50000,7300,0.113,11.396
v1_lerobot_defaults,act_n25_s50k,act,25,50000,7400,0.113,10.906
v1_lerobot_defaults,act_n25_s50k,act,25,50000,7500,0.107,11.13
v1_lerobot_defaults,act_n25_s50k,act,25,50000,7600,0.107,10.145
v1_lerobot_defaults,act_n25_s50k,act,25,50000,7700,0.109,11.681
v1_lerobot_defaults,act_n25_s50k,act,25,50000,7800,0.11,12.154
v1_lerobot_defaults,act_n25_s50k,act,25,50000,7900,0.104,10.885
v1_lerobot_defaults,act_n25_s50k,act,25,50000,8000,0.102,10.145
v1_lerobot_defaults,act_n25_s50k,act,25,50000,8100,0.103,11.467
v1_lerobot_defaults,act_n25_s50k,act,25,50000,8200,0.1,9.526
v1_lerobot_defaults,act_n25_s50k,act,25,50000,8300,0.098,10.117
v1_lerobot_defaults,act_n25_s50k,act,25,50000,8400,0.098,9.751
v1_lerobot_defaults,act_n25_s50k,act,25,50000,8500,0.1,10.677
v1_lerobot_defaults,act_n25_s50k,act,25,50000,8600,0.098,10.198
v1_lerobot_defaults,act_n25_s50k,act,25,50000,8700,0.096,10.484
v1_lerobot_defaults,act_n25_s50k,act,25,50000,8800,0.098,10.633
v1_lerobot_defaults,act_n25_s50k,act,25,50000,8900,0.096,10.1
v1_lerobot_defaults,act_n25_s50k,act,25,50000,9000,0.097,10.776
v1_lerobot_defaults,act_n25_s50k,act,25,50000,9100,0.094,9.726
v1_lerobot_defaults,act_n25_s50k,act,25,50000,9200,0.094,9.326
v1_lerobot_defaults,act_n25_s50k,act,25,50000,9300,0.094,10.015
v1_lerobot_defaults,act_n25_s50k,act,25,50000,9400,0.093,11.188
v1_lerobot_defaults,act_n25_s50k,act,25,50000,9500,0.093,11.112
v1_lerobot_defaults,act_n25_s50k,act,25,50000,9600,0.093,10.081
v1_lerobot_defaults,act_n25_s50k,act,25,50000,9700,0.089,9.562
v1_lerobot_defaults,act_n25_s50k,act,25,50000,9800,0.088,8.565
v1_lerobot_defaults,act_n25_s50k,act,25,50000,9900,0.091,9.616
v1_lerobot_defaults,act_n25_s50k,act,25,50000,10000,0.086,8.885
v1_lerobot_defaults,act_n25_s50k,act,25,50000,10100,0.087,10.029
v1_lerobot_defaults,act_n25_s50k,act,25,50000,10200,0.09,9.554
v1_lerobot_defaults,act_n25_s50k,act,25,50000,10300,0.086,8.858
v1_lerobot_defaults,act_n25_s50k,act,25,50000,10400,0.088,9.575
v1_lerobot_defaults,act_n25_s50k,act,25,50000,10500,0.085,9.292
v1_lerobot_defaults,act_n25_s50k,act,25,50000,10600,0.086,10.707
v1_lerobot_defaults,act_n25_s50k,act,25,50000,10700,0.085,9.299
v1_lerobot_defaults,act_n25_s50k,act,25,50000,10800,0.084,9.257
v1_lerobot_defaults,act_n25_s50k,act,25,50000,10900,0.085,9.846
v1_lerobot_defaults,act_n25_s50k,act,25,50000,11000,0.082,9.1
v1_lerobot_defaults,act_n25_s50k,act,25,50000,11100,0.082,8.582
v1_lerobot_defaults,act_n25_s50k,act,25,50000,11200,0.082,8.053
v1_lerobot_defaults,act_n25_s50k,act,25,50000,11300,0.081,9.119
v1_lerobot_defaults,act_n25_s50k,act,25,50000,11400,0.081,9.105
v1_lerobot_defaults,act_n25_s50k,act,25,50000,11500,0.081,7.919
v1_lerobot_defaults,act_n25_s50k,act,25,50000,11600,0.077,7.38
v1_lerobot_defaults,act_n25_s50k,act,25,50000,11700,0.079,8.506
v1_lerobot_defaults,act_n25_s50k,act,25,50000,11800,0.079,9.353
v1_lerobot_defaults,act_n25_s50k,act,25,50000,11900,0.078,8.675
v1_lerobot_defaults,act_n25_s50k,act,25,50000,12000,0.077,7.86
v1_lerobot_defaults,act_n25_s50k,act,25,50000,12100,0.076,8.136
v1_lerobot_defaults,act_n25_s50k,act,25,50000,12200,0.076,8.033
v1_lerobot_defaults,act_n25_s50k,act,25,50000,12300,0.078,8.952
v1_lerobot_defaults,act_n25_s50k,act,25,50000,12400,0.077,9.08
v1_lerobot_defaults,act_n25_s50k,act,25,50000,12500,0.075,7.976
v1_lerobot_defaults,act_n25_s50k,act,25,50000,12600,0.075,8.961
v1_lerobot_defaults,act_n25_s50k,act,25,50000,12700,0.074,8.443
v1_lerobot_defaults,act_n25_s50k,act,25,50000,12800,0.073,7.979
v1_lerobot_defaults,act_n25_s50k,act,25,50000,12900,0.076,8.822
v1_lerobot_defaults,act_n25_s50k,act,25,50000,13000,0.073,7.587
v1_lerobot_defaults,act_n25_s50k,act,25,50000,13100,0.07,6.863
v1_lerobot_defaults,act_n25_s50k,act,25,50000,13200,0.071,7.639
v1_lerobot_defaults,act_n25_s50k,act,25,50000,13300,0.072,8.326
v1_lerobot_defaults,act_n25_s50k,act,25,50000,13400,0.071,8.108
v1_lerobot_defaults,act_n25_s50k,act,25,50000,13500,0.071,7.672
v1_lerobot_defaults,act_n25_s50k,act,25,50000,13600,0.073,7.835
v1_lerobot_defaults,act_n25_s50k,act,25,50000,13700,0.071,8.037
v1_lerobot_defaults,act_n25_s50k,act,25,50000,13800,0.071,7.752
v1_lerobot_defaults,act_n25_s50k,act,25,50000,13900,0.068,7.538
v1_lerobot_defaults,act_n25_s50k,act,25,50000,14000,0.069,7.74
v1_lerobot_defaults,act_n25_s50k,act,25,50000,14100,0.072,8.831
v1_lerobot_defaults,act_n25_s50k,act,25,50000,14200,0.068,8.221
v1_lerobot_defaults,act_n25_s50k,act,25,50000,14300,0.068,7.517
v1_lerobot_defaults,act_n25_s50k,act,25,50000,14400,0.068,7.388
v1_lerobot_defaults,act_n25_s50k,act,25,50000,14500,0.069,8.089
v1_lerobot_defaults,act_n25_s50k,act,25,50000,14600,0.067,7.96
v1_lerobot_defaults,act_n25_s50k,act,25,50000,14700,0.067,7.563
v1_lerobot_defaults,act_n25_s50k,act,25,50000,14800,0.066,7.188
v1_lerobot_defaults,act_n25_s50k,act,25,50000,14900,0.066,7.119
v1_lerobot_defaults,act_n25_s50k,act,25,50000,15000,0.065,7.17
v1_lerobot_defaults,act_n25_s50k,act,25,50000,15100,0.064,7.156
v1_lerobot_defaults,act_n25_s50k,act,25,50000,15200,0.066,7.442
v1_lerobot_defaults,act_n25_s50k,act,25,50000,15300,0.064,7.343
v1_lerobot_defaults,act_n25_s50k,act,25,50000,15400,0.063,6.72
v1_lerobot_defaults,act_n25_s50k,act,25,50000,15500,0.063,6.962
v1_lerobot_defaults,act_n25_s50k,act,25,50000,15600,0.066,8.121
v1_lerobot_defaults,act_n25_s50k,act,25,50000,15700,0.065,7.839
v1_lerobot_defaults,act_n25_s50k,act,25,50000,15800,0.065,7.84
v1_lerobot_defaults,act_n25_s50k,act,25,50000,15900,0.063,7.304
v1_lerobot_defaults,act_n25_s50k,act,25,50000,16000,0.065,7.541
v1_lerobot_defaults,act_n25_s50k,act,25,50000,16100,0.063,7.668
v1_lerobot_defaults,act_n25_s50k,act,25,50000,16200,0.063,7.277
v1_lerobot_defaults,act_n25_s50k,act,25,50000,16300,0.063,7.948
v1_lerobot_defaults,act_n25_s50k,act,25,50000,16400,0.065,7.813
v1_lerobot_defaults,act_n25_s50k,act,25,50000,16500,0.062,7.107
v1_lerobot_defaults,act_n25_s50k,act,25,50000,16600,0.063,7.774
v1_lerobot_defaults,act_n25_s50k,act,25,50000,16700,0.063,7.728
v1_lerobot_defaults,act_n25_s50k,act,25,50000,16800,0.062,7.934
v1_lerobot_defaults,act_n25_s50k,act,25,50000,16900,0.06,6.442
v1_lerobot_defaults,act_n25_s50k,act,25,50000,17000,0.06,6.817
v1_lerobot_defaults,act_n25_s50k,act,25,50000,17100,0.06,7.172
v1_lerobot_defaults,act_n25_s50k,act,25,50000,17200,0.059,6.935
v1_lerobot_defaults,act_n25_s50k,act,25,50000,17300,0.059,6.731
v1_lerobot_defaults,act_n25_s50k,act,25,50000,17400,0.06,7.256
v1_lerobot_defaults,act_n25_s50k,act,25,50000,17500,0.06,6.854
v1_lerobot_defaults,act_n25_s50k,act,25,50000,17600,0.06,7.708
v1_lerobot_defaults,act_n25_s50k,act,25,50000,17700,0.059,7.109
v1_lerobot_defaults,act_n25_s50k,act,25,50000,17800,0.061,7.683
v1_lerobot_defaults,act_n25_s50k,act,25,50000,17900,0.058,6.113
v1_lerobot_defaults,act_n25_s50k,act,25,50000,18000,0.057,7.496
v1_lerobot_defaults,act_n25_s50k,act,25,50000,18100,0.06,7.135
v1_lerobot_defaults,act_n25_s50k,act,25,50000,18200,0.058,7.48
v1_lerobot_defaults,act_n25_s50k,act,25,50000,18300,0.058,7.318
v1_lerobot_defaults,act_n25_s50k,act,25,50000,18400,0.057,6.548
v1_lerobot_defaults,act_n25_s50k,act,25,50000,18500,0.057,6.42
v1_lerobot_defaults,act_n25_s50k,act,25,50000,18600,0.057,6.762
v1_lerobot_defaults,act_n25_s50k,act,25,50000,18700,0.056,6.49
v1_lerobot_defaults,act_n25_s50k,act,25,50000,18800,0.059,7.232
v1_lerobot_defaults,act_n25_s50k,act,25,50000,18900,0.059,7.989
v1_lerobot_defaults,act_n25_s50k,act,25,50000,19000,0.057,6.921
v1_lerobot_defaults,act_n25_s50k,act,25,50000,19100,0.056,7.471
v1_lerobot_defaults,act_n25_s50k,act,25,50000,19200,0.057,6.839
v1_lerobot_defaults,act_n25_s50k,act,25,50000,19300,0.056,6.826
v1_lerobot_defaults,act_n25_s50k,act,25,50000,19400,0.056,6.883
v1_lerobot_defaults,act_n25_s50k,act,25,50000,19500,0.057,7.848
v1_lerobot_defaults,act_n25_s50k,act,25,50000,19600,0.058,7.957
v1_lerobot_defaults,act_n25_s50k,act,25,50000,19700,0.056,7.045
v1_lerobot_defaults,act_n25_s50k,act,25,50000,19800,0.056,7.297
v1_lerobot_defaults,act_n25_s50k,act,25,50000,19900,0.055,6.802
v1_lerobot_defaults,act_n25_s50k,act,25,50000,20000,0.054,6.4
v1_lerobot_defaults,act_n25_s50k,act,25,50000,20100,0.054,6.963
v1_lerobot_defaults,act_n25_s50k,act,25,50000,20200,0.054,6.257
v1_lerobot_defaults,act_n25_s50k,act,25,50000,20300,0.053,6.793
v1_lerobot_defaults,act_n25_s50k,act,25,50000,20400,0.054,6.657
v1_lerobot_defaults,act_n25_s50k,act,25,50000,20500,0.053,6.478
v1_lerobot_defaults,act_n25_s50k,act,25,50000,20600,0.053,5.638
v1_lerobot_defaults,act_n25_s50k,act,25,50000,20700,0.054,6.341
v1_lerobot_defaults,act_n25_s50k,act,25,50000,20800,0.054,6.693
v1_lerobot_defaults,act_n25_s50k,act,25,50000,20900,0.052,5.94
v1_lerobot_defaults,act_n25_s50k,act,25,50000,21000,0.052,6.152
v1_lerobot_defaults,act_n25_s50k,act,25,50000,21100,0.053,6.319
v1_lerobot_defaults,act_n25_s50k,act,25,50000,21200,0.054,7.491
v1_lerobot_defaults,act_n25_s50k,act,25,50000,21300,0.053,7.341
v1_lerobot_defaults,act_n25_s50k,act,25,50000,21400,0.051,6.219
v1_lerobot_defaults,act_n25_s50k,act,25,50000,21500,0.052,7.308
v1_lerobot_defaults,act_n25_s50k,act,25,50000,21600,0.051,6.346
v1_lerobot_defaults,act_n25_s50k,act,25,50000,21700,0.052,6.073
v1_lerobot_defaults,act_n25_s50k,act,25,50000,21800,0.051,6.044
v1_lerobot_defaults,act_n25_s50k,act,25,50000,21900,0.051,6.121
v1_lerobot_defaults,act_n25_s50k,act,25,50000,22000,0.053,7.036
v1_lerobot_defaults,act_n25_s50k,act,25,50000,22100,0.052,7.096
v1_lerobot_defaults,act_n25_s50k,act,25,50000,22200,0.052,5.824
v1_lerobot_defaults,act_n25_s50k,act,25,50000,22300,0.05,6.198
v1_lerobot_defaults,act_n25_s50k,act,25,50000,22400,0.049,5.824
v1_lerobot_defaults,act_n25_s50k,act,25,50000,22500,0.051,6.229
v1_lerobot_defaults,act_n25_s50k,act,25,50000,22600,0.053,6.8
v1_lerobot_defaults,act_n25_s50k,act,25,50000,22700,0.051,6.372
v1_lerobot_defaults,act_n25_s50k,act,25,50000,22800,0.051,6.389
v1_lerobot_defaults,act_n25_s50k,act,25,50000,22900,0.051,6.777
v1_lerobot_defaults,act_n25_s50k,act,25,50000,23000,0.051,6.271
v1_lerobot_defaults,act_n25_s50k,act,25,50000,23100,0.051,6.265
v1_lerobot_defaults,act_n25_s50k,act,25,50000,23200,0.05,6.034
v1_lerobot_defaults,act_n25_s50k,act,25,50000,23300,0.049,5.784
v1_lerobot_defaults,act_n25_s50k,act,25,50000,23400,0.049,6.071
v1_lerobot_defaults,act_n25_s50k,act,25,50000,23500,0.051,6.849
v1_lerobot_defaults,act_n25_s50k,act,25,50000,23600,0.048,5.693
v1_lerobot_defaults,act_n25_s50k,act,25,50000,23700,0.049,6.209
v1_lerobot_defaults,act_n25_s50k,act,25,50000,23800,0.048,6.113
v1_lerobot_defaults,act_n25_s50k,act,25,50000,23900,0.049,6.605
v1_lerobot_defaults,act_n25_s50k,act,25,50000,24000,0.049,6.846
v1_lerobot_defaults,act_n25_s50k,act,25,50000,24100,0.049,5.819
v1_lerobot_defaults,act_n25_s50k,act,25,50000,24200,0.049,6.448
v1_lerobot_defaults,act_n25_s50k,act,25,50000,24300,0.049,6.009
v1_lerobot_defaults,act_n25_s50k,act,25,50000,24400,0.048,5.437
v1_lerobot_defaults,act_n25_s50k,act,25,50000,24500,0.049,6.959
v1_lerobot_defaults,act_n25_s50k,act,25,50000,24600,0.048,6.057
v1_lerobot_defaults,act_n25_s50k,act,25,50000,24700,0.048,6.217
v1_lerobot_defaults,act_n25_s50k,act,25,50000,24800,0.048,6.309
v1_lerobot_defaults,act_n25_s50k,act,25,50000,24900,0.05,6.228
v1_lerobot_defaults,act_n25_s50k,act,25,50000,25000,0.049,5.899
v1_lerobot_defaults,act_n25_s50k,act,25,50000,25100,0.047,5.286
v1_lerobot_defaults,act_n25_s50k,act,25,50000,25200,0.047,6.313
v1_lerobot_defaults,act_n25_s50k,act,25,50000,25300,0.048,6.232
v1_lerobot_defaults,act_n25_s50k,act,25,50000,25400,0.048,6.446
v1_lerobot_defaults,act_n25_s50k,act,25,50000,25500,0.047,6.495
v1_lerobot_defaults,act_n25_s50k,act,25,50000,25600,0.047,6.163
v1_lerobot_defaults,act_n25_s50k,act,25,50000,25700,0.048,6.221
v1_lerobot_defaults,act_n25_s50k,act,25,50000,25800,0.048,6.541
v1_lerobot_defaults,act_n25_s50k,act,25,50000,25900,0.048,6.252
v1_lerobot_defaults,act_n25_s50k,act,25,50000,26000,0.044,5.423
v1_lerobot_defaults,act_n25_s50k,act,25,50000,26100,0.046,5.785
v1_lerobot_defaults,act_n25_s50k,act,25,50000,26200,0.047,6.357
v1_lerobot_defaults,act_n25_s50k,act,25,50000,26300,0.047,6.446
v1_lerobot_defaults,act_n25_s50k,act,25,50000,26400,0.047,5.853
v1_lerobot_defaults,act_n25_s50k,act,25,50000,26500,0.048,6.379
v1_lerobot_defaults,act_n25_s50k,act,25,50000,26600,0.046,5.501
v1_lerobot_defaults,act_n25_s50k,act,25,50000,26700,0.045,5.843
v1_lerobot_defaults,act_n25_s50k,act,25,50000,26800,0.046,5.688
v1_lerobot_defaults,act_n25_s50k,act,25,50000,26900,0.046,5.822
v1_lerobot_defaults,act_n25_s50k,act,25,50000,27000,0.046,6.119
v1_lerobot_defaults,act_n25_s50k,act,25,50000,27100,0.046,6.215
v1_lerobot_defaults,act_n25_s50k,act,25,50000,27200,0.046,6.113
v1_lerobot_defaults,act_n25_s50k,act,25,50000,27300,0.045,5.812
v1_lerobot_defaults,act_n25_s50k,act,25,50000,27400,0.047,6.488
v1_lerobot_defaults,act_n25_s50k,act,25,50000,27500,0.045,5.743
v1_lerobot_defaults,act_n25_s50k,act,25,50000,27600,0.045,6.065
v1_lerobot_defaults,act_n25_s50k,act,25,50000,27700,0.044,5.308
v1_lerobot_defaults,act_n25_s50k,act,25,50000,27800,0.044,5.771
v1_lerobot_defaults,act_n25_s50k,act,25,50000,27900,0.044,5.417
v1_lerobot_defaults,act_n25_s50k,act,25,50000,28000,0.044,5.215
v1_lerobot_defaults,act_n25_s50k,act,25,50000,28100,0.045,5.94
v1_lerobot_defaults,act_n25_s50k,act,25,50000,28200,0.045,5.272
v1_lerobot_defaults,act_n25_s50k,act,25,50000,28300,0.046,6.453
v1_lerobot_defaults,act_n25_s50k,act,25,50000,28400,0.044,5.836
v1_lerobot_defaults,act_n25_s50k,act,25,50000,28500,0.045,5.498
v1_lerobot_defaults,act_n25_s50k,act,25,50000,28600,0.044,5.434
v1_lerobot_defaults,act_n25_s50k,act,25,50000,28700,0.047,6.46
v1_lerobot_defaults,act_n25_s50k,act,25,50000,28800,0.045,5.748
v1_lerobot_defaults,act_n25_s50k,act,25,50000,28900,0.045,5.963
v1_lerobot_defaults,act_n25_s50k,act,25,50000,29000,0.044,5.97
v1_lerobot_defaults,act_n25_s50k,act,25,50000,29100,0.043,5.127
v1_lerobot_defaults,act_n25_s50k,act,25,50000,29200,0.043,5.735
v1_lerobot_defaults,act_n25_s50k,act,25,50000,29300,0.044,5.34
v1_lerobot_defaults,act_n25_s50k,act,25,50000,29400,0.043,5.292
v1_lerobot_defaults,act_n25_s50k,act,25,50000,29500,0.043,5.716
v1_lerobot_defaults,act_n25_s50k,act,25,50000,29600,0.044,5.545
v1_lerobot_defaults,act_n25_s50k,act,25,50000,29700,0.045,6.005
v1_lerobot_defaults,act_n25_s50k,act,25,50000,29800,0.043,5.396
v1_lerobot_defaults,act_n25_s50k,act,25,50000,29900,0.043,5.844
v1_lerobot_defaults,act_n25_s50k,act,25,50000,30000,0.044,5.996
v1_lerobot_defaults,act_n25_s50k,act,25,50000,30100,0.042,5.248
v1_lerobot_defaults,act_n25_s50k,act,25,50000,30200,0.044,6.597
v1_lerobot_defaults,act_n25_s50k,act,25,50000,30300,0.044,5.651
v1_lerobot_defaults,act_n25_s50k,act,25,50000,30400,0.042,5.328
v1_lerobot_defaults,act_n25_s50k,act,25,50000,30500,0.042,5.205
v1_lerobot_defaults,act_n25_s50k,act,25,50000,30600,0.042,4.763
v1_lerobot_defaults,act_n25_s50k,act,25,50000,30700,0.041,5.186
v1_lerobot_defaults,act_n25_s50k,act,25,50000,30800,0.043,5.763
v1_lerobot_defaults,act_n25_s50k,act,25,50000,30900,0.042,5.336
v1_lerobot_defaults,act_n25_s50k,act,25,50000,31000,0.043,6.095
v1_lerobot_defaults,act_n25_s50k,act,25,50000,31100,0.042,5.299
v1_lerobot_defaults,act_n25_s50k,act,25,50000,31200,0.043,5.989
v1_lerobot_defaults,act_n25_s50k,act,25,50000,31300,0.041,4.697
v1_lerobot_defaults,act_n25_s50k,act,25,50000,31400,0.043,6.457
v1_lerobot_defaults,act_n25_s50k,act,25,50000,31500,0.043,5.595
v1_lerobot_defaults,act_n25_s50k,act,25,50000,31600,0.043,5.605
v1_lerobot_defaults,act_n25_s50k,act,25,50000,31700,0.042,5.859
v1_lerobot_defaults,act_n25_s50k,act,25,50000,31800,0.041,5.039
v1_lerobot_defaults,act_n25_s50k,act,25,50000,31900,0.042,5.506
v1_lerobot_defaults,act_n25_s50k,act,25,50000,32000,0.044,6.336
v1_lerobot_defaults,act_n25_s50k,act,25,50000,32100,0.043,5.552
v1_lerobot_defaults,act_n25_s50k,act,25,50000,32200,0.042,5.176
v1_lerobot_defaults,act_n25_s50k,act,25,50000,32300,0.041,5.576
v1_lerobot_defaults,act_n25_s50k,act,25,50000,32400,0.041,5.483
v1_lerobot_defaults,act_n25_s50k,act,25,50000,32500,0.041,5.269
v1_lerobot_defaults,act_n25_s50k,act,25,50000,32600,0.041,5.194
v1_lerobot_defaults,act_n25_s50k,act,25,50000,32700,0.041,5.234
v1_lerobot_defaults,act_n25_s50k,act,25,50000,32800,0.042,6.294
v1_lerobot_defaults,act_n25_s50k,act,25,50000,32900,0.043,5.525
v1_lerobot_defaults,act_n25_s50k,act,25,50000,33000,0.042,5.56
v1_lerobot_defaults,act_n25_s50k,act,25,50000,33100,0.042,5.535
v1_lerobot_defaults,act_n25_s50k,act,25,50000,33200,0.042,6.036
v1_lerobot_defaults,act_n25_s50k,act,25,50000,33300,0.04,5.249
v1_lerobot_defaults,act_n25_s50k,act,25,50000,33400,0.041,5.596
v1_lerobot_defaults,act_n25_s50k,act,25,50000,33500,0.039,4.875
v1_lerobot_defaults,act_n25_s50k,act,25,50000,33600,0.041,5.186
v1_lerobot_defaults,act_n25_s50k,act,25,50000,33700,0.042,5.708
v1_lerobot_defaults,act_n25_s50k,act,25,50000,33800,0.041,5.099
v1_lerobot_defaults,act_n25_s50k,act,25,50000,33900,0.041,5.265
v1_lerobot_defaults,act_n25_s50k,act,25,50000,34000,0.04,5.36
v1_lerobot_defaults,act_n25_s50k,act,25,50000,34100,0.04,5.128
v1_lerobot_defaults,act_n25_s50k,act,25,50000,34200,0.039,4.963
v1_lerobot_defaults,act_n25_s50k,act,25,50000,34300,0.039,4.554
v1_lerobot_defaults,act_n25_s50k,act,25,50000,34400,0.04,5.433
v1_lerobot_defaults,act_n25_s50k,act,25,50000,34500,0.041,5.561
v1_lerobot_defaults,act_n25_s50k,act,25,50000,34600,0.039,5.218
v1_lerobot_defaults,act_n25_s50k,act,25,50000,34700,0.039,4.867
v1_lerobot_defaults,act_n25_s50k,act,25,50000,34800,0.039,5.005
v1_lerobot_defaults,act_n25_s50k,act,25,50000,34900,0.04,5.233
v1_lerobot_defaults,act_n25_s50k,act,25,50000,35000,0.039,4.735
v1_lerobot_defaults,act_n25_s50k,act,25,50000,35100,0.04,5.735
v1_lerobot_defaults,act_n25_s50k,act,25,50000,35200,0.039,5.117
v1_lerobot_defaults,act_n25_s50k,act,25,50000,35300,0.039,5.039
v1_lerobot_defaults,act_n25_s50k,act,25,50000,35400,0.038,4.92
v1_lerobot_defaults,act_n25_s50k,act,25,50000,35500,0.039,5.327
v1_lerobot_defaults,act_n25_s50k,act,25,50000,35600,0.039,5.569
v1_lerobot_defaults,act_n25_s50k,act,25,50000,35700,0.04,5.525
v1_lerobot_defaults,act_n25_s50k,act,25,50000,35800,0.04,5.95
v1_lerobot_defaults,act_n25_s50k,act,25,50000,35900,0.04,5.311
v1_lerobot_defaults,act_n25_s50k,act,25,50000,36000,0.04,5.744
v1_lerobot_defaults,act_n25_s50k,act,25,50000,36100,0.039,5.192
v1_lerobot_defaults,act_n25_s50k,act,25,50000,36200,0.038,5.122
v1_lerobot_defaults,act_n25_s50k,act,25,50000,36300,0.038,4.88
v1_lerobot_defaults,act_n25_s50k,act,25,50000,36400,0.04,5.712
v1_lerobot_defaults,act_n25_s50k,act,25,50000,36500,0.039,5.09
v1_lerobot_defaults,act_n25_s50k,act,25,50000,36600,0.039,5.446
v1_lerobot_defaults,act_n25_s50k,act,25,50000,36700,0.039,5.897
v1_lerobot_defaults,act_n25_s50k,act,25,50000,36800,0.039,5.546
v1_lerobot_defaults,act_n25_s50k,act,25,50000,36900,0.038,5.102
v1_lerobot_defaults,act_n25_s50k,act,25,50000,37000,0.039,5.718
v1_lerobot_defaults,act_n25_s50k,act,25,50000,37100,0.04,5.186
v1_lerobot_defaults,act_n25_s50k,act,25,50000,37200,0.039,5.157
v1_lerobot_defaults,act_n25_s50k,act,25,50000,37300,0.039,5.163
v1_lerobot_defaults,act_n25_s50k,act,25,50000,37400,0.038,5.22
v1_lerobot_defaults,act_n25_s50k,act,25,50000,37500,0.038,5.199
v1_lerobot_defaults,act_n25_s50k,act,25,50000,37600,0.039,5.238
v1_lerobot_defaults,act_n25_s50k,act,25,50000,37700,0.038,4.607
v1_lerobot_defaults,act_n25_s50k,act,25,50000,37800,0.038,4.871
v1_lerobot_defaults,act_n25_s50k,act,25,50000,37900,0.038,5.61
v1_lerobot_defaults,act_n25_s50k,act,25,50000,38000,0.038,5.101
v1_lerobot_defaults,act_n25_s50k,act,25,50000,38100,0.037,4.639
v1_lerobot_defaults,act_n25_s50k,act,25,50000,38200,0.039,5.311
v1_lerobot_defaults,act_n25_s50k,act,25,50000,38300,0.037,5.269
v1_lerobot_defaults,act_n25_s50k,act,25,50000,38400,0.038,5.187
v1_lerobot_defaults,act_n25_s50k,act,25,50000,38500,0.037,4.854
v1_lerobot_defaults,act_n25_s50k,act,25,50000,38600,0.038,4.87
v1_lerobot_defaults,act_n25_s50k,act,25,50000,38700,0.037,5.056
v1_lerobot_defaults,act_n25_s50k,act,25,50000,38800,0.038,4.83
v1_lerobot_defaults,act_n25_s50k,act,25,50000,38900,0.038,5.488
v1_lerobot_defaults,act_n25_s50k,act,25,50000,39000,0.038,4.925
v1_lerobot_defaults,act_n25_s50k,act,25,50000,39100,0.036,4.565
v1_lerobot_defaults,act_n25_s50k,act,25,50000,39200,0.037,5.12
v1_lerobot_defaults,act_n25_s50k,act,25,50000,39300,0.036,4.506
v1_lerobot_defaults,act_n25_s50k,act,25,50000,39400,0.037,4.862
v1_lerobot_defaults,act_n25_s50k,act,25,50000,39500,0.037,5.294
v1_lerobot_defaults,act_n25_s50k,act,25,50000,39600,0.038,5.603
v1_lerobot_defaults,act_n25_s50k,act,25,50000,39700,0.037,4.6
v1_lerobot_defaults,act_n25_s50k,act,25,50000,39800,0.037,4.848
v1_lerobot_defaults,act_n25_s50k,act,25,50000,39900,0.038,4.886
v1_lerobot_defaults,act_n25_s50k,act,25,50000,40000,0.037,5.3
v1_lerobot_defaults,act_n25_s50k,act,25,50000,40100,0.037,4.798
v1_lerobot_defaults,act_n25_s50k,act,25,50000,40200,0.038,5.174
v1_lerobot_defaults,act_n25_s50k,act,25,50000,40300,0.038,5.102
v1_lerobot_defaults,act_n25_s50k,act,25,50000,40400,0.038,5.262
v1_lerobot_defaults,act_n25_s50k,act,25,50000,40500,0.038,5.004
v1_lerobot_defaults,act_n25_s50k,act,25,50000,40600,0.036,5.021
v1_lerobot_defaults,act_n25_s50k,act,25,50000,40700,0.036,4.825
v1_lerobot_defaults,act_n25_s50k,act,25,50000,40800,0.036,4.779
v1_lerobot_defaults,act_n25_s50k,act,25,50000,40900,0.038,5.34
v1_lerobot_defaults,act_n25_s50k,act,25,50000,41000,0.036,5.154
v1_lerobot_defaults,act_n25_s50k,act,25,50000,41100,0.035,4.604
v1_lerobot_defaults,act_n25_s50k,act,25,50000,41200,0.036,4.867
v1_lerobot_defaults,act_n25_s50k,act,25,50000,41300,0.036,4.812
v1_lerobot_defaults,act_n25_s50k,act,25,50000,41400,0.036,5.09
v1_lerobot_defaults,act_n25_s50k,act,25,50000,41500,0.036,4.525
v1_lerobot_defaults,act_n25_s50k,act,25,50000,41600,0.036,5.203
v1_lerobot_defaults,act_n25_s50k,act,25,50000,41700,0.037,4.826
v1_lerobot_defaults,act_n25_s50k,act,25,50000,41800,0.036,4.63
v1_lerobot_defaults,act_n25_s50k,act,25,50000,41900,0.035,5.26
v1_lerobot_defaults,act_n25_s50k,act,25,50000,42000,0.035,4.772
v1_lerobot_defaults,act_n25_s50k,act,25,50000,42100,0.036,5.075
v1_lerobot_defaults,act_n25_s50k,act,25,50000,42200,0.036,4.592
v1_lerobot_defaults,act_n25_s50k,act,25,50000,42300,0.035,4.615
v1_lerobot_defaults,act_n25_s50k,act,25,50000,42400,0.036,5.832
v1_lerobot_defaults,act_n25_s50k,act,25,50000,42500,0.036,5.161
v1_lerobot_defaults,act_n25_s50k,act,25,50000,42600,0.036,5.034
v1_lerobot_defaults,act_n25_s50k,act,25,50000,42700,0.035,4.531
v1_lerobot_defaults,act_n25_s50k,act,25,50000,42800,0.035,5.067
v1_lerobot_defaults,act_n25_s50k,act,25,50000,42900,0.036,4.835
v1_lerobot_defaults,act_n25_s50k,act,25,50000,43000,0.036,5.124
v1_lerobot_defaults,act_n25_s50k,act,25,50000,43100,0.036,4.96
v1_lerobot_defaults,act_n25_s50k,act,25,50000,43200,0.035,5.089
v1_lerobot_defaults,act_n25_s50k,act,25,50000,43300,0.035,4.291
v1_lerobot_defaults,act_n25_s50k,act,25,50000,43400,0.036,4.562
v1_lerobot_defaults,act_n25_s50k,act,25,50000,43500,0.036,4.924
v1_lerobot_defaults,act_n25_s50k,act,25,50000,43600,0.036,5.317
v1_lerobot_defaults,act_n25_s50k,act,25,50000,43700,0.035,4.877
v1_lerobot_defaults,act_n25_s50k,act,25,50000,43800,0.035,4.568
v1_lerobot_defaults,act_n25_s50k,act,25,50000,43900,0.036,5.575
v1_lerobot_defaults,act_n25_s50k,act,25,50000,44000,0.036,4.826
v1_lerobot_defaults,act_n25_s50k,act,25,50000,44100,0.034,4.451
v1_lerobot_defaults,act_n25_s50k,act,25,50000,44200,0.035,4.97
v1_lerobot_defaults,act_n25_s50k,act,25,50000,44300,0.036,5.727
v1_lerobot_defaults,act_n25_s50k,act,25,50000,44400,0.036,4.835
v1_lerobot_defaults,act_n25_s50k,act,25,50000,44500,0.034,4.644
v1_lerobot_defaults,act_n25_s50k,act,25,50000,44600,0.034,4.581
v1_lerobot_defaults,act_n25_s50k,act,25,50000,44700,0.034,4.862
v1_lerobot_defaults,act_n25_s50k,act,25,50000,44800,0.036,4.548
v1_lerobot_defaults,act_n25_s50k,act,25,50000,44900,0.035,5.081
v1_lerobot_defaults,act_n25_s50k,act,25,50000,45000,0.035,5.031
v1_lerobot_defaults,act_n25_s50k,act,25,50000,45100,0.035,4.746
v1_lerobot_defaults,act_n25_s50k,act,25,50000,45200,0.035,5.074
v1_lerobot_defaults,act_n25_s50k,act,25,50000,45300,0.034,4.393
v1_lerobot_defaults,act_n25_s50k,act,25,50000,45400,0.036,4.992
v1_lerobot_defaults,act_n25_s50k,act,25,50000,45500,0.035,4.754
v1_lerobot_defaults,act_n25_s50k,act,25,50000,45600,0.034,4.856
v1_lerobot_defaults,act_n25_s50k,act,25,50000,45700,0.035,5.185
v1_lerobot_defaults,act_n25_s50k,act,25,50000,45800,0.034,4.519
v1_lerobot_defaults,act_n25_s50k,act,25,50000,45900,0.034,4.659
v1_lerobot_defaults,act_n25_s50k,act,25,50000,46000,0.034,4.803
v1_lerobot_defaults,act_n25_s50k,act,25,50000,46100,0.034,4.755
v1_lerobot_defaults,act_n25_s50k,act,25,50000,46200,0.033,4.371
v1_lerobot_defaults,act_n25_s50k,act,25,50000,46300,0.033,4.803
v1_lerobot_defaults,act_n25_s50k,act,25,50000,46400,0.034,4.565
v1_lerobot_defaults,act_n25_s50k,act,25,50000,46500,0.034,4.844
v1_lerobot_defaults,act_n25_s50k,act,25,50000,46600,0.034,4.612
v1_lerobot_defaults,act_n25_s50k,act,25,50000,46700,0.035,4.56
v1_lerobot_defaults,act_n25_s50k,act,25,50000,46800,0.033,4.284
v1_lerobot_defaults,act_n25_s50k,act,25,50000,46900,0.034,5.053
v1_lerobot_defaults,act_n25_s50k,act,25,50000,47000,0.034,5.26
v1_lerobot_defaults,act_n25_s50k,act,25,50000,47100,0.034,4.902
v1_lerobot_defaults,act_n25_s50k,act,25,50000,47200,0.033,4.478
v1_lerobot_defaults,act_n25_s50k,act,25,50000,47300,0.034,4.428
v1_lerobot_defaults,act_n25_s50k,act,25,50000,47400,0.034,4.819
v1_lerobot_defaults,act_n25_s50k,act,25,50000,47500,0.033,4.523
v1_lerobot_defaults,act_n25_s50k,act,25,50000,47600,0.034,4.607
v1_lerobot_defaults,act_n25_s50k,act,25,50000,47700,0.034,4.682
v1_lerobot_defaults,act_n25_s50k,act,25,50000,47800,0.035,4.825
v1_lerobot_defaults,act_n25_s50k,act,25,50000,47900,0.035,4.825
v1_lerobot_defaults,act_n25_s50k,act,25,50000,48000,0.035,5.268
v1_lerobot_defaults,act_n25_s50k,act,25,50000,48100,0.035,4.662
v1_lerobot_defaults,act_n25_s50k,act,25,50000,48200,0.034,5.034
v1_lerobot_defaults,act_n25_s50k,act,25,50000,48300,0.033,4.272
v1_lerobot_defaults,act_n25_s50k,act,25,50000,48400,0.034,4.921
v1_lerobot_defaults,act_n25_s50k,act,25,50000,48500,0.033,4.595
v1_lerobot_defaults,act_n25_s50k,act,25,50000,48600,0.033,4.457
v1_lerobot_defaults,act_n25_s50k,act,25,50000,48700,0.033,4.665
v1_lerobot_defaults,act_n25_s50k,act,25,50000,48800,0.033,4.513
v1_lerobot_defaults,act_n25_s50k,act,25,50000,48900,0.033,4.684
v1_lerobot_defaults,act_n25_s50k,act,25,50000,49000,0.033,4.948
v1_lerobot_defaults,act_n25_s50k,act,25,50000,49100,0.035,5.216
v1_lerobot_defaults,act_n25_s50k,act,25,50000,49200,0.032,4.1
v1_lerobot_defaults,act_n25_s50k,act,25,50000,49300,0.032,4.517
v1_lerobot_defaults,act_n25_s50k,act,25,50000,49400,0.032,4.655
v1_lerobot_defaults,act_n25_s50k,act,25,50000,49500,0.033,4.859
v1_lerobot_defaults,act_n25_s50k,act,25,50000,49600,0.033,5.254
v1_lerobot_defaults,act_n25_s50k,act,25,50000,49700,0.032,4.314
v1_lerobot_defaults,act_n25_s50k,act,25,50000,49800,0.034,4.656
v1_lerobot_defaults,act_n25_s50k,act,25,50000,49900,0.033,4.94
v1_lerobot_defaults,act_n25_s50k,act,25,50000,50000,0.033,4.566
v1_lerobot_defaults,act_n50_s50k,act,50,50000,100,8.543,139.212
v1_lerobot_defaults,act_n50_s50k,act,50,50000,200,2.975,55.733
v1_lerobot_defaults,act_n50_s50k,act,50,50000,300,2.506,47.138
v1_lerobot_defaults,act_n50_s50k,act,50,50000,400,2.211,44.251
v1_lerobot_defaults,act_n50_s50k,act,50,50000,500,1.964,43.247
v1_lerobot_defaults,act_n50_s50k,act,50,50000,600,1.752,42.789
v1_lerobot_defaults,act_n50_s50k,act,50,50000,700,1.601,40.761
v1_lerobot_defaults,act_n50_s50k,act,50,50000,800,1.464,38.862
v1_lerobot_defaults,act_n50_s50k,act,50,50000,900,1.35,38.889
v1_lerobot_defaults,act_n50_s50k,act,50,50000,1000,1.233,35.045
v1_lerobot_defaults,act_n50_s50k,act,50,50000,1100,1.131,34.269
v1_lerobot_defaults,act_n50_s50k,act,50,50000,1200,1.044,34.146
v1_lerobot_defaults,act_n50_s50k,act,50,50000,1300,0.953,30.903
v1_lerobot_defaults,act_n50_s50k,act,50,50000,1400,0.881,30.217
v1_lerobot_defaults,act_n50_s50k,act,50,50000,1500,0.807,28.402
v1_lerobot_defaults,act_n50_s50k,act,50,50000,1600,0.745,28.875
v1_lerobot_defaults,act_n50_s50k,act,50,50000,1700,0.677,25.993
v1_lerobot_defaults,act_n50_s50k,act,50,50000,1800,0.627,25.573
v1_lerobot_defaults,act_n50_s50k,act,50,50000,1900,0.585,25.419
v1_lerobot_defaults,act_n50_s50k,act,50,50000,2000,0.532,22.757
v1_lerobot_defaults,act_n50_s50k,act,50,50000,2100,0.496,24.149
v1_lerobot_defaults,act_n50_s50k,act,50,50000,2200,0.457,22.278
v1_lerobot_defaults,act_n50_s50k,act,50,50000,2300,0.429,22.028
v1_lerobot_defaults,act_n50_s50k,act,50,50000,2400,0.412,22.206
v1_lerobot_defaults,act_n50_s50k,act,50,50000,2500,0.384,22.212
v1_lerobot_defaults,act_n50_s50k,act,50,50000,2600,0.366,21.201
v1_lerobot_defaults,act_n50_s50k,act,50,50000,2700,0.34,20.452
v1_lerobot_defaults,act_n50_s50k,act,50,50000,2800,0.321,18.55
v1_lerobot_defaults,act_n50_s50k,act,50,50000,2900,0.311,18.57
v1_lerobot_defaults,act_n50_s50k,act,50,50000,3000,0.297,18.964
v1_lerobot_defaults,act_n50_s50k,act,50,50000,3100,0.289,19.567
v1_lerobot_defaults,act_n50_s50k,act,50,50000,3200,0.271,18.127
v1_lerobot_defaults,act_n50_s50k,act,50,50000,3300,0.261,17.42
v1_lerobot_defaults,act_n50_s50k,act,50,50000,3400,0.26,19.558
v1_lerobot_defaults,act_n50_s50k,act,50,50000,3500,0.252,18.675
v1_lerobot_defaults,act_n50_s50k,act,50,50000,3600,0.243,16.987
v1_lerobot_defaults,act_n50_s50k,act,50,50000,3700,0.229,16.566
v1_lerobot_defaults,act_n50_s50k,act,50,50000,3800,0.23,17.861
v1_lerobot_defaults,act_n50_s50k,act,50,50000,3900,0.222,16.567
v1_lerobot_defaults,act_n50_s50k,act,50,50000,4000,0.212,14.795
v1_lerobot_defaults,act_n50_s50k,act,50,50000,4100,0.212,16.369
v1_lerobot_defaults,act_n50_s50k,act,50,50000,4200,0.207,16.882
v1_lerobot_defaults,act_n50_s50k,act,50,50000,4300,0.202,14.797
v1_lerobot_defaults,act_n50_s50k,act,50,50000,4400,0.198,16.199
v1_lerobot_defaults,act_n50_s50k,act,50,50000,4500,0.189,14.703
v1_lerobot_defaults,act_n50_s50k,act,50,50000,4600,0.189,15.318
v1_lerobot_defaults,act_n50_s50k,act,50,50000,4700,0.184,14.693
v1_lerobot_defaults,act_n50_s50k,act,50,50000,4800,0.184,14.731
v1_lerobot_defaults,act_n50_s50k,act,50,50000,4900,0.174,14.483
v1_lerobot_defaults,act_n50_s50k,act,50,50000,5000,0.175,14.432
v1_lerobot_defaults,act_n50_s50k,act,50,50000,5100,0.173,14.38
v1_lerobot_defaults,act_n50_s50k,act,50,50000,5200,0.169,14.586
v1_lerobot_defaults,act_n50_s50k,act,50,50000,5300,0.164,13.374
v1_lerobot_defaults,act_n50_s50k,act,50,50000,5400,0.159,13.03
v1_lerobot_defaults,act_n50_s50k,act,50,50000,5500,0.161,13.688
v1_lerobot_defaults,act_n50_s50k,act,50,50000,5600,0.156,12.613
v1_lerobot_defaults,act_n50_s50k,act,50,50000,5700,0.153,14.142
v1_lerobot_defaults,act_n50_s50k,act,50,50000,5800,0.151,13.17
v1_lerobot_defaults,act_n50_s50k,act,50,50000,5900,0.148,12.562
v1_lerobot_defaults,act_n50_s50k,act,50,50000,6000,0.146,12.285
v1_lerobot_defaults,act_n50_s50k,act,50,50000,6100,0.146,13.129
v1_lerobot_defaults,act_n50_s50k,act,50,50000,6200,0.147,12.791
v1_lerobot_defaults,act_n50_s50k,act,50,50000,6300,0.145,12.816
v1_lerobot_defaults,act_n50_s50k,act,50,50000,6400,0.137,11.542
v1_lerobot_defaults,act_n50_s50k,act,50,50000,6500,0.139,13.429
v1_lerobot_defaults,act_n50_s50k,act,50,50000,6600,0.136,11.738
v1_lerobot_defaults,act_n50_s50k,act,50,50000,6700,0.135,12.555
v1_lerobot_defaults,act_n50_s50k,act,50,50000,6800,0.133,11.752
v1_lerobot_defaults,act_n50_s50k,act,50,50000,6900,0.137,13.892
v1_lerobot_defaults,act_n50_s50k,act,50,50000,7000,0.132,11.363
v1_lerobot_defaults,act_n50_s50k,act,50,50000,7100,0.129,11.847
v1_lerobot_defaults,act_n50_s50k,act,50,50000,7200,0.128,10.956
v1_lerobot_defaults,act_n50_s50k,act,50,50000,7300,0.126,11.226
v1_lerobot_defaults,act_n50_s50k,act,50,50000,7400,0.126,11.956
v1_lerobot_defaults,act_n50_s50k,act,50,50000,7500,0.126,11.707
v1_lerobot_defaults,act_n50_s50k,act,50,50000,7600,0.12,10.526
v1_lerobot_defaults,act_n50_s50k,act,50,50000,7700,0.122,11.682
v1_lerobot_defaults,act_n50_s50k,act,50,50000,7800,0.117,10.913
v1_lerobot_defaults,act_n50_s50k,act,50,50000,7900,0.124,11.649
v1_lerobot_defaults,act_n50_s50k,act,50,50000,8000,0.118,10.249
v1_lerobot_defaults,act_n50_s50k,act,50,50000,8100,0.117,10.485
v1_lerobot_defaults,act_n50_s50k,act,50,50000,8200,0.116,10.774
v1_lerobot_defaults,act_n50_s50k,act,50,50000,8300,0.119,10.609
v1_lerobot_defaults,act_n50_s50k,act,50,50000,8400,0.113,10.612
v1_lerobot_defaults,act_n50_s50k,act,50,50000,8500,0.116,11.844
v1_lerobot_defaults,act_n50_s50k,act,50,50000,8600,0.111,10.632
v1_lerobot_defaults,act_n50_s50k,act,50,50000,8700,0.112,10.827
v1_lerobot_defaults,act_n50_s50k,act,50,50000,8800,0.109,9.965
v1_lerobot_defaults,act_n50_s50k,act,50,50000,8900,0.108,9.399
v1_lerobot_defaults,act_n50_s50k,act,50,50000,9000,0.111,10.269
v1_lerobot_defaults,act_n50_s50k,act,50,50000,9100,0.109,10.655
v1_lerobot_defaults,act_n50_s50k,act,50,50000,9200,0.107,10.648
v1_lerobot_defaults,act_n50_s50k,act,50,50000,9300,0.105,9.383
v1_lerobot_defaults,act_n50_s50k,act,50,50000,9400,0.102,9.261
v1_lerobot_defaults,act_n50_s50k,act,50,50000,9500,0.104,9.48
v1_lerobot_defaults,act_n50_s50k,act,50,50000,9600,0.105,9.291
v1_lerobot_defaults,act_n50_s50k,act,50,50000,9700,0.104,9.326
v1_lerobot_defaults,act_n50_s50k,act,50,50000,9800,0.104,10.033
v1_lerobot_defaults,act_n50_s50k,act,50,50000,9900,0.102,9.17
v1_lerobot_defaults,act_n50_s50k,act,50,50000,10000,0.102,9.367
v1_lerobot_defaults,act_n50_s50k,act,50,50000,10100,0.099,8.897
v1_lerobot_defaults,act_n50_s50k,act,50,50000,10200,0.1,9.116
v1_lerobot_defaults,act_n50_s50k,act,50,50000,10300,0.099,8.863
v1_lerobot_defaults,act_n50_s50k,act,50,50000,10400,0.098,10.563
v1_lerobot_defaults,act_n50_s50k,act,50,50000,10500,0.097,9.512
v1_lerobot_defaults,act_n50_s50k,act,50,50000,10600,0.098,9.773
v1_lerobot_defaults,act_n50_s50k,act,50,50000,10700,0.094,9.474
v1_lerobot_defaults,act_n50_s50k,act,50,50000,10800,0.096,9.496
v1_lerobot_defaults,act_n50_s50k,act,50,50000,10900,0.096,9.375
v1_lerobot_defaults,act_n50_s50k,act,50,50000,11000,0.092,9.226
v1_lerobot_defaults,act_n50_s50k,act,50,50000,11100,0.094,8.722
v1_lerobot_defaults,act_n50_s50k,act,50,50000,11200,0.093,8.615
v1_lerobot_defaults,act_n50_s50k,act,50,50000,11300,0.093,8.481
v1_lerobot_defaults,act_n50_s50k,act,50,50000,11400,0.092,9.008
v1_lerobot_defaults,act_n50_s50k,act,50,50000,11500,0.092,8.382
v1_lerobot_defaults,act_n50_s50k,act,50,50000,11600,0.092,9.09
v1_lerobot_defaults,act_n50_s50k,act,50,50000,11700,0.093,8.766
v1_lerobot_defaults,act_n50_s50k,act,50,50000,11800,0.095,10.155
v1_lerobot_defaults,act_n50_s50k,act,50,50000,11900,0.089,8.307
v1_lerobot_defaults,act_n50_s50k,act,50,50000,12000,0.089,8.657
v1_lerobot_defaults,act_n50_s50k,act,50,50000,12100,0.087,8.37
v1_lerobot_defaults,act_n50_s50k,act,50,50000,12200,0.087,8.067
v1_lerobot_defaults,act_n50_s50k,act,50,50000,12300,0.089,8.814
v1_lerobot_defaults,act_n50_s50k,act,50,50000,12400,0.087,8.501
v1_lerobot_defaults,act_n50_s50k,act,50,50000,12500,0.089,9.076
v1_lerobot_defaults,act_n50_s50k,act,50,50000,12600,0.088,8.525
v1_lerobot_defaults,act_n50_s50k,act,50,50000,12700,0.087,9.5
v1_lerobot_defaults,act_n50_s50k,act,50,50000,12800,0.088,8.546
v1_lerobot_defaults,act_n50_s50k,act,50,50000,12900,0.085,7.534
v1_lerobot_defaults,act_n50_s50k,act,50,50000,13000,0.083,7.609
v1_lerobot_defaults,act_n50_s50k,act,50,50000,13100,0.086,8.125
v1_lerobot_defaults,act_n50_s50k,act,50,50000,13200,0.085,8.241
v1_lerobot_defaults,act_n50_s50k,act,50,50000,13300,0.083,7.965
v1_lerobot_defaults,act_n50_s50k,act,50,50000,13400,0.082,7.746
v1_lerobot_defaults,act_n50_s50k,act,50,50000,13500,0.086,9.44
v1_lerobot_defaults,act_n50_s50k,act,50,50000,13600,0.085,9.16
v1_lerobot_defaults,act_n50_s50k,act,50,50000,13700,0.084,7.943
v1_lerobot_defaults,act_n50_s50k,act,50,50000,13800,0.082,7.515
v1_lerobot_defaults,act_n50_s50k,act,50,50000,13900,0.081,8.303
v1_lerobot_defaults,act_n50_s50k,act,50,50000,14000,0.082,8.631
v1_lerobot_defaults,act_n50_s50k,act,50,50000,14100,0.081,7.763
v1_lerobot_defaults,act_n50_s50k,act,50,50000,14200,0.08,7.571
v1_lerobot_defaults,act_n50_s50k,act,50,50000,14300,0.081,8.174
v1_lerobot_defaults,act_n50_s50k,act,50,50000,14400,0.079,8.374
v1_lerobot_defaults,act_n50_s50k,act,50,50000,14500,0.079,7.834
v1_lerobot_defaults,act_n50_s50k,act,50,50000,14600,0.077,7.743
v1_lerobot_defaults,act_n50_s50k,act,50,50000,14700,0.081,8.931
v1_lerobot_defaults,act_n50_s50k,act,50,50000,14800,0.077,8.303
v1_lerobot_defaults,act_n50_s50k,act,50,50000,14900,0.08,8.649
v1_lerobot_defaults,act_n50_s50k,act,50,50000,15000,0.078,7.568
v1_lerobot_defaults,act_n50_s50k,act,50,50000,15100,0.077,8.118
v1_lerobot_defaults,act_n50_s50k,act,50,50000,15200,0.076,7.903
v1_lerobot_defaults,act_n50_s50k,act,50,50000,15300,0.078,7.586
v1_lerobot_defaults,act_n50_s50k,act,50,50000,15400,0.077,7.548
v1_lerobot_defaults,act_n50_s50k,act,50,50000,15500,0.074,7.539
v1_lerobot_defaults,act_n50_s50k,act,50,50000,15600,0.077,8.458
v1_lerobot_defaults,act_n50_s50k,act,50,50000,15700,0.075,7.749
v1_lerobot_defaults,act_n50_s50k,act,50,50000,15800,0.075,7.816
v1_lerobot_defaults,act_n50_s50k,act,50,50000,15900,0.079,8.363
v1_lerobot_defaults,act_n50_s50k,act,50,50000,16000,0.077,8.017
v1_lerobot_defaults,act_n50_s50k,act,50,50000,16100,0.076,8.061
v1_lerobot_defaults,act_n50_s50k,act,50,50000,16200,0.074,8.036
v1_lerobot_defaults,act_n50_s50k,act,50,50000,16300,0.072,7.072
v1_lerobot_defaults,act_n50_s50k,act,50,50000,16400,0.074,7.45
v1_lerobot_defaults,act_n50_s50k,act,50,50000,16500,0.073,7.636
v1_lerobot_defaults,act_n50_s50k,act,50,50000,16600,0.073,7.377
v1_lerobot_defaults,act_n50_s50k,act,50,50000,16700,0.072,7.348
v1_lerobot_defaults,act_n50_s50k,act,50,50000,16800,0.074,7.961
v1_lerobot_defaults,act_n50_s50k,act,50,50000,16900,0.075,7.409
v1_lerobot_defaults,act_n50_s50k,act,50,50000,17000,0.071,6.752
v1_lerobot_defaults,act_n50_s50k,act,50,50000,17100,0.071,7.201
v1_lerobot_defaults,act_n50_s50k,act,50,50000,17200,0.074,8.222
v1_lerobot_defaults,act_n50_s50k,act,50,50000,17300,0.071,7.33
v1_lerobot_defaults,act_n50_s50k,act,50,50000,17400,0.073,8.671
v1_lerobot_defaults,act_n50_s50k,act,50,50000,17500,0.071,7.122
v1_lerobot_defaults,act_n50_s50k,act,50,50000,17600,0.069,7.437
v1_lerobot_defaults,act_n50_s50k,act,50,50000,17700,0.071,7.126
v1_lerobot_defaults,act_n50_s50k,act,50,50000,17800,0.069,7.464
v1_lerobot_defaults,act_n50_s50k,act,50,50000,17900,0.072,8.091
v1_lerobot_defaults,act_n50_s50k,act,50,50000,18000,0.071,7.647
v1_lerobot_defaults,act_n50_s50k,act,50,50000,18100,0.068,6.675
v1_lerobot_defaults,act_n50_s50k,act,50,50000,18200,0.068,6.883
v1_lerobot_defaults,act_n50_s50k,act,50,50000,18300,0.07,7.273
v1_lerobot_defaults,act_n50_s50k,act,50,50000,18400,0.068,6.807
v1_lerobot_defaults,act_n50_s50k,act,50,50000,18500,0.069,7.656
v1_lerobot_defaults,act_n50_s50k,act,50,50000,18600,0.068,7.072
v1_lerobot_defaults,act_n50_s50k,act,50,50000,18700,0.068,7.463
v1_lerobot_defaults,act_n50_s50k,act,50,50000,18800,0.068,7.422
v1_lerobot_defaults,act_n50_s50k,act,50,50000,18900,0.068,6.818
v1_lerobot_defaults,act_n50_s50k,act,50,50000,19000,0.067,7.018
v1_lerobot_defaults,act_n50_s50k,act,50,50000,19100,0.066,6.194
v1_lerobot_defaults,act_n50_s50k,act,50,50000,19200,0.067,7.061
v1_lerobot_defaults,act_n50_s50k,act,50,50000,19300,0.066,6.747
v1_lerobot_defaults,act_n50_s50k,act,50,50000,19400,0.066,6.805
v1_lerobot_defaults,act_n50_s50k,act,50,50000,19500,0.068,7.315
v1_lerobot_defaults,act_n50_s50k,act,50,50000,19600,0.068,7.574
v1_lerobot_defaults,act_n50_s50k,act,50,50000,19700,0.065,6.369
v1_lerobot_defaults,act_n50_s50k,act,50,50000,19800,0.066,7.002
v1_lerobot_defaults,act_n50_s50k,act,50,50000,19900,0.065,6.44
v1_lerobot_defaults,act_n50_s50k,act,50,50000,20000,0.065,6.868
v1_lerobot_defaults,act_n50_s50k,act,50,50000,20100,0.065,7.714
v1_lerobot_defaults,act_n50_s50k,act,50,50000,20200,0.065,7.047
v1_lerobot_defaults,act_n50_s50k,act,50,50000,20300,0.067,7.22
v1_lerobot_defaults,act_n50_s50k,act,50,50000,20400,0.065,7.204
v1_lerobot_defaults,act_n50_s50k,act,50,50000,20500,0.064,6.884
v1_lerobot_defaults,act_n50_s50k,act,50,50000,20600,0.064,7.144
v1_lerobot_defaults,act_n50_s50k,act,50,50000,20700,0.064,7.231
v1_lerobot_defaults,act_n50_s50k,act,50,50000,20800,0.064,7.072
v1_lerobot_defaults,act_n50_s50k,act,50,50000,20900,0.063,5.643
v1_lerobot_defaults,act_n50_s50k,act,50,50000,21000,0.062,6.855
v1_lerobot_defaults,act_n50_s50k,act,50,50000,21100,0.061,6.156
v1_lerobot_defaults,act_n50_s50k,act,50,50000,21200,0.065,7.009
v1_lerobot_defaults,act_n50_s50k,act,50,50000,21300,0.066,7.209
v1_lerobot_defaults,act_n50_s50k,act,50,50000,21400,0.062,6.736
v1_lerobot_defaults,act_n50_s50k,act,50,50000,21500,0.06,5.918
v1_lerobot_defaults,act_n50_s50k,act,50,50000,21600,0.06,6.546
v1_lerobot_defaults,act_n50_s50k,act,50,50000,21700,0.063,6.727
v1_lerobot_defaults,act_n50_s50k,act,50,50000,21800,0.061,6.22
v1_lerobot_defaults,act_n50_s50k,act,50,50000,21900,0.062,6.557
v1_lerobot_defaults,act_n50_s50k,act,50,50000,22000,0.064,7.658
v1_lerobot_defaults,act_n50_s50k,act,50,50000,22100,0.064,7.15
v1_lerobot_defaults,act_n50_s50k,act,50,50000,22200,0.062,6.553
v1_lerobot_defaults,act_n50_s50k,act,50,50000,22300,0.062,7.088
v1_lerobot_defaults,act_n50_s50k,act,50,50000,22400,0.062,6.73
v1_lerobot_defaults,act_n50_s50k,act,50,50000,22500,0.062,6.762
v1_lerobot_defaults,act_n50_s50k,act,50,50000,22600,0.06,6.221
v1_lerobot_defaults,act_n50_s50k,act,50,50000,22700,0.06,6.033
v1_lerobot_defaults,act_n50_s50k,act,50,50000,22800,0.06,5.992
v1_lerobot_defaults,act_n50_s50k,act,50,50000,22900,0.061,6.856
v1_lerobot_defaults,act_n50_s50k,act,50,50000,23000,0.06,7.088
v1_lerobot_defaults,act_n50_s50k,act,50,50000,23100,0.063,6.743
v1_lerobot_defaults,act_n50_s50k,act,50,50000,23200,0.065,7.325
v1_lerobot_defaults,act_n50_s50k,act,50,50000,23300,0.061,6.911
v1_lerobot_defaults,act_n50_s50k,act,50,50000,23400,0.06,6.966
v1_lerobot_defaults,act_n50_s50k,act,50,50000,23500,0.06,6.734
v1_lerobot_defaults,act_n50_s50k,act,50,50000,23600,0.061,7.638
v1_lerobot_defaults,act_n50_s50k,act,50,50000,23700,0.06,6.396
v1_lerobot_defaults,act_n50_s50k,act,50,50000,23800,0.059,6.336
v1_lerobot_defaults,act_n50_s50k,act,50,50000,23900,0.059,6.767
v1_lerobot_defaults,act_n50_s50k,act,50,50000,24000,0.06,6.233
v1_lerobot_defaults,act_n50_s50k,act,50,50000,24100,0.059,5.966
v1_lerobot_defaults,act_n50_s50k,act,50,50000,24200,0.06,7.5
v1_lerobot_defaults,act_n50_s50k,act,50,50000,24300,0.058,6.683
v1_lerobot_defaults,act_n50_s50k,act,50,50000,24400,0.058,6.151
v1_lerobot_defaults,act_n50_s50k,act,50,50000,24500,0.059,7.034
v1_lerobot_defaults,act_n50_s50k,act,50,50000,24600,0.06,6.543
v1_lerobot_defaults,act_n50_s50k,act,50,50000,24700,0.057,6.36
v1_lerobot_defaults,act_n50_s50k,act,50,50000,24800,0.058,6.258
v1_lerobot_defaults,act_n50_s50k,act,50,50000,24900,0.055,5.558
v1_lerobot_defaults,act_n50_s50k,act,50,50000,25000,0.059,7.186
v1_lerobot_defaults,act_n50_s50k,act,50,50000,25100,0.059,6.309
v1_lerobot_defaults,act_n50_s50k,act,50,50000,25200,0.056,5.514
v1_lerobot_defaults,act_n50_s50k,act,50,50000,25300,0.059,7.17
v1_lerobot_defaults,act_n50_s50k,act,50,50000,25400,0.057,6.187
v1_lerobot_defaults,act_n50_s50k,act,50,50000,25500,0.056,5.868
v1_lerobot_defaults,act_n50_s50k,act,50,50000,25600,0.058,6.839
v1_lerobot_defaults,act_n50_s50k,act,50,50000,25700,0.058,6.162
v1_lerobot_defaults,act_n50_s50k,act,50,50000,25800,0.057,6.452
v1_lerobot_defaults,act_n50_s50k,act,50,50000,25900,0.055,5.575
v1_lerobot_defaults,act_n50_s50k,act,50,50000,26000,0.056,6.45
v1_lerobot_defaults,act_n50_s50k,act,50,50000,26100,0.057,6.528
v1_lerobot_defaults,act_n50_s50k,act,50,50000,26200,0.058,6.783
v1_lerobot_defaults,act_n50_s50k,act,50,50000,26300,0.056,6.227
v1_lerobot_defaults,act_n50_s50k,act,50,50000,26400,0.059,6.561
v1_lerobot_defaults,act_n50_s50k,act,50,50000,26500,0.057,6.358
v1_lerobot_defaults,act_n50_s50k,act,50,50000,26600,0.057,6.661
v1_lerobot_defaults,act_n50_s50k,act,50,50000,26700,0.055,6.748
v1_lerobot_defaults,act_n50_s50k,act,50,50000,26800,0.058,6.224
v1_lerobot_defaults,act_n50_s50k,act,50,50000,26900,0.055,6.105
v1_lerobot_defaults,act_n50_s50k,act,50,50000,27000,0.055,5.783
v1_lerobot_defaults,act_n50_s50k,act,50,50000,27100,0.055,5.604
v1_lerobot_defaults,act_n50_s50k,act,50,50000,27200,0.056,6.187
v1_lerobot_defaults,act_n50_s50k,act,50,50000,27300,0.057,7.576
v1_lerobot_defaults,act_n50_s50k,act,50,50000,27400,0.056,6.537
v1_lerobot_defaults,act_n50_s50k,act,50,50000,27500,0.054,5.835
v1_lerobot_defaults,act_n50_s50k,act,50,50000,27600,0.055,5.961
v1_lerobot_defaults,act_n50_s50k,act,50,50000,27700,0.056,6.333
v1_lerobot_defaults,act_n50_s50k,act,50,50000,27800,0.054,6.454
v1_lerobot_defaults,act_n50_s50k,act,50,50000,27900,0.054,5.353
v1_lerobot_defaults,act_n50_s50k,act,50,50000,28000,0.056,6.18
v1_lerobot_defaults,act_n50_s50k,act,50,50000,28100,0.053,5.854
v1_lerobot_defaults,act_n50_s50k,act,50,50000,28200,0.054,5.971
v1_lerobot_defaults,act_n50_s50k,act,50,50000,28300,0.053,5.712
v1_lerobot_defaults,act_n50_s50k,act,50,50000,28400,0.055,6.178
v1_lerobot_defaults,act_n50_s50k,act,50,50000,28500,0.054,6.101
v1_lerobot_defaults,act_n50_s50k,act,50,50000,28600,0.054,6.125
v1_lerobot_defaults,act_n50_s50k,act,50,50000,28700,0.053,6.267
v1_lerobot_defaults,act_n50_s50k,act,50,50000,28800,0.053,5.745
v1_lerobot_defaults,act_n50_s50k,act,50,50000,28900,0.053,6.254
v1_lerobot_defaults,act_n50_s50k,act,50,50000,29000,0.054,6.354
v1_lerobot_defaults,act_n50_s50k,act,50,50000,29100,0.053,6.068
v1_lerobot_defaults,act_n50_s50k,act,50,50000,29200,0.053,6.069
v1_lerobot_defaults,act_n50_s50k,act,50,50000,29300,0.054,6.333
v1_lerobot_defaults,act_n50_s50k,act,50,50000,29400,0.054,6.773
v1_lerobot_defaults,act_n50_s50k,act,50,50000,29500,0.053,5.87
v1_lerobot_defaults,act_n50_s50k,act,50,50000,29600,0.053,6.216
v1_lerobot_defaults,act_n50_s50k,act,50,50000,29700,0.051,5.796
v1_lerobot_defaults,act_n50_s50k,act,50,50000,29800,0.052,6.038
v1_lerobot_defaults,act_n50_s50k,act,50,50000,29900,0.054,7.072
v1_lerobot_defaults,act_n50_s50k,act,50,50000,30000,0.053,5.978
v1_lerobot_defaults,act_n50_s50k,act,50,50000,30100,0.054,6.451
v1_lerobot_defaults,act_n50_s50k,act,50,50000,30200,0.053,5.857
v1_lerobot_defaults,act_n50_s50k,act,50,50000,30300,0.052,6.515
v1_lerobot_defaults,act_n50_s50k,act,50,50000,30400,0.054,6.214
v1_lerobot_defaults,act_n50_s50k,act,50,50000,30500,0.051,5.97
v1_lerobot_defaults,act_n50_s50k,act,50,50000,30600,0.052,6.209
v1_lerobot_defaults,act_n50_s50k,act,50,50000,30700,0.053,6.08
v1_lerobot_defaults,act_n50_s50k,act,50,50000,30800,0.053,6.129
v1_lerobot_defaults,act_n50_s50k,act,50,50000,30900,0.051,5.525
v1_lerobot_defaults,act_n50_s50k,act,50,50000,31000,0.052,6.088
v1_lerobot_defaults,act_n50_s50k,act,50,50000,31100,0.051,5.931
v1_lerobot_defaults,act_n50_s50k,act,50,50000,31200,0.051,5.643
v1_lerobot_defaults,act_n50_s50k,act,50,50000,31300,0.053,6.509
v1_lerobot_defaults,act_n50_s50k,act,50,50000,31400,0.052,6.09
v1_lerobot_defaults,act_n50_s50k,act,50,50000,31500,0.051,6.136
v1_lerobot_defaults,act_n50_s50k,act,50,50000,31600,0.054,6.154
v1_lerobot_defaults,act_n50_s50k,act,50,50000,31700,0.05,5.548
v1_lerobot_defaults,act_n50_s50k,act,50,50000,31800,0.05,5.772
v1_lerobot_defaults,act_n50_s50k,act,50,50000,31900,0.052,6.297
v1_lerobot_defaults,act_n50_s50k,act,50,50000,32000,0.052,5.9
v1_lerobot_defaults,act_n50_s50k,act,50,50000,32100,0.05,5.882
v1_lerobot_defaults,act_n50_s50k,act,50,50000,32200,0.052,6.04
v1_lerobot_defaults,act_n50_s50k,act,50,50000,32300,0.049,5.537
v1_lerobot_defaults,act_n50_s50k,act,50,50000,32400,0.049,5.014
v1_lerobot_defaults,act_n50_s50k,act,50,50000,32500,0.053,6.065
v1_lerobot_defaults,act_n50_s50k,act,50,50000,32600,0.05,5.846
v1_lerobot_defaults,act_n50_s50k,act,50,50000,32700,0.052,6.16
v1_lerobot_defaults,act_n50_s50k,act,50,50000,32800,0.05,5.35
v1_lerobot_defaults,act_n50_s50k,act,50,50000,32900,0.05,5.597
v1_lerobot_defaults,act_n50_s50k,act,50,50000,33000,0.05,5.949
v1_lerobot_defaults,act_n50_s50k,act,50,50000,33100,0.049,5.278
v1_lerobot_defaults,act_n50_s50k,act,50,50000,33200,0.05,5.499
v1_lerobot_defaults,act_n50_s50k,act,50,50000,33300,0.05,5.434
v1_lerobot_defaults,act_n50_s50k,act,50,50000,33400,0.049,5.99
v1_lerobot_defaults,act_n50_s50k,act,50,50000,33500,0.05,5.842
v1_lerobot_defaults,act_n50_s50k,act,50,50000,33600,0.05,5.913
v1_lerobot_defaults,act_n50_s50k,act,50,50000,33700,0.047,5.114
v1_lerobot_defaults,act_n50_s50k,act,50,50000,33800,0.05,6.384
v1_lerobot_defaults,act_n50_s50k,act,50,50000,33900,0.049,6.004
v1_lerobot_defaults,act_n50_s50k,act,50,50000,34000,0.048,5.594
v1_lerobot_defaults,act_n50_s50k,act,50,50000,34100,0.049,5.596
v1_lerobot_defaults,act_n50_s50k,act,50,50000,34200,0.05,5.645
v1_lerobot_defaults,act_n50_s50k,act,50,50000,34300,0.049,5.873
v1_lerobot_defaults,act_n50_s50k,act,50,50000,34400,0.048,5.113
v1_lerobot_defaults,act_n50_s50k,act,50,50000,34500,0.048,5.316
v1_lerobot_defaults,act_n50_s50k,act,50,50000,34600,0.049,5.655
v1_lerobot_defaults,act_n50_s50k,act,50,50000,34700,0.047,5.398
v1_lerobot_defaults,act_n50_s50k,act,50,50000,34800,0.051,5.736
v1_lerobot_defaults,act_n50_s50k,act,50,50000,34900,0.048,5.638
v1_lerobot_defaults,act_n50_s50k,act,50,50000,35000,0.048,5.303
v1_lerobot_defaults,act_n50_s50k,act,50,50000,35100,0.048,5.261
v1_lerobot_defaults,act_n50_s50k,act,50,50000,35200,0.05,6.141
v1_lerobot_defaults,act_n50_s50k,act,50,50000,35300,0.05,5.897
v1_lerobot_defaults,act_n50_s50k,act,50,50000,35400,0.049,5.478
v1_lerobot_defaults,act_n50_s50k,act,50,50000,35500,0.047,5.133
v1_lerobot_defaults,act_n50_s50k,act,50,50000,35600,0.048,5.197
v1_lerobot_defaults,act_n50_s50k,act,50,50000,35700,0.049,6.326
v1_lerobot_defaults,act_n50_s50k,act,50,50000,35800,0.048,5.539
v1_lerobot_defaults,act_n50_s50k,act,50,50000,35900,0.047,5.183
v1_lerobot_defaults,act_n50_s50k,act,50,50000,36000,0.048,5.642
v1_lerobot_defaults,act_n50_s50k,act,50,50000,36100,0.05,5.825
v1_lerobot_defaults,act_n50_s50k,act,50,50000,36200,0.047,5.399
v1_lerobot_defaults,act_n50_s50k,act,50,50000,36300,0.048,5.735
v1_lerobot_defaults,act_n50_s50k,act,50,50000,36400,0.048,5.204
v1_lerobot_defaults,act_n50_s50k,act,50,50000,36500,0.048,5.747
v1_lerobot_defaults,act_n50_s50k,act,50,50000,36600,0.047,5.207
v1_lerobot_defaults,act_n50_s50k,act,50,50000,36700,0.047,5.604
v1_lerobot_defaults,act_n50_s50k,act,50,50000,36800,0.047,5.404
v1_lerobot_defaults,act_n50_s50k,act,50,50000,36900,0.048,5.993
v1_lerobot_defaults,act_n50_s50k,act,50,50000,37000,0.046,5.357
v1_lerobot_defaults,act_n50_s50k,act,50,50000,37100,0.047,5.566
v1_lerobot_defaults,act_n50_s50k,act,50,50000,37200,0.047,5.719
v1_lerobot_defaults,act_n50_s50k,act,50,50000,37300,0.046,4.918
v1_lerobot_defaults,act_n50_s50k,act,50,50000,37400,0.047,5.471
v1_lerobot_defaults,act_n50_s50k,act,50,50000,37500,0.048,5.414
v1_lerobot_defaults,act_n50_s50k,act,50,50000,37600,0.046,5.608
v1_lerobot_defaults,act_n50_s50k,act,50,50000,37700,0.046,5.036
v1_lerobot_defaults,act_n50_s50k,act,50,50000,37800,0.046,5.741
v1_lerobot_defaults,act_n50_s50k,act,50,50000,37900,0.045,5.017
v1_lerobot_defaults,act_n50_s50k,act,50,50000,38000,0.045,4.67
v1_lerobot_defaults,act_n50_s50k,act,50,50000,38100,0.047,5.809
v1_lerobot_defaults,act_n50_s50k,act,50,50000,38200,0.046,5.173
v1_lerobot_defaults,act_n50_s50k,act,50,50000,38300,0.046,5.088
v1_lerobot_defaults,act_n50_s50k,act,50,50000,38400,0.048,5.712
v1_lerobot_defaults,act_n50_s50k,act,50,50000,38500,0.046,5.35
v1_lerobot_defaults,act_n50_s50k,act,50,50000,38600,0.046,5.472
v1_lerobot_defaults,act_n50_s50k,act,50,50000,38700,0.046,5.668
v1_lerobot_defaults,act_n50_s50k,act,50,50000,38800,0.045,5.471
v1_lerobot_defaults,act_n50_s50k,act,50,50000,38900,0.045,5.163
v1_lerobot_defaults,act_n50_s50k,act,50,50000,39000,0.046,5.133
v1_lerobot_defaults,act_n50_s50k,act,50,50000,39100,0.046,4.965
v1_lerobot_defaults,act_n50_s50k,act,50,50000,39200,0.046,5.981
v1_lerobot_defaults,act_n50_s50k,act,50,50000,39300,0.045,5.388
v1_lerobot_defaults,act_n50_s50k,act,50,50000,39400,0.046,5.888
v1_lerobot_defaults,act_n50_s50k,act,50,50000,39500,0.044,4.952
v1_lerobot_defaults,act_n50_s50k,act,50,50000,39600,0.045,5.002
v1_lerobot_defaults,act_n50_s50k,act,50,50000,39700,0.047,5.889
v1_lerobot_defaults,act_n50_s50k,act,50,50000,39800,0.045,4.95
v1_lerobot_defaults,act_n50_s50k,act,50,50000,39900,0.045,5.185
v1_lerobot_defaults,act_n50_s50k,act,50,50000,40000,0.046,5.559
v1_lerobot_defaults,act_n50_s50k,act,50,50000,40100,0.045,5.584
v1_lerobot_defaults,act_n50_s50k,act,50,50000,40200,0.044,4.903
v1_lerobot_defaults,act_n50_s50k,act,50,50000,40300,0.044,5.372
v1_lerobot_defaults,act_n50_s50k,act,50,50000,40400,0.045,5.094
v1_lerobot_defaults,act_n50_s50k,act,50,50000,40500,0.045,5.39
v1_lerobot_defaults,act_n50_s50k,act,50,50000,40600,0.044,5.078
v1_lerobot_defaults,act_n50_s50k,act,50,50000,40700,0.043,4.951
v1_lerobot_defaults,act_n50_s50k,act,50,50000,40800,0.046,5.674
v1_lerobot_defaults,act_n50_s50k,act,50,50000,40900,0.045,4.903
v1_lerobot_defaults,act_n50_s50k,act,50,50000,41000,0.046,6.201
v1_lerobot_defaults,act_n50_s50k,act,50,50000,41100,0.044,4.498
v1_lerobot_defaults,act_n50_s50k,act,50,50000,41200,0.045,5.592
v1_lerobot_defaults,act_n50_s50k,act,50,50000,41300,0.044,4.96
v1_lerobot_defaults,act_n50_s50k,act,50,50000,41400,0.046,5.899
v1_lerobot_defaults,act_n50_s50k,act,50,50000,41500,0.045,5.26
v1_lerobot_defaults,act_n50_s50k,act,50,50000,41600,0.046,5.512
v1_lerobot_defaults,act_n50_s50k,act,50,50000,41700,0.045,5.668
v1_lerobot_defaults,act_n50_s50k,act,50,50000,41800,0.044,4.83
v1_lerobot_defaults,act_n50_s50k,act,50,50000,41900,0.043,5.224
v1_lerobot_defaults,act_n50_s50k,act,50,50000,42000,0.044,5.05
v1_lerobot_defaults,act_n50_s50k,act,50,50000,42100,0.043,5.159
v1_lerobot_defaults,act_n50_s50k,act,50,50000,42200,0.043,4.981
v1_lerobot_defaults,act_n50_s50k,act,50,50000,42300,0.046,5.74
v1_lerobot_defaults,act_n50_s50k,act,50,50000,42400,0.043,4.788
v1_lerobot_defaults,act_n50_s50k,act,50,50000,42500,0.044,5.6
v1_lerobot_defaults,act_n50_s50k,act,50,50000,42600,0.042,4.993
v1_lerobot_defaults,act_n50_s50k,act,50,50000,42700,0.043,5.179
v1_lerobot_defaults,act_n50_s50k,act,50,50000,42800,0.043,5.199
v1_lerobot_defaults,act_n50_s50k,act,50,50000,42900,0.044,4.87
v1_lerobot_defaults,act_n50_s50k,act,50,50000,43000,0.042,4.65
v1_lerobot_defaults,act_n50_s50k,act,50,50000,43100,0.044,5.039
v1_lerobot_defaults,act_n50_s50k,act,50,50000,43200,0.042,4.56
v1_lerobot_defaults,act_n50_s50k,act,50,50000,43300,0.045,5.576
v1_lerobot_defaults,act_n50_s50k,act,50,50000,43400,0.043,5.109
v1_lerobot_defaults,act_n50_s50k,act,50,50000,43500,0.045,5.606
v1_lerobot_defaults,act_n50_s50k,act,50,50000,43600,0.044,4.974
v1_lerobot_defaults,act_n50_s50k,act,50,50000,43700,0.043,4.78
v1_lerobot_defaults,act_n50_s50k,act,50,50000,43800,0.044,5.744
v1_lerobot_defaults,act_n50_s50k,act,50,50000,43900,0.043,5.052
v1_lerobot_defaults,act_n50_s50k,act,50,50000,44000,0.042,5.38
v1_lerobot_defaults,act_n50_s50k,act,50,50000,44100,0.043,5.439
v1_lerobot_defaults,act_n50_s50k,act,50,50000,44200,0.045,5.695
v1_lerobot_defaults,act_n50_s50k,act,50,50000,44300,0.042,4.711
v1_lerobot_defaults,act_n50_s50k,act,50,50000,44400,0.043,4.606
v1_lerobot_defaults,act_n50_s50k,act,50,50000,44500,0.046,6.032
v1_lerobot_defaults,act_n50_s50k,act,50,50000,44600,0.043,4.74
v1_lerobot_defaults,act_n50_s50k,act,50,50000,44700,0.043,4.997
v1_lerobot_defaults,act_n50_s50k,act,50,50000,44800,0.042,5.051
v1_lerobot_defaults,act_n50_s50k,act,50,50000,44900,0.043,5.205
v1_lerobot_defaults,act_n50_s50k,act,50,50000,45000,0.043,5.298
v1_lerobot_defaults,act_n50_s50k,act,50,50000,45100,0.042,4.726
v1_lerobot_defaults,act_n50_s50k,act,50,50000,45200,0.042,4.841
v1_lerobot_defaults,act_n50_s50k,act,50,50000,45300,0.043,5.443
v1_lerobot_defaults,act_n50_s50k,act,50,50000,45400,0.044,5.54
v1_lerobot_defaults,act_n50_s50k,act,50,50000,45500,0.042,5.096
v1_lerobot_defaults,act_n50_s50k,act,50,50000,45600,0.042,5.113
v1_lerobot_defaults,act_n50_s50k,act,50,50000,45700,0.043,5.389
v1_lerobot_defaults,act_n50_s50k,act,50,50000,45800,0.042,5.196
v1_lerobot_defaults,act_n50_s50k,act,50,50000,45900,0.042,5.215
v1_lerobot_defaults,act_n50_s50k,act,50,50000,46000,0.043,5.23
v1_lerobot_defaults,act_n50_s50k,act,50,50000,46100,0.041,4.872
v1_lerobot_defaults,act_n50_s50k,act,50,50000,46200,0.043,5.33
v1_lerobot_defaults,act_n50_s50k,act,50,50000,46300,0.041,4.926
v1_lerobot_defaults,act_n50_s50k,act,50,50000,46400,0.041,5.167
v1_lerobot_defaults,act_n50_s50k,act,50,50000,46500,0.041,4.578
v1_lerobot_defaults,act_n50_s50k,act,50,50000,46600,0.041,4.759
v1_lerobot_defaults,act_n50_s50k,act,50,50000,46700,0.041,4.748
v1_lerobot_defaults,act_n50_s50k,act,50,50000,46800,0.042,5.242
v1_lerobot_defaults,act_n50_s50k,act,50,50000,46900,0.04,4.69
v1_lerobot_defaults,act_n50_s50k,act,50,50000,47000,0.041,4.792
v1_lerobot_defaults,act_n50_s50k,act,50,50000,47100,0.044,6.028
v1_lerobot_defaults,act_n50_s50k,act,50,50000,47200,0.042,4.696
v1_lerobot_defaults,act_n50_s50k,act,50,50000,47300,0.041,4.478
v1_lerobot_defaults,act_n50_s50k,act,50,50000,47400,0.041,4.887
v1_lerobot_defaults,act_n50_s50k,act,50,50000,47500,0.042,5.12
v1_lerobot_defaults,act_n50_s50k,act,50,50000,47600,0.041,4.775
v1_lerobot_defaults,act_n50_s50k,act,50,50000,47700,0.042,4.901
v1_lerobot_defaults,act_n50_s50k,act,50,50000,47800,0.042,5.153
v1_lerobot_defaults,act_n50_s50k,act,50,50000,47900,0.043,5.392
v1_lerobot_defaults,act_n50_s50k,act,50,50000,48000,0.042,5.167
v1_lerobot_defaults,act_n50_s50k,act,50,50000,48100,0.041,4.732
v1_lerobot_defaults,act_n50_s50k,act,50,50000,48200,0.042,5.044
v1_lerobot_defaults,act_n50_s50k,act,50,50000,48300,0.04,4.916
v1_lerobot_defaults,act_n50_s50k,act,50,50000,48400,0.042,4.933
v1_lerobot_defaults,act_n50_s50k,act,50,50000,48500,0.041,4.697
v1_lerobot_defaults,act_n50_s50k,act,50,50000,48600,0.043,5.318
v1_lerobot_defaults,act_n50_s50k,act,50,50000,48700,0.042,5.009
v1_lerobot_defaults,act_n50_s50k,act,50,50000,48800,0.04,5.047
v1_lerobot_defaults,act_n50_s50k,act,50,50000,48900,0.041,4.944
v1_lerobot_defaults,act_n50_s50k,act,50,50000,49000,0.041,5.071
v1_lerobot_defaults,act_n50_s50k,act,50,50000,49100,0.041,4.584
v1_lerobot_defaults,act_n50_s50k,act,50,50000,49200,0.04,4.805
v1_lerobot_defaults,act_n50_s50k,act,50,50000,49300,0.041,4.839
v1_lerobot_defaults,act_n50_s50k,act,50,50000,49400,0.039,4.581
v1_lerobot_defaults,act_n50_s50k,act,50,50000,49500,0.041,4.782
v1_lerobot_defaults,act_n50_s50k,act,50,50000,49600,0.039,4.776
v1_lerobot_defaults,act_n50_s50k,act,50,50000,49700,0.042,5.588
v1_lerobot_defaults,act_n50_s50k,act,50,50000,49800,0.041,5.181
v1_lerobot_defaults,act_n50_s50k,act,50,50000,49900,0.041,4.971
v1_lerobot_defaults,act_n50_s50k,act,50,50000,50000,0.04,4.806
v1_lerobot_defaults,diffusion_n100_s20k,diffusion,100,20000,100,0.747,5.506
v1_lerobot_defaults,diffusion_n100_s20k,diffusion,100,20000,200,0.177,4.647
v1_lerobot_defaults,diffusion_n100_s20k,diffusion,100,20000,300,0.115,3.27
v1_lerobot_defaults,diffusion_n100_s20k,diffusion,100,20000,400,0.092,2.149
v1_lerobot_defaults,diffusion_n100_s20k,diffusion,100,20000,500,0.079,1.744
v1_lerobot_defaults,diffusion_n100_s20k,diffusion,100,20000,600,0.064,1.563
v1_lerobot_defaults,diffusion_n100_s20k,diffusion,100,20000,700,0.054,1.326
v1_lerobot_defaults,diffusion_n100_s20k,diffusion,100,20000,800,0.047,1.205
v1_lerobot_defaults,diffusion_n100_s20k,diffusion,100,20000,900,0.044,1.055
v1_lerobot_defaults,diffusion_n100_s20k,diffusion,100,20000,1000,0.046,1.156
v1_lerobot_defaults,diffusion_n100_s20k,diffusion,100,20000,1100,0.042,1.041
v1_lerobot_defaults,diffusion_n100_s20k,diffusion,100,20000,1200,0.039,1.02
v1_lerobot_defaults,diffusion_n100_s20k,diffusion,100,20000,1300,0.034,0.866
v1_lerobot_defaults,diffusion_n100_s20k,diffusion,100,20000,1400,0.036,0.907
v1_lerobot_defaults,diffusion_n100_s20k,diffusion,100,20000,1500,0.036,0.907
v1_lerobot_defaults,diffusion_n100_s20k,diffusion,100,20000,1600,0.031,0.802
v1_lerobot_defaults,diffusion_n100_s20k,diffusion,100,20000,1700,0.033,0.711
v1_lerobot_defaults,diffusion_n100_s20k,diffusion,100,20000,1800,0.031,0.707
v1_lerobot_defaults,diffusion_n100_s20k,diffusion,100,20000,1900,0.029,0.723
v1_lerobot_defaults,diffusion_n100_s20k,diffusion,100,20000,2000,0.029,0.679
v1_lerobot_defaults,diffusion_n100_s20k,diffusion,100,20000,2100,0.031,0.703
v1_lerobot_defaults,diffusion_n100_s20k,diffusion,100,20000,2200,0.028,0.641
v1_lerobot_defaults,diffusion_n100_s20k,diffusion,100,20000,2300,0.032,0.763
v1_lerobot_defaults,diffusion_n100_s20k,diffusion,100,20000,2400,0.031,0.65
v1_lerobot_defaults,diffusion_n100_s20k,diffusion,100,20000,2500,0.03,0.639
v1_lerobot_defaults,diffusion_n100_s20k,diffusion,100,20000,2600,0.027,0.599
v1_lerobot_defaults,diffusion_n100_s20k,diffusion,100,20000,2700,0.03,0.672
v1_lerobot_defaults,diffusion_n100_s20k,diffusion,100,20000,2800,0.026,0.564
v1_lerobot_defaults,diffusion_n100_s20k,diffusion,100,20000,2900,0.024,0.543
v1_lerobot_defaults,diffusion_n100_s20k,diffusion,100,20000,3000,0.026,0.548
v1_lerobot_defaults,diffusion_n100_s20k,diffusion,100,20000,3100,0.026,0.567
v1_lerobot_defaults,diffusion_n100_s20k,diffusion,100,20000,3200,0.026,0.574
v1_lerobot_defaults,diffusion_n100_s20k,diffusion,100,20000,3300,0.026,0.566
v1_lerobot_defaults,diffusion_n100_s20k,diffusion,100,20000,3400,0.026,0.556
v1_lerobot_defaults,diffusion_n100_s20k,diffusion,100,20000,3500,0.025,0.518
v1_lerobot_defaults,diffusion_n100_s20k,diffusion,100,20000,3600,0.025,0.587
v1_lerobot_defaults,diffusion_n100_s20k,diffusion,100,20000,3700,0.024,0.549
v1_lerobot_defaults,diffusion_n100_s20k,diffusion,100,20000,3800,0.025,0.599
v1_lerobot_defaults,diffusion_n100_s20k,diffusion,100,20000,3900,0.024,0.543
v1_lerobot_defaults,diffusion_n100_s20k,diffusion,100,20000,4000,0.025,0.511
v1_lerobot_defaults,diffusion_n100_s20k,diffusion,100,20000,4100,0.024,0.513
v1_lerobot_defaults,diffusion_n100_s20k,diffusion,100,20000,4200,0.023,0.507
v1_lerobot_defaults,diffusion_n100_s20k,diffusion,100,20000,4300,0.023,0.456
v1_lerobot_defaults,diffusion_n100_s20k,diffusion,100,20000,4400,0.024,0.534
v1_lerobot_defaults,diffusion_n100_s20k,diffusion,100,20000,4500,0.023,0.493
v1_lerobot_defaults,diffusion_n100_s20k,diffusion,100,20000,4600,0.022,0.502
v1_lerobot_defaults,diffusion_n100_s20k,diffusion,100,20000,4700,0.022,0.5
v1_lerobot_defaults,diffusion_n100_s20k,diffusion,100,20000,4800,0.023,0.492
v1_lerobot_defaults,diffusion_n100_s20k,diffusion,100,20000,4900,0.023,0.512
v1_lerobot_defaults,diffusion_n100_s20k,diffusion,100,20000,5000,0.021,0.461
v1_lerobot_defaults,diffusion_n100_s20k,diffusion,100,20000,5100,0.023,0.47
v1_lerobot_defaults,diffusion_n100_s20k,diffusion,100,20000,5200,0.021,0.424
v1_lerobot_defaults,diffusion_n100_s20k,diffusion,100,20000,5300,0.021,0.467
v1_lerobot_defaults,diffusion_n100_s20k,diffusion,100,20000,5400,0.021,0.51
v1_lerobot_defaults,diffusion_n100_s20k,diffusion,100,20000,5500,0.022,0.449
v1_lerobot_defaults,diffusion_n100_s20k,diffusion,100,20000,5600,0.022,0.495
v1_lerobot_defaults,diffusion_n100_s20k,diffusion,100,20000,5700,0.021,0.467
v1_lerobot_defaults,diffusion_n100_s20k,diffusion,100,20000,5800,0.02,0.421
v1_lerobot_defaults,diffusion_n100_s20k,diffusion,100,20000,5900,0.02,0.46
v1_lerobot_defaults,diffusion_n100_s20k,diffusion,100,20000,6000,0.022,0.436
v1_lerobot_defaults,diffusion_n100_s20k,diffusion,100,20000,6100,0.02,0.43
v1_lerobot_defaults,diffusion_n100_s20k,diffusion,100,20000,6200,0.018,0.388
v1_lerobot_defaults,diffusion_n100_s20k,diffusion,100,20000,6300,0.02,0.399
v1_lerobot_defaults,diffusion_n100_s20k,diffusion,100,20000,6400,0.023,0.491
v1_lerobot_defaults,diffusion_n100_s20k,diffusion,100,20000,6500,0.02,0.4
v1_lerobot_defaults,diffusion_n100_s20k,diffusion,100,20000,6600,0.02,0.43
v1_lerobot_defaults,diffusion_n100_s20k,diffusion,100,20000,6700,0.019,0.355
v1_lerobot_defaults,diffusion_n100_s20k,diffusion,100,20000,6800,0.019,0.41
v1_lerobot_defaults,diffusion_n100_s20k,diffusion,100,20000,6900,0.019,0.37
v1_lerobot_defaults,diffusion_n100_s20k,diffusion,100,20000,7000,0.019,0.393
v1_lerobot_defaults,diffusion_n100_s20k,diffusion,100,20000,7100,0.019,0.399
v1_lerobot_defaults,diffusion_n100_s20k,diffusion,100,20000,7200,0.02,0.458
v1_lerobot_defaults,diffusion_n100_s20k,diffusion,100,20000,7300,0.021,0.395
v1_lerobot_defaults,diffusion_n100_s20k,diffusion,100,20000,7400,0.018,0.4
v1_lerobot_defaults,diffusion_n100_s20k,diffusion,100,20000,7500,0.019,0.389
v1_lerobot_defaults,diffusion_n100_s20k,diffusion,100,20000,7600,0.019,0.38
v1_lerobot_defaults,diffusion_n100_s20k,diffusion,100,20000,7700,0.017,0.351
v1_lerobot_defaults,diffusion_n100_s20k,diffusion,100,20000,7800,0.018,0.351
v1_lerobot_defaults,diffusion_n100_s20k,diffusion,100,20000,7900,0.019,0.401
v1_lerobot_defaults,diffusion_n100_s20k,diffusion,100,20000,8000,0.016,0.355
v1_lerobot_defaults,diffusion_n100_s20k,diffusion,100,20000,8100,0.017,0.417
v1_lerobot_defaults,diffusion_n100_s20k,diffusion,100,20000,8200,0.018,0.421
v1_lerobot_defaults,diffusion_n100_s20k,diffusion,100,20000,8300,0.018,0.403
v1_lerobot_defaults,diffusion_n100_s20k,diffusion,100,20000,8400,0.016,0.378
v1_lerobot_defaults,diffusion_n100_s20k,diffusion,100,20000,8500,0.018,0.362
v1_lerobot_defaults,diffusion_n100_s20k,diffusion,100,20000,8600,0.017,0.334
v1_lerobot_defaults,diffusion_n100_s20k,diffusion,100,20000,8700,0.019,0.36
v1_lerobot_defaults,diffusion_n100_s20k,diffusion,100,20000,8800,0.017,0.38
v1_lerobot_defaults,diffusion_n100_s20k,diffusion,100,20000,8900,0.017,0.348
v1_lerobot_defaults,diffusion_n100_s20k,diffusion,100,20000,9000,0.017,0.385
v1_lerobot_defaults,diffusion_n100_s20k,diffusion,100,20000,9100,0.017,0.377
v1_lerobot_defaults,diffusion_n100_s20k,diffusion,100,20000,9200,0.017,0.329
v1_lerobot_defaults,diffusion_n100_s20k,diffusion,100,20000,9300,0.015,0.324
v1_lerobot_defaults,diffusion_n100_s20k,diffusion,100,20000,9400,0.016,0.328
v1_lerobot_defaults,diffusion_n100_s20k,diffusion,100,20000,9500,0.017,0.372
v1_lerobot_defaults,diffusion_n100_s20k,diffusion,100,20000,9600,0.016,0.348
v1_lerobot_defaults,diffusion_n100_s20k,diffusion,100,20000,9700,0.015,0.316
v1_lerobot_defaults,diffusion_n100_s20k,diffusion,100,20000,9800,0.016,0.29
v1_lerobot_defaults,diffusion_n100_s20k,diffusion,100,20000,9900,0.016,0.328
v1_lerobot_defaults,diffusion_n100_s20k,diffusion,100,20000,10000,0.016,0.336
v1_lerobot_defaults,diffusion_n100_s20k,diffusion,100,20000,10100,0.016,0.327
v1_lerobot_defaults,diffusion_n100_s20k,diffusion,100,20000,10200,0.017,0.33
v1_lerobot_defaults,diffusion_n100_s20k,diffusion,100,20000,10300,0.015,0.348
v1_lerobot_defaults,diffusion_n100_s20k,diffusion,100,20000,10400,0.016,0.368
v1_lerobot_defaults,diffusion_n100_s20k,diffusion,100,20000,10500,0.015,0.286
v1_lerobot_defaults,diffusion_n100_s20k,diffusion,100,20000,10600,0.015,0.314
v1_lerobot_defaults,diffusion_n100_s20k,diffusion,100,20000,10700,0.015,0.326
v1_lerobot_defaults,diffusion_n100_s20k,diffusion,100,20000,10800,0.015,0.294
v1_lerobot_defaults,diffusion_n100_s20k,diffusion,100,20000,10900,0.016,0.369
v1_lerobot_defaults,diffusion_n100_s20k,diffusion,100,20000,11000,0.015,0.347
v1_lerobot_defaults,diffusion_n100_s20k,diffusion,100,20000,11100,0.014,0.302
v1_lerobot_defaults,diffusion_n100_s20k,diffusion,100,20000,11200,0.014,0.318
v1_lerobot_defaults,diffusion_n100_s20k,diffusion,100,20000,11300,0.016,0.357
v1_lerobot_defaults,diffusion_n100_s20k,diffusion,100,20000,11400,0.014,0.29
v1_lerobot_defaults,diffusion_n100_s20k,diffusion,100,20000,11500,0.015,0.31
v1_lerobot_defaults,diffusion_n100_s20k,diffusion,100,20000,11600,0.015,0.297
v1_lerobot_defaults,diffusion_n100_s20k,diffusion,100,20000,11700,0.014,0.342
v1_lerobot_defaults,diffusion_n100_s20k,diffusion,100,20000,11800,0.014,0.284
v1_lerobot_defaults,diffusion_n100_s20k,diffusion,100,20000,11900,0.014,0.274
v1_lerobot_defaults,diffusion_n100_s20k,diffusion,100,20000,12000,0.013,0.274
v1_lerobot_defaults,diffusion_n100_s20k,diffusion,100,20000,12100,0.014,0.294
v1_lerobot_defaults,diffusion_n100_s20k,diffusion,100,20000,12200,0.014,0.309
v1_lerobot_defaults,diffusion_n100_s20k,diffusion,100,20000,12300,0.014,0.302
v1_lerobot_defaults,diffusion_n100_s20k,diffusion,100,20000,12400,0.013,0.273
v1_lerobot_defaults,diffusion_n100_s20k,diffusion,100,20000,12500,0.013,0.279
v1_lerobot_defaults,diffusion_n100_s20k,diffusion,100,20000,12600,0.012,0.283
v1_lerobot_defaults,diffusion_n100_s20k,diffusion,100,20000,12700,0.013,0.299
v1_lerobot_defaults,diffusion_n100_s20k,diffusion,100,20000,12800,0.012,0.272
v1_lerobot_defaults,diffusion_n100_s20k,diffusion,100,20000,12900,0.013,0.292
v1_lerobot_defaults,diffusion_n100_s20k,diffusion,100,20000,13000,0.012,0.287
v1_lerobot_defaults,diffusion_n100_s20k,diffusion,100,20000,13100,0.013,0.276
v1_lerobot_defaults,diffusion_n100_s20k,diffusion,100,20000,13200,0.013,0.273
v1_lerobot_defaults,diffusion_n100_s20k,diffusion,100,20000,13300,0.012,0.262
v1_lerobot_defaults,diffusion_n100_s20k,diffusion,100,20000,13400,0.013,0.302
v1_lerobot_defaults,diffusion_n100_s20k,diffusion,100,20000,13500,0.012,0.27
v1_lerobot_defaults,diffusion_n100_s20k,diffusion,100,20000,13600,0.011,0.271
v1_lerobot_defaults,diffusion_n100_s20k,diffusion,100,20000,13700,0.012,0.285
v1_lerobot_defaults,diffusion_n100_s20k,diffusion,100,20000,13800,0.012,0.257
v1_lerobot_defaults,diffusion_n100_s20k,diffusion,100,20000,13900,0.013,0.283
v1_lerobot_defaults,diffusion_n100_s20k,diffusion,100,20000,14000,0.012,0.262
v1_lerobot_defaults,diffusion_n100_s20k,diffusion,100,20000,14100,0.011,0.251
v1_lerobot_defaults,diffusion_n100_s20k,diffusion,100,20000,14200,0.011,0.263
v1_lerobot_defaults,diffusion_n100_s20k,diffusion,100,20000,14300,0.01,0.233
v1_lerobot_defaults,diffusion_n100_s20k,diffusion,100,20000,14400,0.011,0.249
v1_lerobot_defaults,diffusion_n100_s20k,diffusion,100,20000,14500,0.011,0.244
v1_lerobot_defaults,diffusion_n100_s20k,diffusion,100,20000,14600,0.012,0.254
v1_lerobot_defaults,diffusion_n100_s20k,diffusion,100,20000,14700,0.011,0.266
v1_lerobot_defaults,diffusion_n100_s20k,diffusion,100,20000,14800,0.012,0.262
v1_lerobot_defaults,diffusion_n100_s20k,diffusion,100,20000,14900,0.011,0.251
v1_lerobot_defaults,diffusion_n100_s20k,diffusion,100,20000,15000,0.012,0.253
v1_lerobot_defaults,diffusion_n100_s20k,diffusion,100,20000,15100,0.01,0.236
v1_lerobot_defaults,diffusion_n100_s20k,diffusion,100,20000,15200,0.011,0.243
v1_lerobot_defaults,diffusion_n100_s20k,diffusion,100,20000,15300,0.011,0.242
v1_lerobot_defaults,diffusion_n100_s20k,diffusion,100,20000,15400,0.01,0.248
v1_lerobot_defaults,diffusion_n100_s20k,diffusion,100,20000,15500,0.012,0.282
v1_lerobot_defaults,diffusion_n100_s20k,diffusion,100,20000,15600,0.012,0.242
v1_lerobot_defaults,diffusion_n100_s20k,diffusion,100,20000,15700,0.01,0.243
v1_lerobot_defaults,diffusion_n100_s20k,diffusion,100,20000,15800,0.01,0.232
v1_lerobot_defaults,diffusion_n100_s20k,diffusion,100,20000,15900,0.011,0.259
v1_lerobot_defaults,diffusion_n100_s20k,diffusion,100,20000,16000,0.01,0.237
v1_lerobot_defaults,diffusion_n100_s20k,diffusion,100,20000,16100,0.01,0.249
v1_lerobot_defaults,diffusion_n100_s20k,diffusion,100,20000,16200,0.01,0.221
v1_lerobot_defaults,diffusion_n100_s20k,diffusion,100,20000,16300,0.01,0.245
v1_lerobot_defaults,diffusion_n100_s20k,diffusion,100,20000,16400,0.01,0.249
v1_lerobot_defaults,diffusion_n100_s20k,diffusion,100,20000,16500,0.009,0.221
v1_lerobot_defaults,diffusion_n100_s20k,diffusion,100,20000,16600,0.01,0.243
v1_lerobot_defaults,diffusion_n100_s20k,diffusion,100,20000,16700,0.009,0.23
v1_lerobot_defaults,diffusion_n100_s20k,diffusion,100,20000,16800,0.01,0.225
v1_lerobot_defaults,diffusion_n100_s20k,diffusion,100,20000,16900,0.009,0.22
v1_lerobot_defaults,diffusion_n100_s20k,diffusion,100,20000,17000,0.009,0.219
v1_lerobot_defaults,diffusion_n100_s20k,diffusion,100,20000,17100,0.009,0.221
v1_lerobot_defaults,diffusion_n100_s20k,diffusion,100,20000,17200,0.009,0.217
v1_lerobot_defaults,diffusion_n100_s20k,diffusion,100,20000,17300,0.009,0.212
v1_lerobot_defaults,diffusion_n100_s20k,diffusion,100,20000,17400,0.009,0.216
v1_lerobot_defaults,diffusion_n100_s20k,diffusion,100,20000,17500,0.009,0.221
v1_lerobot_defaults,diffusion_n100_s20k,diffusion,100,20000,17600,0.01,0.231
v1_lerobot_defaults,diffusion_n100_s20k,diffusion,100,20000,17700,0.009,0.209
v1_lerobot_defaults,diffusion_n100_s20k,diffusion,100,20000,17800,0.008,0.207
v1_lerobot_defaults,diffusion_n100_s20k,diffusion,100,20000,17900,0.01,0.221
v1_lerobot_defaults,diffusion_n100_s20k,diffusion,100,20000,18000,0.01,0.217
v1_lerobot_defaults,diffusion_n100_s20k,diffusion,100,20000,18100,0.008,0.199
v1_lerobot_defaults,diffusion_n100_s20k,diffusion,100,20000,18200,0.009,0.217
v1_lerobot_defaults,diffusion_n100_s20k,diffusion,100,20000,18300,0.009,0.217
v1_lerobot_defaults,diffusion_n100_s20k,diffusion,100,20000,18400,0.008,0.196
v1_lerobot_defaults,diffusion_n100_s20k,diffusion,100,20000,18500,0.008,0.2
v1_lerobot_defaults,diffusion_n100_s20k,diffusion,100,20000,18600,0.009,0.213
v1_lerobot_defaults,diffusion_n100_s20k,diffusion,100,20000,18700,0.009,0.21
v1_lerobot_defaults,diffusion_n100_s20k,diffusion,100,20000,18800,0.009,0.211
v1_lerobot_defaults,diffusion_n100_s20k,diffusion,100,20000,18900,0.009,0.219
v1_lerobot_defaults,diffusion_n100_s20k,diffusion,100,20000,19000,0.009,0.201
v1_lerobot_defaults,diffusion_n100_s20k,diffusion,100,20000,19100,0.009,0.212
v1_lerobot_defaults,diffusion_n100_s20k,diffusion,100,20000,19200,0.008,0.204
v1_lerobot_defaults,diffusion_n100_s20k,diffusion,100,20000,19300,0.009,0.199
v1_lerobot_defaults,diffusion_n100_s20k,diffusion,100,20000,19400,0.009,0.209
v1_lerobot_defaults,diffusion_n100_s20k,diffusion,100,20000,19500,0.008,0.188
v1_lerobot_defaults,diffusion_n100_s20k,diffusion,100,20000,19600,0.008,0.202
v1_lerobot_defaults,diffusion_n100_s20k,diffusion,100,20000,19700,0.009,0.203
v1_lerobot_defaults,diffusion_n100_s20k,diffusion,100,20000,19800,0.009,0.204
v1_lerobot_defaults,diffusion_n100_s20k,diffusion,100,20000,19900,0.009,0.202
v1_lerobot_defaults,diffusion_n100_s20k,diffusion,100,20000,20000,0.009,0.202
v1_lerobot_defaults,diffusion_n100_s50k,diffusion,100,50000,100,0.747,5.515
v1_lerobot_defaults,diffusion_n100_s50k,diffusion,100,50000,200,0.177,4.624
v1_lerobot_defaults,diffusion_n100_s50k,diffusion,100,50000,300,0.116,3.294
v1_lerobot_defaults,diffusion_n100_s50k,diffusion,100,50000,400,0.092,2.136
v1_lerobot_defaults,diffusion_n100_s50k,diffusion,100,50000,500,0.079,1.708
v1_lerobot_defaults,diffusion_n100_s50k,diffusion,100,50000,600,0.066,1.598
v1_lerobot_defaults,diffusion_n100_s50k,diffusion,100,50000,700,0.053,1.267
v1_lerobot_defaults,diffusion_n100_s50k,diffusion,100,50000,800,0.047,1.199
v1_lerobot_defaults,diffusion_n100_s50k,diffusion,100,50000,900,0.044,1.058
v1_lerobot_defaults,diffusion_n100_s50k,diffusion,100,50000,1000,0.045,1.102
v1_lerobot_defaults,diffusion_n100_s50k,diffusion,100,50000,1100,0.042,1.049
v1_lerobot_defaults,diffusion_n100_s50k,diffusion,100,50000,1200,0.039,0.985
v1_lerobot_defaults,diffusion_n100_s50k,diffusion,100,50000,1300,0.035,0.868
v1_lerobot_defaults,diffusion_n100_s50k,diffusion,100,50000,1400,0.036,0.913
v1_lerobot_defaults,diffusion_n100_s50k,diffusion,100,50000,1500,0.036,0.938
v1_lerobot_defaults,diffusion_n100_s50k,diffusion,100,50000,1600,0.031,0.798
v1_lerobot_defaults,diffusion_n100_s50k,diffusion,100,50000,1700,0.033,0.691
v1_lerobot_defaults,diffusion_n100_s50k,diffusion,100,50000,1800,0.031,0.7
v1_lerobot_defaults,diffusion_n100_s50k,diffusion,100,50000,1900,0.029,0.721
v1_lerobot_defaults,diffusion_n100_s50k,diffusion,100,50000,2000,0.029,0.684
v1_lerobot_defaults,diffusion_n100_s50k,diffusion,100,50000,2100,0.031,0.686
v1_lerobot_defaults,diffusion_n100_s50k,diffusion,100,50000,2200,0.028,0.626
v1_lerobot_defaults,diffusion_n100_s50k,diffusion,100,50000,2300,0.032,0.762
v1_lerobot_defaults,diffusion_n100_s50k,diffusion,100,50000,2400,0.031,0.651
v1_lerobot_defaults,diffusion_n100_s50k,diffusion,100,50000,2500,0.03,0.639
v1_lerobot_defaults,diffusion_n100_s50k,diffusion,100,50000,2600,0.027,0.61
v1_lerobot_defaults,diffusion_n100_s50k,diffusion,100,50000,2700,0.03,0.689
v1_lerobot_defaults,diffusion_n100_s50k,diffusion,100,50000,2800,0.026,0.564
v1_lerobot_defaults,diffusion_n100_s50k,diffusion,100,50000,2900,0.024,0.543
v1_lerobot_defaults,diffusion_n100_s50k,diffusion,100,50000,3000,0.026,0.543
v1_lerobot_defaults,diffusion_n100_s50k,diffusion,100,50000,3100,0.026,0.55
v1_lerobot_defaults,diffusion_n100_s50k,diffusion,100,50000,3200,0.027,0.595
v1_lerobot_defaults,diffusion_n100_s50k,diffusion,100,50000,3300,0.026,0.59
v1_lerobot_defaults,diffusion_n100_s50k,diffusion,100,50000,3400,0.026,0.57
v1_lerobot_defaults,diffusion_n100_s50k,diffusion,100,50000,3500,0.025,0.524
v1_lerobot_defaults,diffusion_n100_s50k,diffusion,100,50000,3600,0.025,0.574
v1_lerobot_defaults,diffusion_n100_s50k,diffusion,100,50000,3700,0.024,0.536
v1_lerobot_defaults,diffusion_n100_s50k,diffusion,100,50000,3800,0.025,0.59
v1_lerobot_defaults,diffusion_n100_s50k,diffusion,100,50000,3900,0.024,0.528
v1_lerobot_defaults,diffusion_n100_s50k,diffusion,100,50000,4000,0.026,0.525
v1_lerobot_defaults,diffusion_n100_s50k,diffusion,100,50000,4100,0.024,0.513
v1_lerobot_defaults,diffusion_n100_s50k,diffusion,100,50000,4200,0.023,0.52
v1_lerobot_defaults,diffusion_n100_s50k,diffusion,100,50000,4300,0.023,0.455
v1_lerobot_defaults,diffusion_n100_s50k,diffusion,100,50000,4400,0.024,0.58
v1_lerobot_defaults,diffusion_n100_s50k,diffusion,100,50000,4500,0.023,0.503
v1_lerobot_defaults,diffusion_n100_s50k,diffusion,100,50000,4600,0.023,0.466
v1_lerobot_defaults,diffusion_n100_s50k,diffusion,100,50000,4700,0.023,0.496
v1_lerobot_defaults,diffusion_n100_s50k,diffusion,100,50000,4800,0.024,0.507
v1_lerobot_defaults,diffusion_n100_s50k,diffusion,100,50000,4900,0.024,0.531
v1_lerobot_defaults,diffusion_n100_s50k,diffusion,100,50000,5000,0.022,0.474
v1_lerobot_defaults,diffusion_n100_s50k,diffusion,100,50000,5100,0.023,0.487
v1_lerobot_defaults,diffusion_n100_s50k,diffusion,100,50000,5200,0.022,0.44
v1_lerobot_defaults,diffusion_n100_s50k,diffusion,100,50000,5300,0.022,0.469
v1_lerobot_defaults,diffusion_n100_s50k,diffusion,100,50000,5400,0.022,0.511
v1_lerobot_defaults,diffusion_n100_s50k,diffusion,100,50000,5500,0.023,0.443
v1_lerobot_defaults,diffusion_n100_s50k,diffusion,100,50000,5600,0.022,0.476
v1_lerobot_defaults,diffusion_n100_s50k,diffusion,100,50000,5700,0.021,0.43
v1_lerobot_defaults,diffusion_n100_s50k,diffusion,100,50000,5800,0.02,0.415
v1_lerobot_defaults,diffusion_n100_s50k,diffusion,100,50000,5900,0.021,0.449
v1_lerobot_defaults,diffusion_n100_s50k,diffusion,100,50000,6000,0.023,0.438
v1_lerobot_defaults,diffusion_n100_s50k,diffusion,100,50000,6100,0.021,0.418
v1_lerobot_defaults,diffusion_n100_s50k,diffusion,100,50000,6200,0.019,0.398
v1_lerobot_defaults,diffusion_n100_s50k,diffusion,100,50000,6300,0.021,0.414
v1_lerobot_defaults,diffusion_n100_s50k,diffusion,100,50000,6400,0.024,0.482
v1_lerobot_defaults,diffusion_n100_s50k,diffusion,100,50000,6500,0.021,0.408
v1_lerobot_defaults,diffusion_n100_s50k,diffusion,100,50000,6600,0.021,0.436
v1_lerobot_defaults,diffusion_n100_s50k,diffusion,100,50000,6700,0.02,0.372
v1_lerobot_defaults,diffusion_n100_s50k,diffusion,100,50000,6800,0.02,0.4
v1_lerobot_defaults,diffusion_n100_s50k,diffusion,100,50000,6900,0.02,0.375
v1_lerobot_defaults,diffusion_n100_s50k,diffusion,100,50000,7000,0.02,0.402
v1_lerobot_defaults,diffusion_n100_s50k,diffusion,100,50000,7100,0.021,0.421
v1_lerobot_defaults,diffusion_n100_s50k,diffusion,100,50000,7200,0.022,0.452
v1_lerobot_defaults,diffusion_n100_s50k,diffusion,100,50000,7300,0.021,0.383
v1_lerobot_defaults,diffusion_n100_s50k,diffusion,100,50000,7400,0.019,0.393
v1_lerobot_defaults,diffusion_n100_s50k,diffusion,100,50000,7500,0.02,0.4
v1_lerobot_defaults,diffusion_n100_s50k,diffusion,100,50000,7600,0.02,0.374
v1_lerobot_defaults,diffusion_n100_s50k,diffusion,100,50000,7700,0.019,0.388
v1_lerobot_defaults,diffusion_n100_s50k,diffusion,100,50000,7800,0.019,0.381
v1_lerobot_defaults,diffusion_n100_s50k,diffusion,100,50000,7900,0.02,0.391
v1_lerobot_defaults,diffusion_n100_s50k,diffusion,100,50000,8000,0.018,0.363
v1_lerobot_defaults,diffusion_n100_s50k,diffusion,100,50000,8100,0.019,0.446
v1_lerobot_defaults,diffusion_n100_s50k,diffusion,100,50000,8200,0.02,0.434
v1_lerobot_defaults,diffusion_n100_s50k,diffusion,100,50000,8300,0.019,0.413
v1_lerobot_defaults,diffusion_n100_s50k,diffusion,100,50000,8400,0.018,0.373
v1_lerobot_defaults,diffusion_n100_s50k,diffusion,100,50000,8500,0.02,0.376
v1_lerobot_defaults,diffusion_n100_s50k,diffusion,100,50000,8600,0.019,0.361
v1_lerobot_defaults,diffusion_n100_s50k,diffusion,100,50000,8700,0.021,0.363
v1_lerobot_defaults,diffusion_n100_s50k,diffusion,100,50000,8800,0.019,0.39
v1_lerobot_defaults,diffusion_n100_s50k,diffusion,100,50000,8900,0.018,0.349
v1_lerobot_defaults,diffusion_n100_s50k,diffusion,100,50000,9000,0.019,0.396
v1_lerobot_defaults,diffusion_n100_s50k,diffusion,100,50000,9100,0.019,0.377
v1_lerobot_defaults,diffusion_n100_s50k,diffusion,100,50000,9200,0.019,0.347
v1_lerobot_defaults,diffusion_n100_s50k,diffusion,100,50000,9300,0.017,0.343
v1_lerobot_defaults,diffusion_n100_s50k,diffusion,100,50000,9400,0.017,0.342
v1_lerobot_defaults,diffusion_n100_s50k,diffusion,100,50000,9500,0.019,0.379
v1_lerobot_defaults,diffusion_n100_s50k,diffusion,100,50000,9600,0.018,0.36
v1_lerobot_defaults,diffusion_n100_s50k,diffusion,100,50000,9700,0.017,0.316
v1_lerobot_defaults,diffusion_n100_s50k,diffusion,100,50000,9800,0.017,0.31
v1_lerobot_defaults,diffusion_n100_s50k,diffusion,100,50000,9900,0.018,0.363
v1_lerobot_defaults,diffusion_n100_s50k,diffusion,100,50000,10000,0.018,0.338
v1_lerobot_defaults,diffusion_n100_s50k,diffusion,100,50000,10100,0.018,0.364
v1_lerobot_defaults,diffusion_n100_s50k,diffusion,100,50000,10200,0.019,0.342
v1_lerobot_defaults,diffusion_n100_s50k,diffusion,100,50000,10300,0.016,0.305
v1_lerobot_defaults,diffusion_n100_s50k,diffusion,100,50000,10400,0.019,0.43
v1_lerobot_defaults,diffusion_n100_s50k,diffusion,100,50000,10500,0.017,0.313
v1_lerobot_defaults,diffusion_n100_s50k,diffusion,100,50000,10600,0.017,0.345
v1_lerobot_defaults,diffusion_n100_s50k,diffusion,100,50000,10700,0.017,0.324
v1_lerobot_defaults,diffusion_n100_s50k,diffusion,100,50000,10800,0.017,0.33
v1_lerobot_defaults,diffusion_n100_s50k,diffusion,100,50000,10900,0.019,0.378
v1_lerobot_defaults,diffusion_n100_s50k,diffusion,100,50000,11000,0.018,0.38
v1_lerobot_defaults,diffusion_n100_s50k,diffusion,100,50000,11100,0.016,0.308
v1_lerobot_defaults,diffusion_n100_s50k,diffusion,100,50000,11200,0.017,0.357
v1_lerobot_defaults,diffusion_n100_s50k,diffusion,100,50000,11300,0.018,0.323
v1_lerobot_defaults,diffusion_n100_s50k,diffusion,100,50000,11400,0.016,0.29
v1_lerobot_defaults,diffusion_n100_s50k,diffusion,100,50000,11500,0.019,0.35
v1_lerobot_defaults,diffusion_n100_s50k,diffusion,100,50000,11600,0.018,0.311
v1_lerobot_defaults,diffusion_n100_s50k,diffusion,100,50000,11700,0.017,0.312
v1_lerobot_defaults,diffusion_n100_s50k,diffusion,100,50000,11800,0.018,0.322
v1_lerobot_defaults,diffusion_n100_s50k,diffusion,100,50000,11900,0.017,0.329
v1_lerobot_defaults,diffusion_n100_s50k,diffusion,100,50000,12000,0.016,0.303
v1_lerobot_defaults,diffusion_n100_s50k,diffusion,100,50000,12100,0.017,0.344
v1_lerobot_defaults,diffusion_n100_s50k,diffusion,100,50000,12200,0.017,0.331
v1_lerobot_defaults,diffusion_n100_s50k,diffusion,100,50000,12300,0.017,0.34
v1_lerobot_defaults,diffusion_n100_s50k,diffusion,100,50000,12400,0.016,0.283
v1_lerobot_defaults,diffusion_n100_s50k,diffusion,100,50000,12500,0.016,0.286
v1_lerobot_defaults,diffusion_n100_s50k,diffusion,100,50000,12600,0.015,0.292
v1_lerobot_defaults,diffusion_n100_s50k,diffusion,100,50000,12700,0.016,0.338
v1_lerobot_defaults,diffusion_n100_s50k,diffusion,100,50000,12800,0.016,0.328
v1_lerobot_defaults,diffusion_n100_s50k,diffusion,100,50000,12900,0.016,0.31
v1_lerobot_defaults,diffusion_n100_s50k,diffusion,100,50000,13000,0.015,0.305
v1_lerobot_defaults,diffusion_n100_s50k,diffusion,100,50000,13100,0.016,0.306
v1_lerobot_defaults,diffusion_n100_s50k,diffusion,100,50000,13200,0.016,0.29
v1_lerobot_defaults,diffusion_n100_s50k,diffusion,100,50000,13300,0.015,0.282
v1_lerobot_defaults,diffusion_n100_s50k,diffusion,100,50000,13400,0.017,0.344
v1_lerobot_defaults,diffusion_n100_s50k,diffusion,100,50000,13500,0.015,0.31
v1_lerobot_defaults,diffusion_n100_s50k,diffusion,100,50000,13600,0.015,0.311
v1_lerobot_defaults,diffusion_n100_s50k,diffusion,100,50000,13700,0.015,0.292
v1_lerobot_defaults,diffusion_n100_s50k,diffusion,100,50000,13800,0.015,0.299
v1_lerobot_defaults,diffusion_n100_s50k,diffusion,100,50000,13900,0.016,0.283
v1_lerobot_defaults,diffusion_n100_s50k,diffusion,100,50000,14000,0.015,0.308
v1_lerobot_defaults,diffusion_n100_s50k,diffusion,100,50000,14100,0.015,0.289
v1_lerobot_defaults,diffusion_n100_s50k,diffusion,100,50000,14200,0.015,0.338
v1_lerobot_defaults,diffusion_n100_s50k,diffusion,100,50000,14300,0.014,0.299
v1_lerobot_defaults,diffusion_n100_s50k,diffusion,100,50000,14400,0.016,0.319
v1_lerobot_defaults,diffusion_n100_s50k,diffusion,100,50000,14500,0.015,0.316
v1_lerobot_defaults,diffusion_n100_s50k,diffusion,100,50000,14600,0.015,0.31
v1_lerobot_defaults,diffusion_n100_s50k,diffusion,100,50000,14700,0.015,0.307
v1_lerobot_defaults,diffusion_n100_s50k,diffusion,100,50000,14800,0.016,0.314
v1_lerobot_defaults,diffusion_n100_s50k,diffusion,100,50000,14900,0.015,0.316
v1_lerobot_defaults,diffusion_n100_s50k,diffusion,100,50000,15000,0.016,0.286
v1_lerobot_defaults,diffusion_n100_s50k,diffusion,100,50000,15100,0.014,0.279
v1_lerobot_defaults,diffusion_n100_s50k,diffusion,100,50000,15200,0.015,0.287
v1_lerobot_defaults,diffusion_n100_s50k,diffusion,100,50000,15300,0.016,0.326
v1_lerobot_defaults,diffusion_n100_s50k,diffusion,100,50000,15400,0.014,0.316
v1_lerobot_defaults,diffusion_n100_s50k,diffusion,100,50000,15500,0.017,0.309
v1_lerobot_defaults,diffusion_n100_s50k,diffusion,100,50000,15600,0.016,0.287
v1_lerobot_defaults,diffusion_n100_s50k,diffusion,100,50000,15700,0.015,0.3
v1_lerobot_defaults,diffusion_n100_s50k,diffusion,100,50000,15800,0.013,0.298
v1_lerobot_defaults,diffusion_n100_s50k,diffusion,100,50000,15900,0.016,0.292
v1_lerobot_defaults,diffusion_n100_s50k,diffusion,100,50000,16000,0.014,0.265
v1_lerobot_defaults,diffusion_n100_s50k,diffusion,100,50000,16100,0.015,0.284
v1_lerobot_defaults,diffusion_n100_s50k,diffusion,100,50000,16200,0.014,0.287
v1_lerobot_defaults,diffusion_n100_s50k,diffusion,100,50000,16300,0.015,0.316
v1_lerobot_defaults,diffusion_n100_s50k,diffusion,100,50000,16400,0.015,0.279
v1_lerobot_defaults,diffusion_n100_s50k,diffusion,100,50000,16500,0.014,0.306
v1_lerobot_defaults,diffusion_n100_s50k,diffusion,100,50000,16600,0.015,0.293
v1_lerobot_defaults,diffusion_n100_s50k,diffusion,100,50000,16700,0.014,0.277
v1_lerobot_defaults,diffusion_n100_s50k,diffusion,100,50000,16800,0.015,0.294
v1_lerobot_defaults,diffusion_n100_s50k,diffusion,100,50000,16900,0.013,0.267
v1_lerobot_defaults,diffusion_n100_s50k,diffusion,100,50000,17000,0.014,0.294
v1_lerobot_defaults,diffusion_n100_s50k,diffusion,100,50000,17100,0.014,0.304
v1_lerobot_defaults,diffusion_n100_s50k,diffusion,100,50000,17200,0.014,0.295
v1_lerobot_defaults,diffusion_n100_s50k,diffusion,100,50000,17300,0.014,0.278
v1_lerobot_defaults,diffusion_n100_s50k,diffusion,100,50000,17400,0.013,0.271
v1_lerobot_defaults,diffusion_n100_s50k,diffusion,100,50000,17500,0.013,0.266
v1_lerobot_defaults,diffusion_n100_s50k,diffusion,100,50000,17600,0.016,0.325
v1_lerobot_defaults,diffusion_n100_s50k,diffusion,100,50000,17700,0.014,0.311
v1_lerobot_defaults,diffusion_n100_s50k,diffusion,100,50000,17800,0.014,0.319
v1_lerobot_defaults,diffusion_n100_s50k,diffusion,100,50000,17900,0.014,0.272
v1_lerobot_defaults,diffusion_n100_s50k,diffusion,100,50000,18000,0.014,0.299
v1_lerobot_defaults,diffusion_n100_s50k,diffusion,100,50000,18100,0.012,0.281
v1_lerobot_defaults,diffusion_n100_s50k,diffusion,100,50000,18200,0.014,0.307
v1_lerobot_defaults,diffusion_n100_s50k,diffusion,100,50000,18300,0.014,0.297
v1_lerobot_defaults,diffusion_n100_s50k,diffusion,100,50000,18400,0.013,0.267
v1_lerobot_defaults,diffusion_n100_s50k,diffusion,100,50000,18500,0.012,0.259
v1_lerobot_defaults,diffusion_n100_s50k,diffusion,100,50000,18600,0.014,0.286
v1_lerobot_defaults,diffusion_n100_s50k,diffusion,100,50000,18700,0.013,0.26
v1_lerobot_defaults,diffusion_n100_s50k,diffusion,100,50000,18800,0.013,0.254
v1_lerobot_defaults,diffusion_n100_s50k,diffusion,100,50000,18900,0.014,0.282
v1_lerobot_defaults,diffusion_n100_s50k,diffusion,100,50000,19000,0.013,0.272
v1_lerobot_defaults,diffusion_n100_s50k,diffusion,100,50000,19100,0.013,0.279
v1_lerobot_defaults,diffusion_n100_s50k,diffusion,100,50000,19200,0.012,0.262
v1_lerobot_defaults,diffusion_n100_s50k,diffusion,100,50000,19300,0.014,0.29
v1_lerobot_defaults,diffusion_n100_s50k,diffusion,100,50000,19400,0.014,0.297
v1_lerobot_defaults,diffusion_n100_s50k,diffusion,100,50000,19500,0.012,0.263
v1_lerobot_defaults,diffusion_n100_s50k,diffusion,100,50000,19600,0.012,0.267
v1_lerobot_defaults,diffusion_n100_s50k,diffusion,100,50000,19700,0.013,0.246
v1_lerobot_defaults,diffusion_n100_s50k,diffusion,100,50000,19800,0.013,0.278
v1_lerobot_defaults,diffusion_n100_s50k,diffusion,100,50000,19900,0.013,0.246
v1_lerobot_defaults,diffusion_n100_s50k,diffusion,100,50000,20000,0.013,0.26
v1_lerobot_defaults,diffusion_n100_s50k,diffusion,100,50000,20100,0.014,0.266
v1_lerobot_defaults,diffusion_n100_s50k,diffusion,100,50000,20200,0.012,0.26
v1_lerobot_defaults,diffusion_n100_s50k,diffusion,100,50000,20300,0.013,0.272
v1_lerobot_defaults,diffusion_n100_s50k,diffusion,100,50000,20400,0.013,0.266
v1_lerobot_defaults,diffusion_n100_s50k,diffusion,100,50000,20500,0.012,0.269
v1_lerobot_defaults,diffusion_n100_s50k,diffusion,100,50000,20600,0.012,0.271
v1_lerobot_defaults,diffusion_n100_s50k,diffusion,100,50000,20700,0.014,0.289
v1_lerobot_defaults,diffusion_n100_s50k,diffusion,100,50000,20800,0.011,0.25
v1_lerobot_defaults,diffusion_n100_s50k,diffusion,100,50000,20900,0.013,0.276
v1_lerobot_defaults,diffusion_n100_s50k,diffusion,100,50000,21000,0.012,0.281
v1_lerobot_defaults,diffusion_n100_s50k,diffusion,100,50000,21100,0.012,0.26
v1_lerobot_defaults,diffusion_n100_s50k,diffusion,100,50000,21200,0.012,0.274
v1_lerobot_defaults,diffusion_n100_s50k,diffusion,100,50000,21300,0.013,0.26
v1_lerobot_defaults,diffusion_n100_s50k,diffusion,100,50000,21400,0.012,0.288
v1_lerobot_defaults,diffusion_n100_s50k,diffusion,100,50000,21500,0.012,0.265
v1_lerobot_defaults,diffusion_n100_s50k,diffusion,100,50000,21600,0.013,0.279
v1_lerobot_defaults,diffusion_n100_s50k,diffusion,100,50000,21700,0.012,0.256
v1_lerobot_defaults,diffusion_n100_s50k,diffusion,100,50000,21800,0.012,0.254
v1_lerobot_defaults,diffusion_n100_s50k,diffusion,100,50000,21900,0.012,0.252
v1_lerobot_defaults,diffusion_n100_s50k,diffusion,100,50000,22000,0.012,0.271
v1_lerobot_defaults,diffusion_n100_s50k,diffusion,100,50000,22100,0.012,0.259
v1_lerobot_defaults,diffusion_n100_s50k,diffusion,100,50000,22200,0.012,0.252
v1_lerobot_defaults,diffusion_n100_s50k,diffusion,100,50000,22300,0.011,0.254
v1_lerobot_defaults,diffusion_n100_s50k,diffusion,100,50000,22400,0.012,0.252
v1_lerobot_defaults,diffusion_n100_s50k,diffusion,100,50000,22500,0.011,0.247
v1_lerobot_defaults,diffusion_n100_s50k,diffusion,100,50000,22600,0.012,0.258
v1_lerobot_defaults,diffusion_n100_s50k,diffusion,100,50000,22700,0.012,0.257
v1_lerobot_defaults,diffusion_n100_s50k,diffusion,100,50000,22800,0.012,0.28
v1_lerobot_defaults,diffusion_n100_s50k,diffusion,100,50000,22900,0.012,0.265
v1_lerobot_defaults,diffusion_n100_s50k,diffusion,100,50000,23000,0.01,0.242
v1_lerobot_defaults,diffusion_n100_s50k,diffusion,100,50000,23100,0.012,0.239
v1_lerobot_defaults,diffusion_n100_s50k,diffusion,100,50000,23200,0.011,0.266
v1_lerobot_defaults,diffusion_n100_s50k,diffusion,100,50000,23300,0.011,0.248
v1_lerobot_defaults,diffusion_n100_s50k,diffusion,100,50000,23400,0.012,0.252
v1_lerobot_defaults,diffusion_n100_s50k,diffusion,100,50000,23500,0.011,0.255
v1_lerobot_defaults,diffusion_n100_s50k,diffusion,100,50000,23600,0.011,0.259
v1_lerobot_defaults,diffusion_n100_s50k,diffusion,100,50000,23700,0.011,0.26
v1_lerobot_defaults,diffusion_n100_s50k,diffusion,100,50000,23800,0.01,0.216
v1_lerobot_defaults,diffusion_n100_s50k,diffusion,100,50000,23900,0.012,0.252
v1_lerobot_defaults,diffusion_n100_s50k,diffusion,100,50000,24000,0.012,0.271
v1_lerobot_defaults,diffusion_n100_s50k,diffusion,100,50000,24100,0.011,0.249
v1_lerobot_defaults,diffusion_n100_s50k,diffusion,100,50000,24200,0.012,0.293
v1_lerobot_defaults,diffusion_n100_s50k,diffusion,100,50000,24300,0.012,0.283
v1_lerobot_defaults,diffusion_n100_s50k,diffusion,100,50000,24400,0.011,0.269
v1_lerobot_defaults,diffusion_n100_s50k,diffusion,100,50000,24500,0.011,0.259
v1_lerobot_defaults,diffusion_n100_s50k,diffusion,100,50000,24600,0.012,0.257
v1_lerobot_defaults,diffusion_n100_s50k,diffusion,100,50000,24700,0.011,0.257
v1_lerobot_defaults,diffusion_n100_s50k,diffusion,100,50000,24800,0.011,0.233
v1_lerobot_defaults,diffusion_n100_s50k,diffusion,100,50000,24900,0.01,0.243
v1_lerobot_defaults,diffusion_n100_s50k,diffusion,100,50000,25000,0.011,0.235
v1_lerobot_defaults,diffusion_n100_s50k,diffusion,100,50000,25100,0.009,0.218
v1_lerobot_defaults,diffusion_n100_s50k,diffusion,100,50000,25200,0.011,0.262
v1_lerobot_defaults,diffusion_n100_s50k,diffusion,100,50000,25300,0.011,0.231
v1_lerobot_defaults,diffusion_n100_s50k,diffusion,100,50000,25400,0.011,0.242
v1_lerobot_defaults,diffusion_n100_s50k,diffusion,100,50000,25500,0.011,0.244
v1_lerobot_defaults,diffusion_n100_s50k,diffusion,100,50000,25600,0.012,0.266
v1_lerobot_defaults,diffusion_n100_s50k,diffusion,100,50000,25700,0.011,0.242
v1_lerobot_defaults,diffusion_n100_s50k,diffusion,100,50000,25800,0.01,0.243
v1_lerobot_defaults,diffusion_n100_s50k,diffusion,100,50000,25900,0.009,0.216
v1_lerobot_defaults,diffusion_n100_s50k,diffusion,100,50000,26000,0.011,0.253
v1_lerobot_defaults,diffusion_n100_s50k,diffusion,100,50000,26100,0.01,0.215
v1_lerobot_defaults,diffusion_n100_s50k,diffusion,100,50000,26200,0.011,0.249
v1_lerobot_defaults,diffusion_n100_s50k,diffusion,100,50000,26300,0.011,0.258
v1_lerobot_defaults,diffusion_n100_s50k,diffusion,100,50000,26400,0.01,0.224
v1_lerobot_defaults,diffusion_n100_s50k,diffusion,100,50000,26500,0.01,0.243
v1_lerobot_defaults,diffusion_n100_s50k,diffusion,100,50000,26600,0.01,0.237
v1_lerobot_defaults,diffusion_n100_s50k,diffusion,100,50000,26700,0.009,0.231
v1_lerobot_defaults,diffusion_n100_s50k,diffusion,100,50000,26800,0.01,0.254
v1_lerobot_defaults,diffusion_n100_s50k,diffusion,100,50000,26900,0.01,0.235
v1_lerobot_defaults,diffusion_n100_s50k,diffusion,100,50000,27000,0.01,0.256
v1_lerobot_defaults,diffusion_n100_s50k,diffusion,100,50000,27100,0.011,0.256
v1_lerobot_defaults,diffusion_n100_s50k,diffusion,100,50000,27200,0.01,0.233
v1_lerobot_defaults,diffusion_n100_s50k,diffusion,100,50000,27300,0.009,0.225
v1_lerobot_defaults,diffusion_n100_s50k,diffusion,100,50000,27400,0.01,0.243
v1_lerobot_defaults,diffusion_n100_s50k,diffusion,100,50000,27500,0.01,0.24
v1_lerobot_defaults,diffusion_n100_s50k,diffusion,100,50000,27600,0.01,0.229
v1_lerobot_defaults,diffusion_n100_s50k,diffusion,100,50000,27700,0.01,0.232
v1_lerobot_defaults,diffusion_n100_s50k,diffusion,100,50000,27800,0.01,0.235
v1_lerobot_defaults,diffusion_n100_s50k,diffusion,100,50000,27900,0.01,0.239
v1_lerobot_defaults,diffusion_n100_s50k,diffusion,100,50000,28000,0.01,0.244
v1_lerobot_defaults,diffusion_n100_s50k,diffusion,100,50000,28100,0.01,0.241
v1_lerobot_defaults,diffusion_n100_s50k,diffusion,100,50000,28200,0.011,0.254
v1_lerobot_defaults,diffusion_n100_s50k,diffusion,100,50000,28300,0.01,0.242
v1_lerobot_defaults,diffusion_n100_s50k,diffusion,100,50000,28400,0.01,0.238
v1_lerobot_defaults,diffusion_n100_s50k,diffusion,100,50000,28500,0.01,0.246
v1_lerobot_defaults,diffusion_n100_s50k,diffusion,100,50000,28600,0.008,0.214
v1_lerobot_defaults,diffusion_n100_s50k,diffusion,100,50000,28700,0.01,0.241
v1_lerobot_defaults,diffusion_n100_s50k,diffusion,100,50000,28800,0.01,0.246
v1_lerobot_defaults,diffusion_n100_s50k,diffusion,100,50000,28900,0.01,0.225
v1_lerobot_defaults,diffusion_n100_s50k,diffusion,100,50000,29000,0.01,0.225
v1_lerobot_defaults,diffusion_n100_s50k,diffusion,100,50000,29100,0.01,0.251
v1_lerobot_defaults,diffusion_n100_s50k,diffusion,100,50000,29200,0.01,0.249
v1_lerobot_defaults,diffusion_n100_s50k,diffusion,100,50000,29300,0.009,0.227
v1_lerobot_defaults,diffusion_n100_s50k,diffusion,100,50000,29400,0.009,0.237
v1_lerobot_defaults,diffusion_n100_s50k,diffusion,100,50000,29500,0.01,0.25
v1_lerobot_defaults,diffusion_n100_s50k,diffusion,100,50000,29600,0.01,0.248
v1_lerobot_defaults,diffusion_n100_s50k,diffusion,100,50000,29700,0.009,0.226
v1_lerobot_defaults,diffusion_n100_s50k,diffusion,100,50000,29800,0.009,0.222
v1_lerobot_defaults,diffusion_n100_s50k,diffusion,100,50000,29900,0.009,0.209
v1_lerobot_defaults,diffusion_n100_s50k,diffusion,100,50000,30000,0.01,0.237
v1_lerobot_defaults,diffusion_n100_s50k,diffusion,100,50000,30100,0.009,0.215
v1_lerobot_defaults,diffusion_n100_s50k,diffusion,100,50000,30200,0.008,0.198
v1_lerobot_defaults,diffusion_n100_s50k,diffusion,100,50000,30300,0.009,0.226
v1_lerobot_defaults,diffusion_n100_s50k,diffusion,100,50000,30400,0.009,0.207
v1_lerobot_defaults,diffusion_n100_s50k,diffusion,100,50000,30500,0.01,0.254
v1_lerobot_defaults,diffusion_n100_s50k,diffusion,100,50000,30600,0.009,0.201
v1_lerobot_defaults,diffusion_n100_s50k,diffusion,100,50000,30700,0.009,0.22
v1_lerobot_defaults,diffusion_n100_s50k,diffusion,100,50000,30800,0.009,0.227
v1_lerobot_defaults,diffusion_n100_s50k,diffusion,100,50000,30900,0.009,0.216
v1_lerobot_defaults,diffusion_n100_s50k,diffusion,100,50000,31000,0.009,0.245
v1_lerobot_defaults,diffusion_n100_s50k,diffusion,100,50000,31100,0.009,0.23
v1_lerobot_defaults,diffusion_n100_s50k,diffusion,100,50000,31200,0.009,0.222
v1_lerobot_defaults,diffusion_n100_s50k,diffusion,100,50000,31300,0.009,0.224
v1_lerobot_defaults,diffusion_n100_s50k,diffusion,100,50000,31400,0.008,0.212
v1_lerobot_defaults,diffusion_n100_s50k,diffusion,100,50000,31500,0.008,0.214
v1_lerobot_defaults,diffusion_n100_s50k,diffusion,100,50000,31600,0.009,0.22
v1_lerobot_defaults,diffusion_n100_s50k,diffusion,100,50000,31700,0.009,0.221
v1_lerobot_defaults,diffusion_n100_s50k,diffusion,100,50000,31800,0.008,0.22
v1_lerobot_defaults,diffusion_n100_s50k,diffusion,100,50000,31900,0.008,0.229
v1_lerobot_defaults,diffusion_n100_s50k,diffusion,100,50000,32000,0.008,0.218
v1_lerobot_defaults,diffusion_n100_s50k,diffusion,100,50000,32100,0.009,0.23
v1_lerobot_defaults,diffusion_n100_s50k,diffusion,100,50000,32200,0.008,0.205
v1_lerobot_defaults,diffusion_n100_s50k,diffusion,100,50000,32300,0.01,0.24
v1_lerobot_defaults,diffusion_n100_s50k,diffusion,100,50000,32400,0.008,0.233
v1_lerobot_defaults,diffusion_n100_s50k,diffusion,100,50000,32500,0.009,0.224
v1_lerobot_defaults,diffusion_n100_s50k,diffusion,100,50000,32600,0.008,0.198
v1_lerobot_defaults,diffusion_n100_s50k,diffusion,100,50000,32700,0.008,0.209
v1_lerobot_defaults,diffusion_n100_s50k,diffusion,100,50000,32800,0.009,0.223
v1_lerobot_defaults,diffusion_n100_s50k,diffusion,100,50000,32900,0.008,0.229
v1_lerobot_defaults,diffusion_n100_s50k,diffusion,100,50000,33000,0.008,0.211
v1_lerobot_defaults,diffusion_n100_s50k,diffusion,100,50000,33100,0.009,0.215
v1_lerobot_defaults,diffusion_n100_s50k,diffusion,100,50000,33200,0.009,0.236
v1_lerobot_defaults,diffusion_n100_s50k,diffusion,100,50000,33300,0.008,0.218
v1_lerobot_defaults,diffusion_n100_s50k,diffusion,100,50000,33400,0.008,0.219
v1_lerobot_defaults,diffusion_n100_s50k,diffusion,100,50000,33500,0.008,0.216
v1_lerobot_defaults,diffusion_n100_s50k,diffusion,100,50000,33600,0.008,0.217
v1_lerobot_defaults,diffusion_n100_s50k,diffusion,100,50000,33700,0.008,0.207
v1_lerobot_defaults,diffusion_n100_s50k,diffusion,100,50000,33800,0.009,0.23
v1_lerobot_defaults,diffusion_n100_s50k,diffusion,100,50000,33900,0.008,0.217
v1_lerobot_defaults,diffusion_n100_s50k,diffusion,100,50000,34000,0.007,0.218
v1_lerobot_defaults,diffusion_n100_s50k,diffusion,100,50000,34100,0.008,0.214
v1_lerobot_defaults,diffusion_n100_s50k,diffusion,100,50000,34200,0.009,0.22
v1_lerobot_defaults,diffusion_n100_s50k,diffusion,100,50000,34300,0.008,0.212
v1_lerobot_defaults,diffusion_n100_s50k,diffusion,100,50000,34400,0.008,0.237
v1_lerobot_defaults,diffusion_n100_s50k,diffusion,100,50000,34500,0.007,0.209
v1_lerobot_defaults,diffusion_n100_s50k,diffusion,100,50000,34600,0.007,0.193
v1_lerobot_defaults,diffusion_n100_s50k,diffusion,100,50000,34700,0.008,0.209
v1_lerobot_defaults,diffusion_n100_s50k,diffusion,100,50000,34800,0.008,0.231
v1_lerobot_defaults,diffusion_n100_s50k,diffusion,100,50000,34900,0.008,0.219
v1_lerobot_defaults,diffusion_n100_s50k,diffusion,100,50000,35000,0.008,0.196
v1_lerobot_defaults,diffusion_n100_s50k,diffusion,100,50000,35100,0.008,0.223
v1_lerobot_defaults,diffusion_n100_s50k,diffusion,100,50000,35200,0.008,0.223
v1_lerobot_defaults,diffusion_n100_s50k,diffusion,100,50000,35300,0.007,0.198
v1_lerobot_defaults,diffusion_n100_s50k,diffusion,100,50000,35400,0.008,0.2
v1_lerobot_defaults,diffusion_n100_s50k,diffusion,100,50000,35500,0.008,0.199
v1_lerobot_defaults,diffusion_n100_s50k,diffusion,100,50000,35600,0.008,0.207
v1_lerobot_defaults,diffusion_n100_s50k,diffusion,100,50000,35700,0.007,0.208
v1_lerobot_defaults,diffusion_n100_s50k,diffusion,100,50000,35800,0.007,0.193
v1_lerobot_defaults,diffusion_n100_s50k,diffusion,100,50000,35900,0.008,0.208
v1_lerobot_defaults,diffusion_n100_s50k,diffusion,100,50000,36000,0.008,0.228
v1_lerobot_defaults,diffusion_n100_s50k,diffusion,100,50000,36100,0.008,0.209
v1_lerobot_defaults,diffusion_n100_s50k,diffusion,100,50000,36200,0.008,0.202
v1_lerobot_defaults,diffusion_n100_s50k,diffusion,100,50000,36300,0.006,0.197
v1_lerobot_defaults,diffusion_n100_s50k,diffusion,100,50000,36400,0.008,0.207
v1_lerobot_defaults,diffusion_n100_s50k,diffusion,100,50000,36500,0.007,0.201
v1_lerobot_defaults,diffusion_n100_s50k,diffusion,100,50000,36600,0.007,0.205
v1_lerobot_defaults,diffusion_n100_s50k,diffusion,100,50000,36700,0.007,0.211
v1_lerobot_defaults,diffusion_n100_s50k,diffusion,100,50000,36800,0.007,0.209
v1_lerobot_defaults,diffusion_n100_s50k,diffusion,100,50000,36900,0.007,0.202
v1_lerobot_defaults,diffusion_n100_s50k,diffusion,100,50000,37000,0.007,0.204
v1_lerobot_defaults,diffusion_n100_s50k,diffusion,100,50000,37100,0.007,0.199
v1_lerobot_defaults,diffusion_n100_s50k,diffusion,100,50000,37200,0.008,0.214
v1_lerobot_defaults,diffusion_n100_s50k,diffusion,100,50000,37300,0.007,0.199
v1_lerobot_defaults,diffusion_n100_s50k,diffusion,100,50000,37400,0.008,0.208
v1_lerobot_defaults,diffusion_n100_s50k,diffusion,100,50000,37500,0.007,0.202
v1_lerobot_defaults,diffusion_n100_s50k,diffusion,100,50000,37600,0.007,0.21
v1_lerobot_defaults,diffusion_n100_s50k,diffusion,100,50000,37700,0.007,0.187
v1_lerobot_defaults,diffusion_n100_s50k,diffusion,100,50000,37800,0.008,0.202
v1_lerobot_defaults,diffusion_n100_s50k,diffusion,100,50000,37900,0.007,0.207
v1_lerobot_defaults,diffusion_n100_s50k,diffusion,100,50000,38000,0.007,0.194
v1_lerobot_defaults,diffusion_n100_s50k,diffusion,100,50000,38100,0.007,0.185
v1_lerobot_defaults,diffusion_n100_s50k,diffusion,100,50000,38200,0.006,0.184
v1_lerobot_defaults,diffusion_n100_s50k,diffusion,100,50000,38300,0.007,0.195
v1_lerobot_defaults,diffusion_n100_s50k,diffusion,100,50000,38400,0.007,0.194
v1_lerobot_defaults,diffusion_n100_s50k,diffusion,100,50000,38500,0.007,0.201
v1_lerobot_defaults,diffusion_n100_s50k,diffusion,100,50000,38600,0.007,0.193
v1_lerobot_defaults,diffusion_n100_s50k,diffusion,100,50000,38700,0.007,0.207
v1_lerobot_defaults,diffusion_n100_s50k,diffusion,100,50000,38800,0.007,0.209
v1_lerobot_defaults,diffusion_n100_s50k,diffusion,100,50000,38900,0.006,0.173
v1_lerobot_defaults,diffusion_n100_s50k,diffusion,100,50000,39000,0.006,0.197
v1_lerobot_defaults,diffusion_n100_s50k,diffusion,100,50000,39100,0.006,0.191
v1_lerobot_defaults,diffusion_n100_s50k,diffusion,100,50000,39200,0.006,0.189
v1_lerobot_defaults,diffusion_n100_s50k,diffusion,100,50000,39300,0.007,0.196
v1_lerobot_defaults,diffusion_n100_s50k,diffusion,100,50000,39400,0.007,0.195
v1_lerobot_defaults,diffusion_n100_s50k,diffusion,100,50000,39500,0.007,0.207
v1_lerobot_defaults,diffusion_n100_s50k,diffusion,100,50000,39600,0.007,0.196
v1_lerobot_defaults,diffusion_n100_s50k,diffusion,100,50000,39700,0.006,0.192
v1_lerobot_defaults,diffusion_n100_s50k,diffusion,100,50000,39800,0.006,0.174
v1_lerobot_defaults,diffusion_n100_s50k,diffusion,100,50000,39900,0.007,0.191
v1_lerobot_defaults,diffusion_n100_s50k,diffusion,100,50000,40000,0.005,0.175
v1_lerobot_defaults,diffusion_n100_s50k,diffusion,100,50000,40100,0.006,0.184
v1_lerobot_defaults,diffusion_n100_s50k,diffusion,100,50000,40200,0.007,0.203
v1_lerobot_defaults,diffusion_n100_s50k,diffusion,100,50000,40300,0.007,0.203
v1_lerobot_defaults,diffusion_n100_s50k,diffusion,100,50000,40400,0.006,0.192
v1_lerobot_defaults,diffusion_n100_s50k,diffusion,100,50000,40500,0.007,0.191
v1_lerobot_defaults,diffusion_n100_s50k,diffusion,100,50000,40600,0.007,0.192
v1_lerobot_defaults,diffusion_n100_s50k,diffusion,100,50000,40700,0.006,0.177
v1_lerobot_defaults,diffusion_n100_s50k,diffusion,100,50000,40800,0.007,0.188
v1_lerobot_defaults,diffusion_n100_s50k,diffusion,100,50000,40900,0.006,0.194
v1_lerobot_defaults,diffusion_n100_s50k,diffusion,100,50000,41000,0.007,0.193
v1_lerobot_defaults,diffusion_n100_s50k,diffusion,100,50000,41100,0.006,0.202
v1_lerobot_defaults,diffusion_n100_s50k,diffusion,100,50000,41200,0.006,0.189
v1_lerobot_defaults,diffusion_n100_s50k,diffusion,100,50000,41300,0.007,0.2
v1_lerobot_defaults,diffusion_n100_s50k,diffusion,100,50000,41400,0.007,0.193
v1_lerobot_defaults,diffusion_n100_s50k,diffusion,100,50000,41500,0.007,0.192
v1_lerobot_defaults,diffusion_n100_s50k,diffusion,100,50000,41600,0.007,0.192
v1_lerobot_defaults,diffusion_n100_s50k,diffusion,100,50000,41700,0.006,0.177
v1_lerobot_defaults,diffusion_n100_s50k,diffusion,100,50000,41800,0.006,0.186
v1_lerobot_defaults,diffusion_n100_s50k,diffusion,100,50000,41900,0.006,0.193
v1_lerobot_defaults,diffusion_n100_s50k,diffusion,100,50000,42000,0.006,0.182
v1_lerobot_defaults,diffusion_n100_s50k,diffusion,100,50000,42100,0.006,0.175
v1_lerobot_defaults,diffusion_n100_s50k,diffusion,100,50000,42200,0.006,0.172
v1_lerobot_defaults,diffusion_n100_s50k,diffusion,100,50000,42300,0.007,0.188
v1_lerobot_defaults,diffusion_n100_s50k,diffusion,100,50000,42400,0.006,0.176
v1_lerobot_defaults,diffusion_n100_s50k,diffusion,100,50000,42500,0.006,0.189
v1_lerobot_defaults,diffusion_n100_s50k,diffusion,100,50000,42600,0.006,0.182
v1_lerobot_defaults,diffusion_n100_s50k,diffusion,100,50000,42700,0.007,0.201
v1_lerobot_defaults,diffusion_n100_s50k,diffusion,100,50000,42800,0.006,0.17
v1_lerobot_defaults,diffusion_n100_s50k,diffusion,100,50000,42900,0.006,0.185
v1_lerobot_defaults,diffusion_n100_s50k,diffusion,100,50000,43000,0.006,0.184
v1_lerobot_defaults,diffusion_n100_s50k,diffusion,100,50000,43100,0.006,0.187
v1_lerobot_defaults,diffusion_n100_s50k,diffusion,100,50000,43200,0.006,0.179
v1_lerobot_defaults,diffusion_n100_s50k,diffusion,100,50000,43300,0.006,0.178
v1_lerobot_defaults,diffusion_n100_s50k,diffusion,100,50000,43400,0.006,0.177
v1_lerobot_defaults,diffusion_n100_s50k,diffusion,100,50000,43500,0.005,0.174
v1_lerobot_defaults,diffusion_n100_s50k,diffusion,100,50000,43600,0.006,0.173
v1_lerobot_defaults,diffusion_n100_s50k,diffusion,100,50000,43700,0.005,0.172
v1_lerobot_defaults,diffusion_n100_s50k,diffusion,100,50000,43800,0.006,0.192
v1_lerobot_defaults,diffusion_n100_s50k,diffusion,100,50000,43900,0.006,0.182
v1_lerobot_defaults,diffusion_n100_s50k,diffusion,100,50000,44000,0.006,0.175
v1_lerobot_defaults,diffusion_n100_s50k,diffusion,100,50000,44100,0.006,0.185
v1_lerobot_defaults,diffusion_n100_s50k,diffusion,100,50000,44200,0.006,0.179
v1_lerobot_defaults,diffusion_n100_s50k,diffusion,100,50000,44300,0.006,0.178
v1_lerobot_defaults,diffusion_n100_s50k,diffusion,100,50000,44400,0.006,0.181
v1_lerobot_defaults,diffusion_n100_s50k,diffusion,100,50000,44500,0.005,0.171
v1_lerobot_defaults,diffusion_n100_s50k,diffusion,100,50000,44600,0.006,0.184
v1_lerobot_defaults,diffusion_n100_s50k,diffusion,100,50000,44700,0.006,0.188
v1_lerobot_defaults,diffusion_n100_s50k,diffusion,100,50000,44800,0.006,0.192
v1_lerobot_defaults,diffusion_n100_s50k,diffusion,100,50000,44900,0.006,0.179
v1_lerobot_defaults,diffusion_n100_s50k,diffusion,100,50000,45000,0.006,0.186
v1_lerobot_defaults,diffusion_n100_s50k,diffusion,100,50000,45100,0.006,0.187
v1_lerobot_defaults,diffusion_n100_s50k,diffusion,100,50000,45200,0.006,0.179
v1_lerobot_defaults,diffusion_n100_s50k,diffusion,100,50000,45300,0.005,0.159
v1_lerobot_defaults,diffusion_n100_s50k,diffusion,100,50000,45400,0.006,0.174
v1_lerobot_defaults,diffusion_n100_s50k,diffusion,100,50000,45500,0.006,0.174
v1_lerobot_defaults,diffusion_n100_s50k,diffusion,100,50000,45600,0.006,0.181
v1_lerobot_defaults,diffusion_n100_s50k,diffusion,100,50000,45700,0.006,0.177
v1_lerobot_defaults,diffusion_n100_s50k,diffusion,100,50000,45800,0.006,0.18
v1_lerobot_defaults,diffusion_n100_s50k,diffusion,100,50000,45900,0.006,0.181
v1_lerobot_defaults,diffusion_n100_s50k,diffusion,100,50000,46000,0.006,0.172
v1_lerobot_defaults,diffusion_n100_s50k,diffusion,100,50000,46100,0.006,0.18
v1_lerobot_defaults,diffusion_n100_s50k,diffusion,100,50000,46200,0.006,0.177
v1_lerobot_defaults,diffusion_n100_s50k,diffusion,100,50000,46300,0.006,0.182
v1_lerobot_defaults,diffusion_n100_s50k,diffusion,100,50000,46400,0.006,0.172
v1_lerobot_defaults,diffusion_n100_s50k,diffusion,100,50000,46500,0.006,0.178
v1_lerobot_defaults,diffusion_n100_s50k,diffusion,100,50000,46600,0.006,0.179
v1_lerobot_defaults,diffusion_n100_s50k,diffusion,100,50000,46700,0.005,0.163
v1_lerobot_defaults,diffusion_n100_s50k,diffusion,100,50000,46800,0.006,0.171
v1_lerobot_defaults,diffusion_n100_s50k,diffusion,100,50000,46900,0.005,0.178
v1_lerobot_defaults,diffusion_n100_s50k,diffusion,100,50000,47000,0.006,0.178
v1_lerobot_defaults,diffusion_n100_s50k,diffusion,100,50000,47100,0.006,0.179
v1_lerobot_defaults,diffusion_n100_s50k,diffusion,100,50000,47200,0.006,0.179
v1_lerobot_defaults,diffusion_n100_s50k,diffusion,100,50000,47300,0.006,0.178
v1_lerobot_defaults,diffusion_n100_s50k,diffusion,100,50000,47400,0.006,0.18
v1_lerobot_defaults,diffusion_n100_s50k,diffusion,100,50000,47500,0.005,0.167
v1_lerobot_defaults,diffusion_n100_s50k,diffusion,100,50000,47600,0.005,0.165
v1_lerobot_defaults,diffusion_n100_s50k,diffusion,100,50000,47700,0.005,0.173
v1_lerobot_defaults,diffusion_n100_s50k,diffusion,100,50000,47800,0.006,0.168
v1_lerobot_defaults,diffusion_n100_s50k,diffusion,100,50000,47900,0.006,0.179
v1_lerobot_defaults,diffusion_n100_s50k,diffusion,100,50000,48000,0.006,0.177
v1_lerobot_defaults,diffusion_n100_s50k,diffusion,100,50000,48100,0.006,0.173
v1_lerobot_defaults,diffusion_n100_s50k,diffusion,100,50000,48200,0.005,0.164
v1_lerobot_defaults,diffusion_n100_s50k,diffusion,100,50000,48300,0.006,0.176
v1_lerobot_defaults,diffusion_n100_s50k,diffusion,100,50000,48400,0.005,0.175
v1_lerobot_defaults,diffusion_n100_s50k,diffusion,100,50000,48500,0.006,0.182
v1_lerobot_defaults,diffusion_n100_s50k,diffusion,100,50000,48600,0.006,0.172
v1_lerobot_defaults,diffusion_n100_s50k,diffusion,100,50000,48700,0.005,0.165
v1_lerobot_defaults,diffusion_n100_s50k,diffusion,100,50000,48800,0.005,0.176
v1_lerobot_defaults,diffusion_n100_s50k,diffusion,100,50000,48900,0.006,0.184
v1_lerobot_defaults,diffusion_n100_s50k,diffusion,100,50000,49000,0.006,0.18
v1_lerobot_defaults,diffusion_n100_s50k,diffusion,100,50000,49100,0.006,0.179
v1_lerobot_defaults,diffusion_n100_s50k,diffusion,100,50000,49200,0.006,0.182
v1_lerobot_defaults,diffusion_n100_s50k,diffusion,100,50000,49300,0.006,0.177
v1_lerobot_defaults,diffusion_n100_s50k,diffusion,100,50000,49400,0.006,0.175
v1_lerobot_defaults,diffusion_n100_s50k,diffusion,100,50000,49500,0.006,0.173
v1_lerobot_defaults,diffusion_n100_s50k,diffusion,100,50000,49600,0.006,0.169
v1_lerobot_defaults,diffusion_n100_s50k,diffusion,100,50000,49700,0.006,0.166
v1_lerobot_defaults,diffusion_n100_s50k,diffusion,100,50000,49800,0.005,0.164
v1_lerobot_defaults,diffusion_n100_s50k,diffusion,100,50000,49900,0.006,0.179
v1_lerobot_defaults,diffusion_n100_s50k,diffusion,100,50000,50000,0.005,0.17
v1_lerobot_defaults,diffusion_n100_s5k,diffusion,100,5000,100,0.747,5.505
v1_lerobot_defaults,diffusion_n100_s5k,diffusion,100,5000,200,0.177,4.657
v1_lerobot_defaults,diffusion_n100_s5k,diffusion,100,5000,300,0.116,3.278
v1_lerobot_defaults,diffusion_n100_s5k,diffusion,100,5000,400,0.091,2.157
v1_lerobot_defaults,diffusion_n100_s5k,diffusion,100,5000,500,0.083,1.877
v1_lerobot_defaults,diffusion_n100_s5k,diffusion,100,5000,600,0.064,1.525
v1_lerobot_defaults,diffusion_n100_s5k,diffusion,100,5000,700,0.054,1.295
v1_lerobot_defaults,diffusion_n100_s5k,diffusion,100,5000,800,0.048,1.22
v1_lerobot_defaults,diffusion_n100_s5k,diffusion,100,5000,900,0.044,1.022
v1_lerobot_defaults,diffusion_n100_s5k,diffusion,100,5000,1000,0.045,1.097
v1_lerobot_defaults,diffusion_n100_s5k,diffusion,100,5000,1100,0.042,1.067
v1_lerobot_defaults,diffusion_n100_s5k,diffusion,100,5000,1200,0.039,0.997
v1_lerobot_defaults,diffusion_n100_s5k,diffusion,100,5000,1300,0.034,0.85
v1_lerobot_defaults,diffusion_n100_s5k,diffusion,100,5000,1400,0.035,0.88
v1_lerobot_defaults,diffusion_n100_s5k,diffusion,100,5000,1500,0.034,0.87
v1_lerobot_defaults,diffusion_n100_s5k,diffusion,100,5000,1600,0.03,0.804
v1_lerobot_defaults,diffusion_n100_s5k,diffusion,100,5000,1700,0.032,0.698
v1_lerobot_defaults,diffusion_n100_s5k,diffusion,100,5000,1800,0.03,0.717
v1_lerobot_defaults,diffusion_n100_s5k,diffusion,100,5000,1900,0.027,0.632
v1_lerobot_defaults,diffusion_n100_s5k,diffusion,100,5000,2000,0.028,0.697
v1_lerobot_defaults,diffusion_n100_s5k,diffusion,100,5000,2100,0.03,0.689
v1_lerobot_defaults,diffusion_n100_s5k,diffusion,100,5000,2200,0.026,0.66
v1_lerobot_defaults,diffusion_n100_s5k,diffusion,100,5000,2300,0.029,0.725
v1_lerobot_defaults,diffusion_n100_s5k,diffusion,100,5000,2400,0.027,0.604
v1_lerobot_defaults,diffusion_n100_s5k,diffusion,100,5000,2500,0.027,0.616
v1_lerobot_defaults,diffusion_n100_s5k,diffusion,100,5000,2600,0.024,0.631
v1_lerobot_defaults,diffusion_n100_s5k,diffusion,100,5000,2700,0.026,0.606
v1_lerobot_defaults,diffusion_n100_s5k,diffusion,100,5000,2800,0.023,0.576
v1_lerobot_defaults,diffusion_n100_s5k,diffusion,100,5000,2900,0.021,0.516
v1_lerobot_defaults,diffusion_n100_s5k,diffusion,100,5000,3000,0.022,0.547
v1_lerobot_defaults,diffusion_n100_s5k,diffusion,100,5000,3100,0.022,0.542
v1_lerobot_defaults,diffusion_n100_s5k,diffusion,100,5000,3200,0.022,0.548
v1_lerobot_defaults,diffusion_n100_s5k,diffusion,100,5000,3300,0.022,0.547
v1_lerobot_defaults,diffusion_n100_s5k,diffusion,100,5000,3400,0.02,0.493
v1_lerobot_defaults,diffusion_n100_s5k,diffusion,100,5000,3500,0.02,0.489
v1_lerobot_defaults,diffusion_n100_s5k,diffusion,100,5000,3600,0.02,0.51
v1_lerobot_defaults,diffusion_n100_s5k,diffusion,100,5000,3700,0.018,0.455
v1_lerobot_defaults,diffusion_n100_s5k,diffusion,100,5000,3800,0.019,0.511
v1_lerobot_defaults,diffusion_n100_s5k,diffusion,100,5000,3900,0.018,0.474
v1_lerobot_defaults,diffusion_n100_s5k,diffusion,100,5000,4000,0.019,0.446
v1_lerobot_defaults,diffusion_n100_s5k,diffusion,100,5000,4100,0.017,0.431
v1_lerobot_defaults,diffusion_n100_s5k,diffusion,100,5000,4200,0.016,0.413
v1_lerobot_defaults,diffusion_n100_s5k,diffusion,100,5000,4300,0.016,0.384
v1_lerobot_defaults,diffusion_n100_s5k,diffusion,100,5000,4400,0.016,0.396
v1_lerobot_defaults,diffusion_n100_s5k,diffusion,100,5000,4500,0.016,0.388
v1_lerobot_defaults,diffusion_n100_s5k,diffusion,100,5000,4600,0.015,0.363
v1_lerobot_defaults,diffusion_n100_s5k,diffusion,100,5000,4700,0.015,0.361
v1_lerobot_defaults,diffusion_n100_s5k,diffusion,100,5000,4800,0.015,0.334
v1_lerobot_defaults,diffusion_n100_s5k,diffusion,100,5000,4900,0.015,0.345
v1_lerobot_defaults,diffusion_n100_s5k,diffusion,100,5000,5000,0.015,0.316
v1_lerobot_defaults,diffusion_n10_s20k,diffusion,10,20000,100,0.752,5.439
v1_lerobot_defaults,diffusion_n10_s20k,diffusion,10,20000,200,0.18,4.456
v1_lerobot_defaults,diffusion_n10_s20k,diffusion,10,20000,300,0.118,3.041
v1_lerobot_defaults,diffusion_n10_s20k,diffusion,10,20000,400,0.092,2.241
v1_lerobot_defaults,diffusion_n10_s20k,diffusion,10,20000,500,0.08,1.867
v1_lerobot_defaults,diffusion_n10_s20k,diffusion,10,20000,600,0.067,1.551
v1_lerobot_defaults,diffusion_n10_s20k,diffusion,10,20000,700,0.059,1.354
v1_lerobot_defaults,diffusion_n10_s20k,diffusion,10,20000,800,0.048,1.121
v1_lerobot_defaults,diffusion_n10_s20k,diffusion,10,20000,900,0.043,0.985
v1_lerobot_defaults,diffusion_n10_s20k,diffusion,10,20000,1000,0.044,1.065
v1_lerobot_defaults,diffusion_n10_s20k,diffusion,10,20000,1100,0.041,1.036
v1_lerobot_defaults,diffusion_n10_s20k,diffusion,10,20000,1200,0.038,1.003
v1_lerobot_defaults,diffusion_n10_s20k,diffusion,10,20000,1300,0.034,0.936
v1_lerobot_defaults,diffusion_n10_s20k,diffusion,10,20000,1400,0.034,0.897
v1_lerobot_defaults,diffusion_n10_s20k,diffusion,10,20000,1500,0.033,0.784
v1_lerobot_defaults,diffusion_n10_s20k,diffusion,10,20000,1600,0.027,0.716
v1_lerobot_defaults,diffusion_n10_s20k,diffusion,10,20000,1700,0.031,0.785
v1_lerobot_defaults,diffusion_n10_s20k,diffusion,10,20000,1800,0.031,0.748
v1_lerobot_defaults,diffusion_n10_s20k,diffusion,10,20000,1900,0.028,0.718
v1_lerobot_defaults,diffusion_n10_s20k,diffusion,10,20000,2000,0.028,0.749
v1_lerobot_defaults,diffusion_n10_s20k,diffusion,10,20000,2100,0.028,0.717
v1_lerobot_defaults,diffusion_n10_s20k,diffusion,10,20000,2200,0.026,0.71
v1_lerobot_defaults,diffusion_n10_s20k,diffusion,10,20000,2300,0.026,0.654
v1_lerobot_defaults,diffusion_n10_s20k,diffusion,10,20000,2400,0.025,0.622
v1_lerobot_defaults,diffusion_n10_s20k,diffusion,10,20000,2500,0.027,0.744
v1_lerobot_defaults,diffusion_n10_s20k,diffusion,10,20000,2600,0.023,0.624
v1_lerobot_defaults,diffusion_n10_s20k,diffusion,10,20000,2700,0.026,0.673
v1_lerobot_defaults,diffusion_n10_s20k,diffusion,10,20000,2800,0.023,0.617
v1_lerobot_defaults,diffusion_n10_s20k,diffusion,10,20000,2900,0.023,0.557
v1_lerobot_defaults,diffusion_n10_s20k,diffusion,10,20000,3000,0.023,0.56
v1_lerobot_defaults,diffusion_n10_s20k,diffusion,10,20000,3100,0.022,0.57
v1_lerobot_defaults,diffusion_n10_s20k,diffusion,10,20000,3200,0.022,0.545
v1_lerobot_defaults,diffusion_n10_s20k,diffusion,10,20000,3300,0.02,0.557
v1_lerobot_defaults,diffusion_n10_s20k,diffusion,10,20000,3400,0.022,0.572
v1_lerobot_defaults,diffusion_n10_s20k,diffusion,10,20000,3500,0.021,0.539
v1_lerobot_defaults,diffusion_n10_s20k,diffusion,10,20000,3600,0.022,0.548
v1_lerobot_defaults,diffusion_n10_s20k,diffusion,10,20000,3700,0.02,0.466
v1_lerobot_defaults,diffusion_n10_s20k,diffusion,10,20000,3800,0.02,0.477
v1_lerobot_defaults,diffusion_n10_s20k,diffusion,10,20000,3900,0.019,0.51
v1_lerobot_defaults,diffusion_n10_s20k,diffusion,10,20000,4000,0.021,0.558
v1_lerobot_defaults,diffusion_n10_s20k,diffusion,10,20000,4100,0.021,0.576
v1_lerobot_defaults,diffusion_n10_s20k,diffusion,10,20000,4200,0.019,0.561
v1_lerobot_defaults,diffusion_n10_s20k,diffusion,10,20000,4300,0.02,0.562
v1_lerobot_defaults,diffusion_n10_s20k,diffusion,10,20000,4400,0.019,0.531
v1_lerobot_defaults,diffusion_n10_s20k,diffusion,10,20000,4500,0.018,0.486
v1_lerobot_defaults,diffusion_n10_s20k,diffusion,10,20000,4600,0.018,0.457
v1_lerobot_defaults,diffusion_n10_s20k,diffusion,10,20000,4700,0.018,0.506
v1_lerobot_defaults,diffusion_n10_s20k,diffusion,10,20000,4800,0.018,0.529
v1_lerobot_defaults,diffusion_n10_s20k,diffusion,10,20000,4900,0.018,0.504
v1_lerobot_defaults,diffusion_n10_s20k,diffusion,10,20000,5000,0.017,0.431
v1_lerobot_defaults,diffusion_n10_s20k,diffusion,10,20000,5100,0.018,0.48
v1_lerobot_defaults,diffusion_n10_s20k,diffusion,10,20000,5200,0.016,0.429
v1_lerobot_defaults,diffusion_n10_s20k,diffusion,10,20000,5300,0.016,0.441
v1_lerobot_defaults,diffusion_n10_s20k,diffusion,10,20000,5400,0.017,0.424
v1_lerobot_defaults,diffusion_n10_s20k,diffusion,10,20000,5500,0.018,0.417
v1_lerobot_defaults,diffusion_n10_s20k,diffusion,10,20000,5600,0.018,0.457
v1_lerobot_defaults,diffusion_n10_s20k,diffusion,10,20000,5700,0.015,0.436
v1_lerobot_defaults,diffusion_n10_s20k,diffusion,10,20000,5800,0.016,0.439
v1_lerobot_defaults,diffusion_n10_s20k,diffusion,10,20000,5900,0.015,0.409
v1_lerobot_defaults,diffusion_n10_s20k,diffusion,10,20000,6000,0.016,0.443
v1_lerobot_defaults,diffusion_n10_s20k,diffusion,10,20000,6100,0.015,0.396
v1_lerobot_defaults,diffusion_n10_s20k,diffusion,10,20000,6200,0.013,0.405
v1_lerobot_defaults,diffusion_n10_s20k,diffusion,10,20000,6300,0.016,0.426
v1_lerobot_defaults,diffusion_n10_s20k,diffusion,10,20000,6400,0.016,0.445
v1_lerobot_defaults,diffusion_n10_s20k,diffusion,10,20000,6500,0.014,0.402
v1_lerobot_defaults,diffusion_n10_s20k,diffusion,10,20000,6600,0.015,0.427
v1_lerobot_defaults,diffusion_n10_s20k,diffusion,10,20000,6700,0.014,0.378
v1_lerobot_defaults,diffusion_n10_s20k,diffusion,10,20000,6800,0.013,0.393
v1_lerobot_defaults,diffusion_n10_s20k,diffusion,10,20000,6900,0.014,0.366
v1_lerobot_defaults,diffusion_n10_s20k,diffusion,10,20000,7000,0.015,0.463
v1_lerobot_defaults,diffusion_n10_s20k,diffusion,10,20000,7100,0.014,0.419
v1_lerobot_defaults,diffusion_n10_s20k,diffusion,10,20000,7200,0.015,0.451
v1_lerobot_defaults,diffusion_n10_s20k,diffusion,10,20000,7300,0.014,0.396
v1_lerobot_defaults,diffusion_n10_s20k,diffusion,10,20000,7400,0.014,0.432
v1_lerobot_defaults,diffusion_n10_s20k,diffusion,10,20000,7500,0.014,0.384
v1_lerobot_defaults,diffusion_n10_s20k,diffusion,10,20000,7600,0.015,0.411
v1_lerobot_defaults,diffusion_n10_s20k,diffusion,10,20000,7700,0.013,0.396
v1_lerobot_defaults,diffusion_n10_s20k,diffusion,10,20000,7800,0.012,0.327
v1_lerobot_defaults,diffusion_n10_s20k,diffusion,10,20000,7900,0.013,0.356
v1_lerobot_defaults,diffusion_n10_s20k,diffusion,10,20000,8000,0.013,0.393
v1_lerobot_defaults,diffusion_n10_s20k,diffusion,10,20000,8100,0.013,0.371
v1_lerobot_defaults,diffusion_n10_s20k,diffusion,10,20000,8200,0.013,0.372
v1_lerobot_defaults,diffusion_n10_s20k,diffusion,10,20000,8300,0.012,0.367
v1_lerobot_defaults,diffusion_n10_s20k,diffusion,10,20000,8400,0.012,0.347
v1_lerobot_defaults,diffusion_n10_s20k,diffusion,10,20000,8500,0.014,0.395
v1_lerobot_defaults,diffusion_n10_s20k,diffusion,10,20000,8600,0.013,0.386
v1_lerobot_defaults,diffusion_n10_s20k,diffusion,10,20000,8700,0.013,0.392
v1_lerobot_defaults,diffusion_n10_s20k,diffusion,10,20000,8800,0.013,0.431
v1_lerobot_defaults,diffusion_n10_s20k,diffusion,10,20000,8900,0.011,0.354
v1_lerobot_defaults,diffusion_n10_s20k,diffusion,10,20000,9000,0.011,0.33
v1_lerobot_defaults,diffusion_n10_s20k,diffusion,10,20000,9100,0.01,0.325
v1_lerobot_defaults,diffusion_n10_s20k,diffusion,10,20000,9200,0.01,0.35
v1_lerobot_defaults,diffusion_n10_s20k,diffusion,10,20000,9300,0.011,0.324
v1_lerobot_defaults,diffusion_n10_s20k,diffusion,10,20000,9400,0.011,0.329
v1_lerobot_defaults,diffusion_n10_s20k,diffusion,10,20000,9500,0.01,0.327
v1_lerobot_defaults,diffusion_n10_s20k,diffusion,10,20000,9600,0.011,0.339
v1_lerobot_defaults,diffusion_n10_s20k,diffusion,10,20000,9700,0.011,0.38
v1_lerobot_defaults,diffusion_n10_s20k,diffusion,10,20000,9800,0.01,0.327
v1_lerobot_defaults,diffusion_n10_s20k,diffusion,10,20000,9900,0.01,0.335
v1_lerobot_defaults,diffusion_n10_s20k,diffusion,10,20000,10000,0.01,0.321
v1_lerobot_defaults,diffusion_n10_s20k,diffusion,10,20000,10100,0.011,0.36
v1_lerobot_defaults,diffusion_n10_s20k,diffusion,10,20000,10200,0.01,0.336
v1_lerobot_defaults,diffusion_n10_s20k,diffusion,10,20000,10300,0.011,0.349
v1_lerobot_defaults,diffusion_n10_s20k,diffusion,10,20000,10400,0.011,0.367
v1_lerobot_defaults,diffusion_n10_s20k,diffusion,10,20000,10500,0.009,0.313
v1_lerobot_defaults,diffusion_n10_s20k,diffusion,10,20000,10600,0.01,0.325
v1_lerobot_defaults,diffusion_n10_s20k,diffusion,10,20000,10700,0.008,0.308
v1_lerobot_defaults,diffusion_n10_s20k,diffusion,10,20000,10800,0.01,0.332
v1_lerobot_defaults,diffusion_n10_s20k,diffusion,10,20000,10900,0.008,0.314
v1_lerobot_defaults,diffusion_n10_s20k,diffusion,10,20000,11000,0.009,0.324
v1_lerobot_defaults,diffusion_n10_s20k,diffusion,10,20000,11100,0.009,0.317
v1_lerobot_defaults,diffusion_n10_s20k,diffusion,10,20000,11200,0.008,0.296
v1_lerobot_defaults,diffusion_n10_s20k,diffusion,10,20000,11300,0.009,0.347
v1_lerobot_defaults,diffusion_n10_s20k,diffusion,10,20000,11400,0.008,0.272
v1_lerobot_defaults,diffusion_n10_s20k,diffusion,10,20000,11500,0.009,0.344
v1_lerobot_defaults,diffusion_n10_s20k,diffusion,10,20000,11600,0.009,0.313
v1_lerobot_defaults,diffusion_n10_s20k,diffusion,10,20000,11700,0.009,0.323
v1_lerobot_defaults,diffusion_n10_s20k,diffusion,10,20000,11800,0.008,0.298
v1_lerobot_defaults,diffusion_n10_s20k,diffusion,10,20000,11900,0.008,0.308
v1_lerobot_defaults,diffusion_n10_s20k,diffusion,10,20000,12000,0.008,0.297
v1_lerobot_defaults,diffusion_n10_s20k,diffusion,10,20000,12100,0.008,0.317
v1_lerobot_defaults,diffusion_n10_s20k,diffusion,10,20000,12200,0.008,0.312
v1_lerobot_defaults,diffusion_n10_s20k,diffusion,10,20000,12300,0.007,0.275
v1_lerobot_defaults,diffusion_n10_s20k,diffusion,10,20000,12400,0.007,0.315
v1_lerobot_defaults,diffusion_n10_s20k,diffusion,10,20000,12500,0.007,0.285
v1_lerobot_defaults,diffusion_n10_s20k,diffusion,10,20000,12600,0.007,0.282
v1_lerobot_defaults,diffusion_n10_s20k,diffusion,10,20000,12700,0.008,0.32
v1_lerobot_defaults,diffusion_n10_s20k,diffusion,10,20000,12800,0.006,0.264
v1_lerobot_defaults,diffusion_n10_s20k,diffusion,10,20000,12900,0.007,0.296
v1_lerobot_defaults,diffusion_n10_s20k,diffusion,10,20000,13000,0.006,0.297
v1_lerobot_defaults,diffusion_n10_s20k,diffusion,10,20000,13100,0.007,0.293
v1_lerobot_defaults,diffusion_n10_s20k,diffusion,10,20000,13200,0.007,0.294
v1_lerobot_defaults,diffusion_n10_s20k,diffusion,10,20000,13300,0.006,0.25
v1_lerobot_defaults,diffusion_n10_s20k,diffusion,10,20000,13400,0.007,0.299
v1_lerobot_defaults,diffusion_n10_s20k,diffusion,10,20000,13500,0.006,0.269
v1_lerobot_defaults,diffusion_n10_s20k,diffusion,10,20000,13600,0.006,0.27
v1_lerobot_defaults,diffusion_n10_s20k,diffusion,10,20000,13700,0.006,0.295
v1_lerobot_defaults,diffusion_n10_s20k,diffusion,10,20000,13800,0.006,0.265
v1_lerobot_defaults,diffusion_n10_s20k,diffusion,10,20000,13900,0.006,0.282
v1_lerobot_defaults,diffusion_n10_s20k,diffusion,10,20000,14000,0.006,0.242
v1_lerobot_defaults,diffusion_n10_s20k,diffusion,10,20000,14100,0.005,0.248
v1_lerobot_defaults,diffusion_n10_s20k,diffusion,10,20000,14200,0.006,0.271
v1_lerobot_defaults,diffusion_n10_s20k,diffusion,10,20000,14300,0.005,0.267
v1_lerobot_defaults,diffusion_n10_s20k,diffusion,10,20000,14400,0.005,0.268
v1_lerobot_defaults,diffusion_n10_s20k,diffusion,10,20000,14500,0.005,0.258
v1_lerobot_defaults,diffusion_n10_s20k,diffusion,10,20000,14600,0.005,0.281
v1_lerobot_defaults,diffusion_n10_s20k,diffusion,10,20000,14700,0.005,0.267
v1_lerobot_defaults,diffusion_n10_s20k,diffusion,10,20000,14800,0.005,0.243
v1_lerobot_defaults,diffusion_n10_s20k,diffusion,10,20000,14900,0.004,0.23
v1_lerobot_defaults,diffusion_n10_s20k,diffusion,10,20000,15000,0.005,0.239
v1_lerobot_defaults,diffusion_n10_s20k,diffusion,10,20000,15100,0.004,0.241
v1_lerobot_defaults,diffusion_n10_s20k,diffusion,10,20000,15200,0.005,0.261
v1_lerobot_defaults,diffusion_n10_s20k,diffusion,10,20000,15300,0.005,0.256
v1_lerobot_defaults,diffusion_n10_s20k,diffusion,10,20000,15400,0.004,0.247
v1_lerobot_defaults,diffusion_n10_s20k,diffusion,10,20000,15500,0.005,0.292
v1_lerobot_defaults,diffusion_n10_s20k,diffusion,10,20000,15600,0.005,0.242
v1_lerobot_defaults,diffusion_n10_s20k,diffusion,10,20000,15700,0.004,0.234
v1_lerobot_defaults,diffusion_n10_s20k,diffusion,10,20000,15800,0.003,0.213
v1_lerobot_defaults,diffusion_n10_s20k,diffusion,10,20000,15900,0.004,0.247
v1_lerobot_defaults,diffusion_n10_s20k,diffusion,10,20000,16000,0.004,0.247
v1_lerobot_defaults,diffusion_n10_s20k,diffusion,10,20000,16100,0.004,0.239
v1_lerobot_defaults,diffusion_n10_s20k,diffusion,10,20000,16200,0.004,0.235
v1_lerobot_defaults,diffusion_n10_s20k,diffusion,10,20000,16300,0.004,0.236
v1_lerobot_defaults,diffusion_n10_s20k,diffusion,10,20000,16400,0.004,0.249
v1_lerobot_defaults,diffusion_n10_s20k,diffusion,10,20000,16500,0.004,0.219
v1_lerobot_defaults,diffusion_n10_s20k,diffusion,10,20000,16600,0.004,0.22
v1_lerobot_defaults,diffusion_n10_s20k,diffusion,10,20000,16700,0.004,0.25
v1_lerobot_defaults,diffusion_n10_s20k,diffusion,10,20000,16800,0.003,0.205
v1_lerobot_defaults,diffusion_n10_s20k,diffusion,10,20000,16900,0.003,0.232
v1_lerobot_defaults,diffusion_n10_s20k,diffusion,10,20000,17000,0.003,0.214
v1_lerobot_defaults,diffusion_n10_s20k,diffusion,10,20000,17100,0.003,0.206
v1_lerobot_defaults,diffusion_n10_s20k,diffusion,10,20000,17200,0.003,0.207
v1_lerobot_defaults,diffusion_n10_s20k,diffusion,10,20000,17300,0.003,0.188
v1_lerobot_defaults,diffusion_n10_s20k,diffusion,10,20000,17400,0.003,0.196
v1_lerobot_defaults,diffusion_n10_s20k,diffusion,10,20000,17500,0.003,0.2
v1_lerobot_defaults,diffusion_n10_s20k,diffusion,10,20000,17600,0.003,0.226
v1_lerobot_defaults,diffusion_n10_s20k,diffusion,10,20000,17700,0.003,0.188
v1_lerobot_defaults,diffusion_n10_s20k,diffusion,10,20000,17800,0.003,0.189
v1_lerobot_defaults,diffusion_n10_s20k,diffusion,10,20000,17900,0.003,0.225
v1_lerobot_defaults,diffusion_n10_s20k,diffusion,10,20000,18000,0.003,0.215
v1_lerobot_defaults,diffusion_n10_s20k,diffusion,10,20000,18100,0.003,0.188
v1_lerobot_defaults,diffusion_n10_s20k,diffusion,10,20000,18200,0.003,0.2
v1_lerobot_defaults,diffusion_n10_s20k,diffusion,10,20000,18300,0.003,0.197
v1_lerobot_defaults,diffusion_n10_s20k,diffusion,10,20000,18400,0.003,0.169
v1_lerobot_defaults,diffusion_n10_s20k,diffusion,10,20000,18500,0.002,0.163
v1_lerobot_defaults,diffusion_n10_s20k,diffusion,10,20000,18600,0.003,0.174
v1_lerobot_defaults,diffusion_n10_s20k,diffusion,10,20000,18700,0.003,0.185
v1_lerobot_defaults,diffusion_n10_s20k,diffusion,10,20000,18800,0.003,0.178
v1_lerobot_defaults,diffusion_n10_s20k,diffusion,10,20000,18900,0.003,0.187
v1_lerobot_defaults,diffusion_n10_s20k,diffusion,10,20000,19000,0.002,0.154
v1_lerobot_defaults,diffusion_n10_s20k,diffusion,10,20000,19100,0.003,0.174
v1_lerobot_defaults,diffusion_n10_s20k,diffusion,10,20000,19200,0.003,0.16
v1_lerobot_defaults,diffusion_n10_s20k,diffusion,10,20000,19300,0.003,0.165
v1_lerobot_defaults,diffusion_n10_s20k,diffusion,10,20000,19400,0.003,0.182
v1_lerobot_defaults,diffusion_n10_s20k,diffusion,10,20000,19500,0.002,0.139
v1_lerobot_defaults,diffusion_n10_s20k,diffusion,10,20000,19600,0.003,0.161
v1_lerobot_defaults,diffusion_n10_s20k,diffusion,10,20000,19700,0.003,0.16
v1_lerobot_defaults,diffusion_n10_s20k,diffusion,10,20000,19800,0.003,0.171
v1_lerobot_defaults,diffusion_n10_s20k,diffusion,10,20000,19900,0.003,0.176
v1_lerobot_defaults,diffusion_n10_s20k,diffusion,10,20000,20000,0.003,0.152
v1_lerobot_defaults,diffusion_n10_s50k,diffusion,10,50000,100,0.752,5.439
v1_lerobot_defaults,diffusion_n10_s50k,diffusion,10,50000,200,0.18,4.478
v1_lerobot_defaults,diffusion_n10_s50k,diffusion,10,50000,300,0.118,3.044
v1_lerobot_defaults,diffusion_n10_s50k,diffusion,10,50000,400,0.092,2.203
v1_lerobot_defaults,diffusion_n10_s50k,diffusion,10,50000,500,0.079,1.818
v1_lerobot_defaults,diffusion_n10_s50k,diffusion,10,50000,600,0.067,1.568
v1_lerobot_defaults,diffusion_n10_s50k,diffusion,10,50000,700,0.059,1.388
v1_lerobot_defaults,diffusion_n10_s50k,diffusion,10,50000,800,0.048,1.123
v1_lerobot_defaults,diffusion_n10_s50k,diffusion,10,50000,900,0.044,1.018
v1_lerobot_defaults,diffusion_n10_s50k,diffusion,10,50000,1000,0.044,1.079
v1_lerobot_defaults,diffusion_n10_s50k,diffusion,10,50000,1100,0.042,1.062
v1_lerobot_defaults,diffusion_n10_s50k,diffusion,10,50000,1200,0.038,1.003
v1_lerobot_defaults,diffusion_n10_s50k,diffusion,10,50000,1300,0.034,0.939
v1_lerobot_defaults,diffusion_n10_s50k,diffusion,10,50000,1400,0.033,0.841
v1_lerobot_defaults,diffusion_n10_s50k,diffusion,10,50000,1500,0.033,0.773
v1_lerobot_defaults,diffusion_n10_s50k,diffusion,10,50000,1600,0.026,0.667
v1_lerobot_defaults,diffusion_n10_s50k,diffusion,10,50000,1700,0.03,0.781
v1_lerobot_defaults,diffusion_n10_s50k,diffusion,10,50000,1800,0.031,0.731
v1_lerobot_defaults,diffusion_n10_s50k,diffusion,10,50000,1900,0.028,0.729
v1_lerobot_defaults,diffusion_n10_s50k,diffusion,10,50000,2000,0.029,0.764
v1_lerobot_defaults,diffusion_n10_s50k,diffusion,10,50000,2100,0.028,0.739
v1_lerobot_defaults,diffusion_n10_s50k,diffusion,10,50000,2200,0.026,0.685
v1_lerobot_defaults,diffusion_n10_s50k,diffusion,10,50000,2300,0.027,0.644
v1_lerobot_defaults,diffusion_n10_s50k,diffusion,10,50000,2400,0.026,0.62
v1_lerobot_defaults,diffusion_n10_s50k,diffusion,10,50000,2500,0.027,0.727
v1_lerobot_defaults,diffusion_n10_s50k,diffusion,10,50000,2600,0.023,0.63
v1_lerobot_defaults,diffusion_n10_s50k,diffusion,10,50000,2700,0.025,0.643
v1_lerobot_defaults,diffusion_n10_s50k,diffusion,10,50000,2800,0.023,0.616
v1_lerobot_defaults,diffusion_n10_s50k,diffusion,10,50000,2900,0.023,0.591
v1_lerobot_defaults,diffusion_n10_s50k,diffusion,10,50000,3000,0.023,0.585
v1_lerobot_defaults,diffusion_n10_s50k,diffusion,10,50000,3100,0.022,0.603
v1_lerobot_defaults,diffusion_n10_s50k,diffusion,10,50000,3200,0.022,0.552
v1_lerobot_defaults,diffusion_n10_s50k,diffusion,10,50000,3300,0.021,0.559
v1_lerobot_defaults,diffusion_n10_s50k,diffusion,10,50000,3400,0.022,0.558
v1_lerobot_defaults,diffusion_n10_s50k,diffusion,10,50000,3500,0.021,0.549
v1_lerobot_defaults,diffusion_n10_s50k,diffusion,10,50000,3600,0.022,0.534
v1_lerobot_defaults,diffusion_n10_s50k,diffusion,10,50000,3700,0.02,0.457
v1_lerobot_defaults,diffusion_n10_s50k,diffusion,10,50000,3800,0.02,0.492
v1_lerobot_defaults,diffusion_n10_s50k,diffusion,10,50000,3900,0.019,0.499
v1_lerobot_defaults,diffusion_n10_s50k,diffusion,10,50000,4000,0.021,0.581
v1_lerobot_defaults,diffusion_n10_s50k,diffusion,10,50000,4100,0.021,0.547
v1_lerobot_defaults,diffusion_n10_s50k,diffusion,10,50000,4200,0.02,0.569
v1_lerobot_defaults,diffusion_n10_s50k,diffusion,10,50000,4300,0.019,0.513
v1_lerobot_defaults,diffusion_n10_s50k,diffusion,10,50000,4400,0.02,0.546
v1_lerobot_defaults,diffusion_n10_s50k,diffusion,10,50000,4500,0.018,0.51
v1_lerobot_defaults,diffusion_n10_s50k,diffusion,10,50000,4600,0.018,0.456
v1_lerobot_defaults,diffusion_n10_s50k,diffusion,10,50000,4700,0.018,0.517
v1_lerobot_defaults,diffusion_n10_s50k,diffusion,10,50000,4800,0.019,0.544
v1_lerobot_defaults,diffusion_n10_s50k,diffusion,10,50000,4900,0.019,0.516
v1_lerobot_defaults,diffusion_n10_s50k,diffusion,10,50000,5000,0.017,0.421
v1_lerobot_defaults,diffusion_n10_s50k,diffusion,10,50000,5100,0.018,0.443
v1_lerobot_defaults,diffusion_n10_s50k,diffusion,10,50000,5200,0.017,0.424
v1_lerobot_defaults,diffusion_n10_s50k,diffusion,10,50000,5300,0.016,0.416
v1_lerobot_defaults,diffusion_n10_s50k,diffusion,10,50000,5400,0.017,0.412
v1_lerobot_defaults,diffusion_n10_s50k,diffusion,10,50000,5500,0.019,0.436
v1_lerobot_defaults,diffusion_n10_s50k,diffusion,10,50000,5600,0.019,0.49
v1_lerobot_defaults,diffusion_n10_s50k,diffusion,10,50000,5700,0.016,0.472
v1_lerobot_defaults,diffusion_n10_s50k,diffusion,10,50000,5800,0.017,0.428
v1_lerobot_defaults,diffusion_n10_s50k,diffusion,10,50000,5900,0.016,0.412
v1_lerobot_defaults,diffusion_n10_s50k,diffusion,10,50000,6000,0.016,0.439
v1_lerobot_defaults,diffusion_n10_s50k,diffusion,10,50000,6100,0.017,0.427
v1_lerobot_defaults,diffusion_n10_s50k,diffusion,10,50000,6200,0.014,0.398
v1_lerobot_defaults,diffusion_n10_s50k,diffusion,10,50000,6300,0.017,0.453
v1_lerobot_defaults,diffusion_n10_s50k,diffusion,10,50000,6400,0.018,0.474
v1_lerobot_defaults,diffusion_n10_s50k,diffusion,10,50000,6500,0.016,0.38
v1_lerobot_defaults,diffusion_n10_s50k,diffusion,10,50000,6600,0.016,0.441
v1_lerobot_defaults,diffusion_n10_s50k,diffusion,10,50000,6700,0.016,0.408
v1_lerobot_defaults,diffusion_n10_s50k,diffusion,10,50000,6800,0.014,0.411
v1_lerobot_defaults,diffusion_n10_s50k,diffusion,10,50000,6900,0.016,0.366
v1_lerobot_defaults,diffusion_n10_s50k,diffusion,10,50000,7000,0.017,0.463
v1_lerobot_defaults,diffusion_n10_s50k,diffusion,10,50000,7100,0.016,0.413
v1_lerobot_defaults,diffusion_n10_s50k,diffusion,10,50000,7200,0.016,0.412
v1_lerobot_defaults,diffusion_n10_s50k,diffusion,10,50000,7300,0.015,0.355
v1_lerobot_defaults,diffusion_n10_s50k,diffusion,10,50000,7400,0.015,0.439
v1_lerobot_defaults,diffusion_n10_s50k,diffusion,10,50000,7500,0.016,0.43
v1_lerobot_defaults,diffusion_n10_s50k,diffusion,10,50000,7600,0.016,0.433
v1_lerobot_defaults,diffusion_n10_s50k,diffusion,10,50000,7700,0.014,0.397
v1_lerobot_defaults,diffusion_n10_s50k,diffusion,10,50000,7800,0.014,0.357
v1_lerobot_defaults,diffusion_n10_s50k,diffusion,10,50000,7900,0.016,0.375
v1_lerobot_defaults,diffusion_n10_s50k,diffusion,10,50000,8000,0.014,0.374
v1_lerobot_defaults,diffusion_n10_s50k,diffusion,10,50000,8100,0.014,0.37
v1_lerobot_defaults,diffusion_n10_s50k,diffusion,10,50000,8200,0.014,0.37
v1_lerobot_defaults,diffusion_n10_s50k,diffusion,10,50000,8300,0.014,0.388
v1_lerobot_defaults,diffusion_n10_s50k,diffusion,10,50000,8400,0.014,0.385
v1_lerobot_defaults,diffusion_n10_s50k,diffusion,10,50000,8500,0.015,0.373
v1_lerobot_defaults,diffusion_n10_s50k,diffusion,10,50000,8600,0.014,0.395
v1_lerobot_defaults,diffusion_n10_s50k,diffusion,10,50000,8700,0.016,0.421
v1_lerobot_defaults,diffusion_n10_s50k,diffusion,10,50000,8800,0.015,0.403
v1_lerobot_defaults,diffusion_n10_s50k,diffusion,10,50000,8900,0.013,0.344
v1_lerobot_defaults,diffusion_n10_s50k,diffusion,10,50000,9000,0.013,0.348
v1_lerobot_defaults,diffusion_n10_s50k,diffusion,10,50000,9100,0.012,0.361
v1_lerobot_defaults,diffusion_n10_s50k,diffusion,10,50000,9200,0.013,0.368
v1_lerobot_defaults,diffusion_n10_s50k,diffusion,10,50000,9300,0.012,0.344
v1_lerobot_defaults,diffusion_n10_s50k,diffusion,10,50000,9400,0.013,0.369
v1_lerobot_defaults,diffusion_n10_s50k,diffusion,10,50000,9500,0.012,0.345
v1_lerobot_defaults,diffusion_n10_s50k,diffusion,10,50000,9600,0.013,0.331
v1_lerobot_defaults,diffusion_n10_s50k,diffusion,10,50000,9700,0.012,0.32
v1_lerobot_defaults,diffusion_n10_s50k,diffusion,10,50000,9800,0.012,0.321
v1_lerobot_defaults,diffusion_n10_s50k,diffusion,10,50000,9900,0.012,0.364
v1_lerobot_defaults,diffusion_n10_s50k,diffusion,10,50000,10000,0.012,0.344
v1_lerobot_defaults,diffusion_n10_s50k,diffusion,10,50000,10100,0.013,0.362
v1_lerobot_defaults,diffusion_n10_s50k,diffusion,10,50000,10200,0.012,0.332
v1_lerobot_defaults,diffusion_n10_s50k,diffusion,10,50000,10300,0.013,0.338
v1_lerobot_defaults,diffusion_n10_s50k,diffusion,10,50000,10400,0.013,0.35
v1_lerobot_defaults,diffusion_n10_s50k,diffusion,10,50000,10500,0.012,0.384
v1_lerobot_defaults,diffusion_n10_s50k,diffusion,10,50000,10600,0.012,0.32
v1_lerobot_defaults,diffusion_n10_s50k,diffusion,10,50000,10700,0.011,0.317
v1_lerobot_defaults,diffusion_n10_s50k,diffusion,10,50000,10800,0.013,0.386
v1_lerobot_defaults,diffusion_n10_s50k,diffusion,10,50000,10900,0.012,0.362
v1_lerobot_defaults,diffusion_n10_s50k,diffusion,10,50000,11000,0.012,0.328
v1_lerobot_defaults,diffusion_n10_s50k,diffusion,10,50000,11100,0.012,0.358
v1_lerobot_defaults,diffusion_n10_s50k,diffusion,10,50000,11200,0.012,0.346
v1_lerobot_defaults,diffusion_n10_s50k,diffusion,10,50000,11300,0.012,0.33
v1_lerobot_defaults,diffusion_n10_s50k,diffusion,10,50000,11400,0.01,0.292
v1_lerobot_defaults,diffusion_n10_s50k,diffusion,10,50000,11500,0.013,0.352
v1_lerobot_defaults,diffusion_n10_s50k,diffusion,10,50000,11600,0.012,0.34
v1_lerobot_defaults,diffusion_n10_s50k,diffusion,10,50000,11700,0.013,0.391
v1_lerobot_defaults,diffusion_n10_s50k,diffusion,10,50000,11800,0.011,0.304
v1_lerobot_defaults,diffusion_n10_s50k,diffusion,10,50000,11900,0.011,0.339
v1_lerobot_defaults,diffusion_n10_s50k,diffusion,10,50000,12000,0.012,0.36
v1_lerobot_defaults,diffusion_n10_s50k,diffusion,10,50000,12100,0.013,0.313
v1_lerobot_defaults,diffusion_n10_s50k,diffusion,10,50000,12200,0.012,0.324
v1_lerobot_defaults,diffusion_n10_s50k,diffusion,10,50000,12300,0.011,0.298
v1_lerobot_defaults,diffusion_n10_s50k,diffusion,10,50000,12400,0.011,0.333
v1_lerobot_defaults,diffusion_n10_s50k,diffusion,10,50000,12500,0.011,0.312
v1_lerobot_defaults,diffusion_n10_s50k,diffusion,10,50000,12600,0.01,0.302
v1_lerobot_defaults,diffusion_n10_s50k,diffusion,10,50000,12700,0.011,0.33
v1_lerobot_defaults,diffusion_n10_s50k,diffusion,10,50000,12800,0.009,0.266
v1_lerobot_defaults,diffusion_n10_s50k,diffusion,10,50000,12900,0.011,0.316
v1_lerobot_defaults,diffusion_n10_s50k,diffusion,10,50000,13000,0.01,0.3
v1_lerobot_defaults,diffusion_n10_s50k,diffusion,10,50000,13100,0.011,0.32
v1_lerobot_defaults,diffusion_n10_s50k,diffusion,10,50000,13200,0.011,0.325
v1_lerobot_defaults,diffusion_n10_s50k,diffusion,10,50000,13300,0.009,0.285
v1_lerobot_defaults,diffusion_n10_s50k,diffusion,10,50000,13400,0.011,0.287
v1_lerobot_defaults,diffusion_n10_s50k,diffusion,10,50000,13500,0.01,0.291
v1_lerobot_defaults,diffusion_n10_s50k,diffusion,10,50000,13600,0.01,0.303
v1_lerobot_defaults,diffusion_n10_s50k,diffusion,10,50000,13700,0.011,0.363
v1_lerobot_defaults,diffusion_n10_s50k,diffusion,10,50000,13800,0.011,0.303
v1_lerobot_defaults,diffusion_n10_s50k,diffusion,10,50000,13900,0.01,0.282
v1_lerobot_defaults,diffusion_n10_s50k,diffusion,10,50000,14000,0.009,0.271
v1_lerobot_defaults,diffusion_n10_s50k,diffusion,10,50000,14100,0.01,0.316
v1_lerobot_defaults,diffusion_n10_s50k,diffusion,10,50000,14200,0.01,0.31
v1_lerobot_defaults,diffusion_n10_s50k,diffusion,10,50000,14300,0.009,0.282
v1_lerobot_defaults,diffusion_n10_s50k,diffusion,10,50000,14400,0.01,0.304
v1_lerobot_defaults,diffusion_n10_s50k,diffusion,10,50000,14500,0.01,0.291
v1_lerobot_defaults,diffusion_n10_s50k,diffusion,10,50000,14600,0.009,0.3
v1_lerobot_defaults,diffusion_n10_s50k,diffusion,10,50000,14700,0.01,0.286
v1_lerobot_defaults,diffusion_n10_s50k,diffusion,10,50000,14800,0.009,0.316
v1_lerobot_defaults,diffusion_n10_s50k,diffusion,10,50000,14900,0.009,0.305
v1_lerobot_defaults,diffusion_n10_s50k,diffusion,10,50000,15000,0.009,0.275
v1_lerobot_defaults,diffusion_n10_s50k,diffusion,10,50000,15100,0.009,0.274
v1_lerobot_defaults,diffusion_n10_s50k,diffusion,10,50000,15200,0.009,0.275
v1_lerobot_defaults,diffusion_n10_s50k,diffusion,10,50000,15300,0.009,0.32
v1_lerobot_defaults,diffusion_n10_s50k,diffusion,10,50000,15400,0.009,0.303
v1_lerobot_defaults,diffusion_n10_s50k,diffusion,10,50000,15500,0.01,0.346
v1_lerobot_defaults,diffusion_n10_s50k,diffusion,10,50000,15600,0.01,0.3
v1_lerobot_defaults,diffusion_n10_s50k,diffusion,10,50000,15700,0.009,0.299
v1_lerobot_defaults,diffusion_n10_s50k,diffusion,10,50000,15800,0.008,0.277
v1_lerobot_defaults,diffusion_n10_s50k,diffusion,10,50000,15900,0.01,0.292
v1_lerobot_defaults,diffusion_n10_s50k,diffusion,10,50000,16000,0.009,0.309
v1_lerobot_defaults,diffusion_n10_s50k,diffusion,10,50000,16100,0.009,0.288
v1_lerobot_defaults,diffusion_n10_s50k,diffusion,10,50000,16200,0.009,0.295
v1_lerobot_defaults,diffusion_n10_s50k,diffusion,10,50000,16300,0.009,0.308
v1_lerobot_defaults,diffusion_n10_s50k,diffusion,10,50000,16400,0.009,0.283
v1_lerobot_defaults,diffusion_n10_s50k,diffusion,10,50000,16500,0.008,0.297
v1_lerobot_defaults,diffusion_n10_s50k,diffusion,10,50000,16600,0.01,0.29
v1_lerobot_defaults,diffusion_n10_s50k,diffusion,10,50000,16700,0.009,0.279
v1_lerobot_defaults,diffusion_n10_s50k,diffusion,10,50000,16800,0.008,0.27
v1_lerobot_defaults,diffusion_n10_s50k,diffusion,10,50000,16900,0.008,0.254
v1_lerobot_defaults,diffusion_n10_s50k,diffusion,10,50000,17000,0.008,0.309
v1_lerobot_defaults,diffusion_n10_s50k,diffusion,10,50000,17100,0.008,0.271
v1_lerobot_defaults,diffusion_n10_s50k,diffusion,10,50000,17200,0.008,0.305
v1_lerobot_defaults,diffusion_n10_s50k,diffusion,10,50000,17300,0.007,0.265
v1_lerobot_defaults,diffusion_n10_s50k,diffusion,10,50000,17400,0.008,0.277
v1_lerobot_defaults,diffusion_n10_s50k,diffusion,10,50000,17500,0.008,0.265
v1_lerobot_defaults,diffusion_n10_s50k,diffusion,10,50000,17600,0.009,0.339
v1_lerobot_defaults,diffusion_n10_s50k,diffusion,10,50000,17700,0.009,0.281
v1_lerobot_defaults,diffusion_n10_s50k,diffusion,10,50000,17800,0.008,0.273
v1_lerobot_defaults,diffusion_n10_s50k,diffusion,10,50000,17900,0.01,0.337
v1_lerobot_defaults,diffusion_n10_s50k,diffusion,10,50000,18000,0.01,0.294
v1_lerobot_defaults,diffusion_n10_s50k,diffusion,10,50000,18100,0.008,0.284
v1_lerobot_defaults,diffusion_n10_s50k,diffusion,10,50000,18200,0.009,0.286
v1_lerobot_defaults,diffusion_n10_s50k,diffusion,10,50000,18300,0.008,0.259
v1_lerobot_defaults,diffusion_n10_s50k,diffusion,10,50000,18400,0.007,0.244
v1_lerobot_defaults,diffusion_n10_s50k,diffusion,10,50000,18500,0.007,0.266
v1_lerobot_defaults,diffusion_n10_s50k,diffusion,10,50000,18600,0.008,0.291
v1_lerobot_defaults,diffusion_n10_s50k,diffusion,10,50000,18700,0.008,0.274
v1_lerobot_defaults,diffusion_n10_s50k,diffusion,10,50000,18800,0.009,0.303
v1_lerobot_defaults,diffusion_n10_s50k,diffusion,10,50000,18900,0.008,0.264
v1_lerobot_defaults,diffusion_n10_s50k,diffusion,10,50000,19000,0.007,0.253
v1_lerobot_defaults,diffusion_n10_s50k,diffusion,10,50000,19100,0.008,0.281
v1_lerobot_defaults,diffusion_n10_s50k,diffusion,10,50000,19200,0.007,0.24
v1_lerobot_defaults,diffusion_n10_s50k,diffusion,10,50000,19300,0.008,0.297
v1_lerobot_defaults,diffusion_n10_s50k,diffusion,10,50000,19400,0.009,0.298
v1_lerobot_defaults,diffusion_n10_s50k,diffusion,10,50000,19500,0.006,0.241
v1_lerobot_defaults,diffusion_n10_s50k,diffusion,10,50000,19600,0.007,0.247
v1_lerobot_defaults,diffusion_n10_s50k,diffusion,10,50000,19700,0.007,0.252
v1_lerobot_defaults,diffusion_n10_s50k,diffusion,10,50000,19800,0.008,0.292
v1_lerobot_defaults,diffusion_n10_s50k,diffusion,10,50000,19900,0.008,0.288
v1_lerobot_defaults,diffusion_n10_s50k,diffusion,10,50000,20000,0.008,0.285
v1_lerobot_defaults,diffusion_n10_s50k,diffusion,10,50000,20100,0.007,0.265
v1_lerobot_defaults,diffusion_n10_s50k,diffusion,10,50000,20200,0.008,0.282
v1_lerobot_defaults,diffusion_n10_s50k,diffusion,10,50000,20300,0.008,0.286
v1_lerobot_defaults,diffusion_n10_s50k,diffusion,10,50000,20400,0.007,0.261
v1_lerobot_defaults,diffusion_n10_s50k,diffusion,10,50000,20500,0.007,0.276
v1_lerobot_defaults,diffusion_n10_s50k,diffusion,10,50000,20600,0.008,0.296
v1_lerobot_defaults,diffusion_n10_s50k,diffusion,10,50000,20700,0.008,0.3
v1_lerobot_defaults,diffusion_n10_s50k,diffusion,10,50000,20800,0.007,0.261
v1_lerobot_defaults,diffusion_n10_s50k,diffusion,10,50000,20900,0.008,0.291
v1_lerobot_defaults,diffusion_n10_s50k,diffusion,10,50000,21000,0.007,0.254
v1_lerobot_defaults,diffusion_n10_s50k,diffusion,10,50000,21100,0.007,0.241
v1_lerobot_defaults,diffusion_n10_s50k,diffusion,10,50000,21200,0.007,0.241
v1_lerobot_defaults,diffusion_n10_s50k,diffusion,10,50000,21300,0.008,0.295
v1_lerobot_defaults,diffusion_n10_s50k,diffusion,10,50000,21400,0.007,0.297
v1_lerobot_defaults,diffusion_n10_s50k,diffusion,10,50000,21500,0.007,0.276
v1_lerobot_defaults,diffusion_n10_s50k,diffusion,10,50000,21600,0.008,0.263
v1_lerobot_defaults,diffusion_n10_s50k,diffusion,10,50000,21700,0.006,0.233
v1_lerobot_defaults,diffusion_n10_s50k,diffusion,10,50000,21800,0.006,0.235
v1_lerobot_defaults,diffusion_n10_s50k,diffusion,10,50000,21900,0.007,0.251
v1_lerobot_defaults,diffusion_n10_s50k,diffusion,10,50000,22000,0.007,0.262
v1_lerobot_defaults,diffusion_n10_s50k,diffusion,10,50000,22100,0.007,0.248
v1_lerobot_defaults,diffusion_n10_s50k,diffusion,10,50000,22200,0.007,0.238
v1_lerobot_defaults,diffusion_n10_s50k,diffusion,10,50000,22300,0.005,0.211
v1_lerobot_defaults,diffusion_n10_s50k,diffusion,10,50000,22400,0.007,0.269
v1_lerobot_defaults,diffusion_n10_s50k,diffusion,10,50000,22500,0.006,0.232
v1_lerobot_defaults,diffusion_n10_s50k,diffusion,10,50000,22600,0.005,0.233
v1_lerobot_defaults,diffusion_n10_s50k,diffusion,10,50000,22700,0.007,0.277
v1_lerobot_defaults,diffusion_n10_s50k,diffusion,10,50000,22800,0.007,0.277
v1_lerobot_defaults,diffusion_n10_s50k,diffusion,10,50000,22900,0.006,0.233
v1_lerobot_defaults,diffusion_n10_s50k,diffusion,10,50000,23000,0.005,0.21
v1_lerobot_defaults,diffusion_n10_s50k,diffusion,10,50000,23100,0.006,0.24
v1_lerobot_defaults,diffusion_n10_s50k,diffusion,10,50000,23200,0.006,0.248
v1_lerobot_defaults,diffusion_n10_s50k,diffusion,10,50000,23300,0.006,0.237
v1_lerobot_defaults,diffusion_n10_s50k,diffusion,10,50000,23400,0.006,0.244
v1_lerobot_defaults,diffusion_n10_s50k,diffusion,10,50000,23500,0.005,0.219
v1_lerobot_defaults,diffusion_n10_s50k,diffusion,10,50000,23600,0.006,0.234
v1_lerobot_defaults,diffusion_n10_s50k,diffusion,10,50000,23700,0.005,0.234
v1_lerobot_defaults,diffusion_n10_s50k,diffusion,10,50000,23800,0.005,0.205
v1_lerobot_defaults,diffusion_n10_s50k,diffusion,10,50000,23900,0.006,0.278
v1_lerobot_defaults,diffusion_n10_s50k,diffusion,10,50000,24000,0.007,0.263
v1_lerobot_defaults,diffusion_n10_s50k,diffusion,10,50000,24100,0.005,0.251
v1_lerobot_defaults,diffusion_n10_s50k,diffusion,10,50000,24200,0.006,0.239
v1_lerobot_defaults,diffusion_n10_s50k,diffusion,10,50000,24300,0.007,0.268
v1_lerobot_defaults,diffusion_n10_s50k,diffusion,10,50000,24400,0.006,0.244
v1_lerobot_defaults,diffusion_n10_s50k,diffusion,10,50000,24500,0.006,0.234
v1_lerobot_defaults,diffusion_n10_s50k,diffusion,10,50000,24600,0.006,0.233
v1_lerobot_defaults,diffusion_n10_s50k,diffusion,10,50000,24700,0.006,0.248
v1_lerobot_defaults,diffusion_n10_s50k,diffusion,10,50000,24800,0.005,0.228
v1_lerobot_defaults,diffusion_n10_s50k,diffusion,10,50000,24900,0.005,0.241
v1_lerobot_defaults,diffusion_n10_s50k,diffusion,10,50000,25000,0.005,0.242
v1_lerobot_defaults,diffusion_n10_s50k,diffusion,10,50000,25100,0.006,0.247
v1_lerobot_defaults,diffusion_n10_s50k,diffusion,10,50000,25200,0.006,0.237
v1_lerobot_defaults,diffusion_n10_s50k,diffusion,10,50000,25300,0.005,0.234
v1_lerobot_defaults,diffusion_n10_s50k,diffusion,10,50000,25400,0.006,0.259
v1_lerobot_defaults,diffusion_n10_s50k,diffusion,10,50000,25500,0.006,0.246
v1_lerobot_defaults,diffusion_n10_s50k,diffusion,10,50000,25600,0.005,0.244
v1_lerobot_defaults,diffusion_n10_s50k,diffusion,10,50000,25700,0.005,0.258
v1_lerobot_defaults,diffusion_n10_s50k,diffusion,10,50000,25800,0.006,0.235
v1_lerobot_defaults,diffusion_n10_s50k,diffusion,10,50000,25900,0.004,0.19
v1_lerobot_defaults,diffusion_n10_s50k,diffusion,10,50000,26000,0.006,0.248
v1_lerobot_defaults,diffusion_n10_s50k,diffusion,10,50000,26100,0.005,0.225
v1_lerobot_defaults,diffusion_n10_s50k,diffusion,10,50000,26200,0.006,0.259
v1_lerobot_defaults,diffusion_n10_s50k,diffusion,10,50000,26300,0.005,0.258
v1_lerobot_defaults,diffusion_n10_s50k,diffusion,10,50000,26400,0.004,0.209
v1_lerobot_defaults,diffusion_n10_s50k,diffusion,10,50000,26500,0.005,0.219
v1_lerobot_defaults,diffusion_n10_s50k,diffusion,10,50000,26600,0.005,0.222
v1_lerobot_defaults,diffusion_n10_s50k,diffusion,10,50000,26700,0.005,0.226
v1_lerobot_defaults,diffusion_n10_s50k,diffusion,10,50000,26800,0.006,0.247
v1_lerobot_defaults,diffusion_n10_s50k,diffusion,10,50000,26900,0.005,0.209
v1_lerobot_defaults,diffusion_n10_s50k,diffusion,10,50000,27000,0.005,0.242
v1_lerobot_defaults,diffusion_n10_s50k,diffusion,10,50000,27100,0.005,0.234
v1_lerobot_defaults,diffusion_n10_s50k,diffusion,10,50000,27200,0.005,0.256
v1_lerobot_defaults,diffusion_n10_s50k,diffusion,10,50000,27300,0.005,0.23
v1_lerobot_defaults,diffusion_n10_s50k,diffusion,10,50000,27400,0.004,0.202
v1_lerobot_defaults,diffusion_n10_s50k,diffusion,10,50000,27500,0.005,0.223
v1_lerobot_defaults,diffusion_n10_s50k,diffusion,10,50000,27600,0.004,0.194
v1_lerobot_defaults,diffusion_n10_s50k,diffusion,10,50000,27700,0.005,0.227
v1_lerobot_defaults,diffusion_n10_s50k,diffusion,10,50000,27800,0.006,0.255
v1_lerobot_defaults,diffusion_n10_s50k,diffusion,10,50000,27900,0.004,0.202
v1_lerobot_defaults,diffusion_n10_s50k,diffusion,10,50000,28000,0.005,0.231
v1_lerobot_defaults,diffusion_n10_s50k,diffusion,10,50000,28100,0.005,0.224
v1_lerobot_defaults,diffusion_n10_s50k,diffusion,10,50000,28200,0.005,0.23
v1_lerobot_defaults,diffusion_n10_s50k,diffusion,10,50000,28300,0.005,0.261
v1_lerobot_defaults,diffusion_n10_s50k,diffusion,10,50000,28400,0.005,0.219
v1_lerobot_defaults,diffusion_n10_s50k,diffusion,10,50000,28500,0.005,0.244
v1_lerobot_defaults,diffusion_n10_s50k,diffusion,10,50000,28600,0.005,0.214
v1_lerobot_defaults,diffusion_n10_s50k,diffusion,10,50000,28700,0.005,0.244
v1_lerobot_defaults,diffusion_n10_s50k,diffusion,10,50000,28800,0.005,0.238
v1_lerobot_defaults,diffusion_n10_s50k,diffusion,10,50000,28900,0.004,0.227
v1_lerobot_defaults,diffusion_n10_s50k,diffusion,10,50000,29000,0.005,0.244
v1_lerobot_defaults,diffusion_n10_s50k,diffusion,10,50000,29100,0.004,0.21
v1_lerobot_defaults,diffusion_n10_s50k,diffusion,10,50000,29200,0.005,0.236
v1_lerobot_defaults,diffusion_n10_s50k,diffusion,10,50000,29300,0.005,0.256
v1_lerobot_defaults,diffusion_n10_s50k,diffusion,10,50000,29400,0.004,0.206
v1_lerobot_defaults,diffusion_n10_s50k,diffusion,10,50000,29500,0.005,0.25
v1_lerobot_defaults,diffusion_n10_s50k,diffusion,10,50000,29600,0.006,0.311
v1_lerobot_defaults,diffusion_n10_s50k,diffusion,10,50000,29700,0.004,0.236
v1_lerobot_defaults,diffusion_n10_s50k,diffusion,10,50000,29800,0.004,0.21
v1_lerobot_defaults,diffusion_n10_s50k,diffusion,10,50000,29900,0.003,0.184
v1_lerobot_defaults,diffusion_n10_s50k,diffusion,10,50000,30000,0.005,0.24
v1_lerobot_defaults,diffusion_n10_s50k,diffusion,10,50000,30100,0.004,0.225
v1_lerobot_defaults,diffusion_n10_s50k,diffusion,10,50000,30200,0.004,0.193
v1_lerobot_defaults,diffusion_n10_s50k,diffusion,10,50000,30300,0.004,0.213
v1_lerobot_defaults,diffusion_n10_s50k,diffusion,10,50000,30400,0.004,0.208
v1_lerobot_defaults,diffusion_n10_s50k,diffusion,10,50000,30500,0.004,0.228
v1_lerobot_defaults,diffusion_n10_s50k,diffusion,10,50000,30600,0.004,0.223
v1_lerobot_defaults,diffusion_n10_s50k,diffusion,10,50000,30700,0.004,0.2
v1_lerobot_defaults,diffusion_n10_s50k,diffusion,10,50000,30800,0.004,0.216
v1_lerobot_defaults,diffusion_n10_s50k,diffusion,10,50000,30900,0.003,0.204
v1_lerobot_defaults,diffusion_n10_s50k,diffusion,10,50000,31000,0.005,0.259
v1_lerobot_defaults,diffusion_n10_s50k,diffusion,10,50000,31100,0.004,0.193
v1_lerobot_defaults,diffusion_n10_s50k,diffusion,10,50000,31200,0.004,0.212
v1_lerobot_defaults,diffusion_n10_s50k,diffusion,10,50000,31300,0.004,0.218
v1_lerobot_defaults,diffusion_n10_s50k,diffusion,10,50000,31400,0.003,0.198
v1_lerobot_defaults,diffusion_n10_s50k,diffusion,10,50000,31500,0.003,0.187
v1_lerobot_defaults,diffusion_n10_s50k,diffusion,10,50000,31600,0.004,0.217
v1_lerobot_defaults,diffusion_n10_s50k,diffusion,10,50000,31700,0.003,0.196
v1_lerobot_defaults,diffusion_n10_s50k,diffusion,10,50000,31800,0.004,0.258
v1_lerobot_defaults,diffusion_n10_s50k,diffusion,10,50000,31900,0.004,0.202
v1_lerobot_defaults,diffusion_n10_s50k,diffusion,10,50000,32000,0.003,0.189
v1_lerobot_defaults,diffusion_n10_s50k,diffusion,10,50000,32100,0.004,0.218
v1_lerobot_defaults,diffusion_n10_s50k,diffusion,10,50000,32200,0.004,0.187
v1_lerobot_defaults,diffusion_n10_s50k,diffusion,10,50000,32300,0.004,0.221
v1_lerobot_defaults,diffusion_n10_s50k,diffusion,10,50000,32400,0.003,0.215
v1_lerobot_defaults,diffusion_n10_s50k,diffusion,10,50000,32500,0.004,0.224
v1_lerobot_defaults,diffusion_n10_s50k,diffusion,10,50000,32600,0.003,0.19
v1_lerobot_defaults,diffusion_n10_s50k,diffusion,10,50000,32700,0.003,0.185
v1_lerobot_defaults,diffusion_n10_s50k,diffusion,10,50000,32800,0.004,0.201
v1_lerobot_defaults,diffusion_n10_s50k,diffusion,10,50000,32900,0.003,0.182
v1_lerobot_defaults,diffusion_n10_s50k,diffusion,10,50000,33000,0.003,0.192
v1_lerobot_defaults,diffusion_n10_s50k,diffusion,10,50000,33100,0.003,0.178
v1_lerobot_defaults,diffusion_n10_s50k,diffusion,10,50000,33200,0.004,0.23
v1_lerobot_defaults,diffusion_n10_s50k,diffusion,10,50000,33300,0.003,0.2
v1_lerobot_defaults,diffusion_n10_s50k,diffusion,10,50000,33400,0.003,0.204
v1_lerobot_defaults,diffusion_n10_s50k,diffusion,10,50000,33500,0.003,0.198
v1_lerobot_defaults,diffusion_n10_s50k,diffusion,10,50000,33600,0.004,0.2
v1_lerobot_defaults,diffusion_n10_s50k,diffusion,10,50000,33700,0.003,0.189
v1_lerobot_defaults,diffusion_n10_s50k,diffusion,10,50000,33800,0.003,0.188
v1_lerobot_defaults,diffusion_n10_s50k,diffusion,10,50000,33900,0.003,0.175
v1_lerobot_defaults,diffusion_n10_s50k,diffusion,10,50000,34000,0.003,0.182
v1_lerobot_defaults,diffusion_n10_s50k,diffusion,10,50000,34100,0.003,0.18
v1_lerobot_defaults,diffusion_n10_s50k,diffusion,10,50000,34200,0.003,0.208
v1_lerobot_defaults,diffusion_n10_s50k,diffusion,10,50000,34300,0.003,0.199
v1_lerobot_defaults,diffusion_n10_s50k,diffusion,10,50000,34400,0.003,0.197
v1_lerobot_defaults,diffusion_n10_s50k,diffusion,10,50000,34500,0.003,0.17
v1_lerobot_defaults,diffusion_n10_s50k,diffusion,10,50000,34600,0.003,0.171
v1_lerobot_defaults,diffusion_n10_s50k,diffusion,10,50000,34700,0.003,0.199
v1_lerobot_defaults,diffusion_n10_s50k,diffusion,10,50000,34800,0.003,0.221
v1_lerobot_defaults,diffusion_n10_s50k,diffusion,10,50000,34900,0.003,0.217
v1_lerobot_defaults,diffusion_n10_s50k,diffusion,10,50000,35000,0.003,0.19
v1_lerobot_defaults,diffusion_n10_s50k,diffusion,10,50000,35100,0.003,0.186
v1_lerobot_defaults,diffusion_n10_s50k,diffusion,10,50000,35200,0.003,0.188
v1_lerobot_defaults,diffusion_n10_s50k,diffusion,10,50000,35300,0.003,0.199
v1_lerobot_defaults,diffusion_n10_s50k,diffusion,10,50000,35400,0.003,0.218
v1_lerobot_defaults,diffusion_n10_s50k,diffusion,10,50000,35500,0.003,0.192
v1_lerobot_defaults,diffusion_n10_s50k,diffusion,10,50000,35600,0.003,0.191
v1_lerobot_defaults,diffusion_n10_s50k,diffusion,10,50000,35700,0.003,0.2
v1_lerobot_defaults,diffusion_n10_s50k,diffusion,10,50000,35800,0.003,0.151
v1_lerobot_defaults,diffusion_n10_s50k,diffusion,10,50000,35900,0.002,0.158
v1_lerobot_defaults,diffusion_n10_s50k,diffusion,10,50000,36000,0.003,0.197
v1_lerobot_defaults,diffusion_n10_s50k,diffusion,10,50000,36100,0.003,0.189
v1_lerobot_defaults,diffusion_n10_s50k,diffusion,10,50000,36200,0.003,0.202
v1_lerobot_defaults,diffusion_n10_s50k,diffusion,10,50000,36300,0.002,0.167
v1_lerobot_defaults,diffusion_n10_s50k,diffusion,10,50000,36400,0.003,0.205
v1_lerobot_defaults,diffusion_n10_s50k,diffusion,10,50000,36500,0.003,0.197
v1_lerobot_defaults,diffusion_n10_s50k,diffusion,10,50000,36600,0.003,0.206
v1_lerobot_defaults,diffusion_n10_s50k,diffusion,10,50000,36700,0.003,0.176
v1_lerobot_defaults,diffusion_n10_s50k,diffusion,10,50000,36800,0.003,0.172
v1_lerobot_defaults,diffusion_n10_s50k,diffusion,10,50000,36900,0.003,0.176
v1_lerobot_defaults,diffusion_n10_s50k,diffusion,10,50000,37000,0.002,0.163
v1_lerobot_defaults,diffusion_n10_s50k,diffusion,10,50000,37100,0.002,0.171
v1_lerobot_defaults,diffusion_n10_s50k,diffusion,10,50000,37200,0.003,0.188
v1_lerobot_defaults,diffusion_n10_s50k,diffusion,10,50000,37300,0.002,0.178
v1_lerobot_defaults,diffusion_n10_s50k,diffusion,10,50000,37400,0.003,0.207
v1_lerobot_defaults,diffusion_n10_s50k,diffusion,10,50000,37500,0.002,0.155
v1_lerobot_defaults,diffusion_n10_s50k,diffusion,10,50000,37600,0.002,0.171
v1_lerobot_defaults,diffusion_n10_s50k,diffusion,10,50000,37700,0.002,0.152
v1_lerobot_defaults,diffusion_n10_s50k,diffusion,10,50000,37800,0.003,0.221
v1_lerobot_defaults,diffusion_n10_s50k,diffusion,10,50000,37900,0.003,0.198
v1_lerobot_defaults,diffusion_n10_s50k,diffusion,10,50000,38000,0.002,0.162
v1_lerobot_defaults,diffusion_n10_s50k,diffusion,10,50000,38100,0.002,0.181
v1_lerobot_defaults,diffusion_n10_s50k,diffusion,10,50000,38200,0.002,0.169
v1_lerobot_defaults,diffusion_n10_s50k,diffusion,10,50000,38300,0.002,0.167
v1_lerobot_defaults,diffusion_n10_s50k,diffusion,10,50000,38400,0.002,0.182
v1_lerobot_defaults,diffusion_n10_s50k,diffusion,10,50000,38500,0.002,0.151
v1_lerobot_defaults,diffusion_n10_s50k,diffusion,10,50000,38600,0.002,0.169
v1_lerobot_defaults,diffusion_n10_s50k,diffusion,10,50000,38700,0.002,0.147
v1_lerobot_defaults,diffusion_n10_s50k,diffusion,10,50000,38800,0.003,0.185
v1_lerobot_defaults,diffusion_n10_s50k,diffusion,10,50000,38900,0.002,0.175
v1_lerobot_defaults,diffusion_n10_s50k,diffusion,10,50000,39000,0.002,0.164
v1_lerobot_defaults,diffusion_n10_s50k,diffusion,10,50000,39100,0.002,0.146
v1_lerobot_defaults,diffusion_n10_s50k,diffusion,10,50000,39200,0.002,0.151
v1_lerobot_defaults,diffusion_n10_s50k,diffusion,10,50000,39300,0.002,0.154
v1_lerobot_defaults,diffusion_n10_s50k,diffusion,10,50000,39400,0.002,0.177
v1_lerobot_defaults,diffusion_n10_s50k,diffusion,10,50000,39500,0.002,0.149
v1_lerobot_defaults,diffusion_n10_s50k,diffusion,10,50000,39600,0.002,0.154
v1_lerobot_defaults,diffusion_n10_s50k,diffusion,10,50000,39700,0.002,0.148
v1_lerobot_defaults,diffusion_n10_s50k,diffusion,10,50000,39800,0.002,0.13
v1_lerobot_defaults,diffusion_n10_s50k,diffusion,10,50000,39900,0.002,0.144
v1_lerobot_defaults,diffusion_n10_s50k,diffusion,10,50000,40000,0.002,0.146
v1_lerobot_defaults,diffusion_n10_s50k,diffusion,10,50000,40100,0.002,0.155
v1_lerobot_defaults,diffusion_n10_s50k,diffusion,10,50000,40200,0.002,0.15
v1_lerobot_defaults,diffusion_n10_s50k,diffusion,10,50000,40300,0.002,0.142
v1_lerobot_defaults,diffusion_n10_s50k,diffusion,10,50000,40400,0.002,0.159
v1_lerobot_defaults,diffusion_n10_s50k,diffusion,10,50000,40500,0.002,0.147
v1_lerobot_defaults,diffusion_n10_s50k,diffusion,10,50000,40600,0.002,0.127
v1_lerobot_defaults,diffusion_n10_s50k,diffusion,10,50000,40700,0.002,0.137
v1_lerobot_defaults,diffusion_n10_s50k,diffusion,10,50000,40800,0.002,0.148
v1_lerobot_defaults,diffusion_n10_s50k,diffusion,10,50000,40900,0.002,0.144
v1_lerobot_defaults,diffusion_n10_s50k,diffusion,10,50000,41000,0.002,0.158
v1_lerobot_defaults,diffusion_n10_s50k,diffusion,10,50000,41100,0.002,0.178
v1_lerobot_defaults,diffusion_n10_s50k,diffusion,10,50000,41200,0.002,0.156
v1_lerobot_defaults,diffusion_n10_s50k,diffusion,10,50000,41300,0.002,0.16
v1_lerobot_defaults,diffusion_n10_s50k,diffusion,10,50000,41400,0.002,0.176
v1_lerobot_defaults,diffusion_n10_s50k,diffusion,10,50000,41500,0.002,0.175
v1_lerobot_defaults,diffusion_n10_s50k,diffusion,10,50000,41600,0.002,0.172
v1_lerobot_defaults,diffusion_n10_s50k,diffusion,10,50000,41700,0.002,0.136
v1_lerobot_defaults,diffusion_n10_s50k,diffusion,10,50000,41800,0.002,0.142
v1_lerobot_defaults,diffusion_n10_s50k,diffusion,10,50000,41900,0.002,0.143
v1_lerobot_defaults,diffusion_n10_s50k,diffusion,10,50000,42000,0.002,0.127
v1_lerobot_defaults,diffusion_n10_s50k,diffusion,10,50000,42100,0.001,0.109
v1_lerobot_defaults,diffusion_n10_s50k,diffusion,10,50000,42200,0.002,0.118
v1_lerobot_defaults,diffusion_n10_s50k,diffusion,10,50000,42300,0.002,0.142
v1_lerobot_defaults,diffusion_n10_s50k,diffusion,10,50000,42400,0.002,0.141
v1_lerobot_defaults,diffusion_n10_s50k,diffusion,10,50000,42500,0.002,0.135
v1_lerobot_defaults,diffusion_n10_s50k,diffusion,10,50000,42600,0.002,0.144
v1_lerobot_defaults,diffusion_n10_s50k,diffusion,10,50000,42700,0.002,0.156
v1_lerobot_defaults,diffusion_n10_s50k,diffusion,10,50000,42800,0.002,0.122
v1_lerobot_defaults,diffusion_n10_s50k,diffusion,10,50000,42900,0.002,0.132
v1_lerobot_defaults,diffusion_n10_s50k,diffusion,10,50000,43000,0.002,0.128
v1_lerobot_defaults,diffusion_n10_s50k,diffusion,10,50000,43100,0.002,0.139
v1_lerobot_defaults,diffusion_n10_s50k,diffusion,10,50000,43200,0.002,0.13
v1_lerobot_defaults,diffusion_n10_s50k,diffusion,10,50000,43300,0.002,0.138
v1_lerobot_defaults,diffusion_n10_s50k,diffusion,10,50000,43400,0.002,0.116
v1_lerobot_defaults,diffusion_n10_s50k,diffusion,10,50000,43500,0.001,0.115
v1_lerobot_defaults,diffusion_n10_s50k,diffusion,10,50000,43600,0.002,0.128
v1_lerobot_defaults,diffusion_n10_s50k,diffusion,10,50000,43700,0.001,0.11
v1_lerobot_defaults,diffusion_n10_s50k,diffusion,10,50000,43800,0.002,0.147
v1_lerobot_defaults,diffusion_n10_s50k,diffusion,10,50000,43900,0.002,0.13
v1_lerobot_defaults,diffusion_n10_s50k,diffusion,10,50000,44000,0.002,0.125
v1_lerobot_defaults,diffusion_n10_s50k,diffusion,10,50000,44100,0.002,0.122
v1_lerobot_defaults,diffusion_n10_s50k,diffusion,10,50000,44200,0.002,0.122
v1_lerobot_defaults,diffusion_n10_s50k,diffusion,10,50000,44300,0.002,0.131
v1_lerobot_defaults,diffusion_n10_s50k,diffusion,10,50000,44400,0.001,0.114
v1_lerobot_defaults,diffusion_n10_s50k,diffusion,10,50000,44500,0.001,0.106
v1_lerobot_defaults,diffusion_n10_s50k,diffusion,10,50000,44600,0.002,0.119
v1_lerobot_defaults,diffusion_n10_s50k,diffusion,10,50000,44700,0.001,0.123
v1_lerobot_defaults,diffusion_n10_s50k,diffusion,10,50000,44800,0.001,0.119
v1_lerobot_defaults,diffusion_n10_s50k,diffusion,10,50000,44900,0.002,0.125
v1_lerobot_defaults,diffusion_n10_s50k,diffusion,10,50000,45000,0.002,0.132
v1_lerobot_defaults,diffusion_n10_s50k,diffusion,10,50000,45100,0.002,0.129
v1_lerobot_defaults,diffusion_n10_s50k,diffusion,10,50000,45200,0.002,0.116
v1_lerobot_defaults,diffusion_n10_s50k,diffusion,10,50000,45300,0.001,0.107
v1_lerobot_defaults,diffusion_n10_s50k,diffusion,10,50000,45400,0.001,0.11
v1_lerobot_defaults,diffusion_n10_s50k,diffusion,10,50000,45500,0.002,0.121
v1_lerobot_defaults,diffusion_n10_s50k,diffusion,10,50000,45600,0.002,0.119
v1_lerobot_defaults,diffusion_n10_s50k,diffusion,10,50000,45700,0.002,0.121
v1_lerobot_defaults,diffusion_n10_s50k,diffusion,10,50000,45800,0.001,0.118
v1_lerobot_defaults,diffusion_n10_s50k,diffusion,10,50000,45900,0.001,0.12
v1_lerobot_defaults,diffusion_n10_s50k,diffusion,10,50000,46000,0.001,0.109
v1_lerobot_defaults,diffusion_n10_s50k,diffusion,10,50000,46100,0.002,0.112
v1_lerobot_defaults,diffusion_n10_s50k,diffusion,10,50000,46200,0.002,0.113
v1_lerobot_defaults,diffusion_n10_s50k,diffusion,10,50000,46300,0.002,0.117
v1_lerobot_defaults,diffusion_n10_s50k,diffusion,10,50000,46400,0.002,0.114
v1_lerobot_defaults,diffusion_n10_s50k,diffusion,10,50000,46500,0.001,0.095
v1_lerobot_defaults,diffusion_n10_s50k,diffusion,10,50000,46600,0.001,0.089
v1_lerobot_defaults,diffusion_n10_s50k,diffusion,10,50000,46700,0.001,0.099
v1_lerobot_defaults,diffusion_n10_s50k,diffusion,10,50000,46800,0.001,0.101
v1_lerobot_defaults,diffusion_n10_s50k,diffusion,10,50000,46900,0.001,0.101
v1_lerobot_defaults,diffusion_n10_s50k,diffusion,10,50000,47000,0.001,0.094
v1_lerobot_defaults,diffusion_n10_s50k,diffusion,10,50000,47100,0.001,0.112
v1_lerobot_defaults,diffusion_n10_s50k,diffusion,10,50000,47200,0.001,0.103
v1_lerobot_defaults,diffusion_n10_s50k,diffusion,10,50000,47300,0.001,0.115
v1_lerobot_defaults,diffusion_n10_s50k,diffusion,10,50000,47400,0.002,0.117
v1_lerobot_defaults,diffusion_n10_s50k,diffusion,10,50000,47500,0.001,0.101
v1_lerobot_defaults,diffusion_n10_s50k,diffusion,10,50000,47600,0.001,0.096
v1_lerobot_defaults,diffusion_n10_s50k,diffusion,10,50000,47700,0.001,0.099
v1_lerobot_defaults,diffusion_n10_s50k,diffusion,10,50000,47800,0.001,0.101
v1_lerobot_defaults,diffusion_n10_s50k,diffusion,10,50000,47900,0.001,0.107
v1_lerobot_defaults,diffusion_n10_s50k,diffusion,10,50000,48000,0.001,0.103
v1_lerobot_defaults,diffusion_n10_s50k,diffusion,10,50000,48100,0.001,0.115
v1_lerobot_defaults,diffusion_n10_s50k,diffusion,10,50000,48200,0.001,0.098
v1_lerobot_defaults,diffusion_n10_s50k,diffusion,10,50000,48300,0.002,0.118
v1_lerobot_defaults,diffusion_n10_s50k,diffusion,10,50000,48400,0.001,0.097
v1_lerobot_defaults,diffusion_n10_s50k,diffusion,10,50000,48500,0.001,0.097
v1_lerobot_defaults,diffusion_n10_s50k,diffusion,10,50000,48600,0.001,0.106
v1_lerobot_defaults,diffusion_n10_s50k,diffusion,10,50000,48700,0.001,0.087
v1_lerobot_defaults,diffusion_n10_s50k,diffusion,10,50000,48800,0.001,0.094
v1_lerobot_defaults,diffusion_n10_s50k,diffusion,10,50000,48900,0.002,0.108
v1_lerobot_defaults,diffusion_n10_s50k,diffusion,10,50000,49000,0.002,0.109
v1_lerobot_defaults,diffusion_n10_s50k,diffusion,10,50000,49100,0.002,0.12
v1_lerobot_defaults,diffusion_n10_s50k,diffusion,10,50000,49200,0.001,0.109
v1_lerobot_defaults,diffusion_n10_s50k,diffusion,10,50000,49300,0.001,0.092
v1_lerobot_defaults,diffusion_n10_s50k,diffusion,10,50000,49400,0.001,0.087
v1_lerobot_defaults,diffusion_n10_s50k,diffusion,10,50000,49500,0.001,0.098
v1_lerobot_defaults,diffusion_n10_s50k,diffusion,10,50000,49600,0.001,0.087
v1_lerobot_defaults,diffusion_n10_s50k,diffusion,10,50000,49700,0.001,0.094
v1_lerobot_defaults,diffusion_n10_s50k,diffusion,10,50000,49800,0.001,0.084
v1_lerobot_defaults,diffusion_n10_s50k,diffusion,10,50000,49900,0.001,0.098
v1_lerobot_defaults,diffusion_n10_s50k,diffusion,10,50000,50000,0.001,0.096
v1_lerobot_defaults,diffusion_n10_s5k,diffusion,10,5000,100,0.752,5.438
v1_lerobot_defaults,diffusion_n10_s5k,diffusion,10,5000,200,0.18,4.452
v1_lerobot_defaults,diffusion_n10_s5k,diffusion,10,5000,300,0.118,3.057
v1_lerobot_defaults,diffusion_n10_s5k,diffusion,10,5000,400,0.091,2.219
v1_lerobot_defaults,diffusion_n10_s5k,diffusion,10,5000,500,0.08,1.888
v1_lerobot_defaults,diffusion_n10_s5k,diffusion,10,5000,600,0.068,1.559
v1_lerobot_defaults,diffusion_n10_s5k,diffusion,10,5000,700,0.059,1.426
v1_lerobot_defaults,diffusion_n10_s5k,diffusion,10,5000,800,0.049,1.127
v1_lerobot_defaults,diffusion_n10_s5k,diffusion,10,5000,900,0.043,0.974
v1_lerobot_defaults,diffusion_n10_s5k,diffusion,10,5000,1000,0.043,1.009
v1_lerobot_defaults,diffusion_n10_s5k,diffusion,10,5000,1100,0.042,1.07
v1_lerobot_defaults,diffusion_n10_s5k,diffusion,10,5000,1200,0.037,0.865
v1_lerobot_defaults,diffusion_n10_s5k,diffusion,10,5000,1300,0.034,0.957
v1_lerobot_defaults,diffusion_n10_s5k,diffusion,10,5000,1400,0.033,0.885
v1_lerobot_defaults,diffusion_n10_s5k,diffusion,10,5000,1500,0.032,0.776
v1_lerobot_defaults,diffusion_n10_s5k,diffusion,10,5000,1600,0.026,0.666
v1_lerobot_defaults,diffusion_n10_s5k,diffusion,10,5000,1700,0.029,0.745
v1_lerobot_defaults,diffusion_n10_s5k,diffusion,10,5000,1800,0.029,0.735
v1_lerobot_defaults,diffusion_n10_s5k,diffusion,10,5000,1900,0.026,0.705
v1_lerobot_defaults,diffusion_n10_s5k,diffusion,10,5000,2000,0.026,0.727
v1_lerobot_defaults,diffusion_n10_s5k,diffusion,10,5000,2100,0.026,0.742
v1_lerobot_defaults,diffusion_n10_s5k,diffusion,10,5000,2200,0.024,0.648
v1_lerobot_defaults,diffusion_n10_s5k,diffusion,10,5000,2300,0.024,0.64
v1_lerobot_defaults,diffusion_n10_s5k,diffusion,10,5000,2400,0.023,0.611
v1_lerobot_defaults,diffusion_n10_s5k,diffusion,10,5000,2500,0.023,0.638
v1_lerobot_defaults,diffusion_n10_s5k,diffusion,10,5000,2600,0.02,0.6
v1_lerobot_defaults,diffusion_n10_s5k,diffusion,10,5000,2700,0.022,0.617
v1_lerobot_defaults,diffusion_n10_s5k,diffusion,10,5000,2800,0.018,0.572
v1_lerobot_defaults,diffusion_n10_s5k,diffusion,10,5000,2900,0.019,0.579
v1_lerobot_defaults,diffusion_n10_s5k,diffusion,10,5000,3000,0.018,0.521
v1_lerobot_defaults,diffusion_n10_s5k,diffusion,10,5000,3100,0.017,0.483
v1_lerobot_defaults,diffusion_n10_s5k,diffusion,10,5000,3200,0.017,0.55
v1_lerobot_defaults,diffusion_n10_s5k,diffusion,10,5000,3300,0.015,0.504
v1_lerobot_defaults,diffusion_n10_s5k,diffusion,10,5000,3400,0.016,0.514
v1_lerobot_defaults,diffusion_n10_s5k,diffusion,10,5000,3500,0.015,0.467
v1_lerobot_defaults,diffusion_n10_s5k,diffusion,10,5000,3600,0.015,0.491
v1_lerobot_defaults,diffusion_n10_s5k,diffusion,10,5000,3700,0.014,0.446
v1_lerobot_defaults,diffusion_n10_s5k,diffusion,10,5000,3800,0.013,0.437
v1_lerobot_defaults,diffusion_n10_s5k,diffusion,10,5000,3900,0.012,0.454
v1_lerobot_defaults,diffusion_n10_s5k,diffusion,10,5000,4000,0.013,0.455
v1_lerobot_defaults,diffusion_n10_s5k,diffusion,10,5000,4100,0.012,0.446
v1_lerobot_defaults,diffusion_n10_s5k,diffusion,10,5000,4200,0.011,0.393
v1_lerobot_defaults,diffusion_n10_s5k,diffusion,10,5000,4300,0.011,0.396
v1_lerobot_defaults,diffusion_n10_s5k,diffusion,10,5000,4400,0.01,0.373
v1_lerobot_defaults,diffusion_n10_s5k,diffusion,10,5000,4500,0.01,0.369
v1_lerobot_defaults,diffusion_n10_s5k,diffusion,10,5000,4600,0.01,0.342
v1_lerobot_defaults,diffusion_n10_s5k,diffusion,10,5000,4700,0.009,0.339
v1_lerobot_defaults,diffusion_n10_s5k,diffusion,10,5000,4800,0.009,0.329
v1_lerobot_defaults,diffusion_n10_s5k,diffusion,10,5000,4900,0.009,0.327
v1_lerobot_defaults,diffusion_n10_s5k,diffusion,10,5000,5000,0.008,0.316
v1_lerobot_defaults,diffusion_n25_s20k,diffusion,25,20000,100,0.748,5.56
v1_lerobot_defaults,diffusion_n25_s20k,diffusion,25,20000,200,0.173,4.347
v1_lerobot_defaults,diffusion_n25_s20k,diffusion,25,20000,300,0.115,3.113
v1_lerobot_defaults,diffusion_n25_s20k,diffusion,25,20000,400,0.09,2.295
v1_lerobot_defaults,diffusion_n25_s20k,diffusion,25,20000,500,0.08,2.012
v1_lerobot_defaults,diffusion_n25_s20k,diffusion,25,20000,600,0.063,1.458
v1_lerobot_defaults,diffusion_n25_s20k,diffusion,25,20000,700,0.055,1.271
v1_lerobot_defaults,diffusion_n25_s20k,diffusion,25,20000,800,0.05,1.25
v1_lerobot_defaults,diffusion_n25_s20k,diffusion,25,20000,900,0.044,1.037
v1_lerobot_defaults,diffusion_n25_s20k,diffusion,25,20000,1000,0.043,1.083
v1_lerobot_defaults,diffusion_n25_s20k,diffusion,25,20000,1100,0.04,0.993
v1_lerobot_defaults,diffusion_n25_s20k,diffusion,25,20000,1200,0.041,1.073
v1_lerobot_defaults,diffusion_n25_s20k,diffusion,25,20000,1300,0.035,0.878
v1_lerobot_defaults,diffusion_n25_s20k,diffusion,25,20000,1400,0.033,0.829
v1_lerobot_defaults,diffusion_n25_s20k,diffusion,25,20000,1500,0.035,0.89
v1_lerobot_defaults,diffusion_n25_s20k,diffusion,25,20000,1600,0.03,0.709
v1_lerobot_defaults,diffusion_n25_s20k,diffusion,25,20000,1700,0.032,0.734
v1_lerobot_defaults,diffusion_n25_s20k,diffusion,25,20000,1800,0.031,0.786
v1_lerobot_defaults,diffusion_n25_s20k,diffusion,25,20000,1900,0.029,0.685
v1_lerobot_defaults,diffusion_n25_s20k,diffusion,25,20000,2000,0.03,0.773
v1_lerobot_defaults,diffusion_n25_s20k,diffusion,25,20000,2100,0.031,0.79
v1_lerobot_defaults,diffusion_n25_s20k,diffusion,25,20000,2200,0.027,0.617
v1_lerobot_defaults,diffusion_n25_s20k,diffusion,25,20000,2300,0.028,0.688
v1_lerobot_defaults,diffusion_n25_s20k,diffusion,25,20000,2400,0.027,0.622
v1_lerobot_defaults,diffusion_n25_s20k,diffusion,25,20000,2500,0.027,0.632
v1_lerobot_defaults,diffusion_n25_s20k,diffusion,25,20000,2600,0.025,0.668
v1_lerobot_defaults,diffusion_n25_s20k,diffusion,25,20000,2700,0.028,0.669
v1_lerobot_defaults,diffusion_n25_s20k,diffusion,25,20000,2800,0.025,0.604
v1_lerobot_defaults,diffusion_n25_s20k,diffusion,25,20000,2900,0.025,0.612
v1_lerobot_defaults,diffusion_n25_s20k,diffusion,25,20000,3000,0.026,0.638
v1_lerobot_defaults,diffusion_n25_s20k,diffusion,25,20000,3100,0.024,0.526
v1_lerobot_defaults,diffusion_n25_s20k,diffusion,25,20000,3200,0.025,0.604
v1_lerobot_defaults,diffusion_n25_s20k,diffusion,25,20000,3300,0.023,0.605
v1_lerobot_defaults,diffusion_n25_s20k,diffusion,25,20000,3400,0.023,0.563
v1_lerobot_defaults,diffusion_n25_s20k,diffusion,25,20000,3500,0.023,0.551
v1_lerobot_defaults,diffusion_n25_s20k,diffusion,25,20000,3600,0.026,0.602
v1_lerobot_defaults,diffusion_n25_s20k,diffusion,25,20000,3700,0.023,0.534
v1_lerobot_defaults,diffusion_n25_s20k,diffusion,25,20000,3800,0.023,0.549
v1_lerobot_defaults,diffusion_n25_s20k,diffusion,25,20000,3900,0.023,0.52
v1_lerobot_defaults,diffusion_n25_s20k,diffusion,25,20000,4000,0.023,0.516
v1_lerobot_defaults,diffusion_n25_s20k,diffusion,25,20000,4100,0.024,0.521
v1_lerobot_defaults,diffusion_n25_s20k,diffusion,25,20000,4200,0.02,0.481
v1_lerobot_defaults,diffusion_n25_s20k,diffusion,25,20000,4300,0.021,0.504
v1_lerobot_defaults,diffusion_n25_s20k,diffusion,25,20000,4400,0.021,0.466
v1_lerobot_defaults,diffusion_n25_s20k,diffusion,25,20000,4500,0.022,0.497
v1_lerobot_defaults,diffusion_n25_s20k,diffusion,25,20000,4600,0.021,0.527
v1_lerobot_defaults,diffusion_n25_s20k,diffusion,25,20000,4700,0.019,0.454
v1_lerobot_defaults,diffusion_n25_s20k,diffusion,25,20000,4800,0.019,0.448
v1_lerobot_defaults,diffusion_n25_s20k,diffusion,25,20000,4900,0.02,0.497
v1_lerobot_defaults,diffusion_n25_s20k,diffusion,25,20000,5000,0.018,0.398
v1_lerobot_defaults,diffusion_n25_s20k,diffusion,25,20000,5100,0.021,0.5
v1_lerobot_defaults,diffusion_n25_s20k,diffusion,25,20000,5200,0.02,0.481
v1_lerobot_defaults,diffusion_n25_s20k,diffusion,25,20000,5300,0.019,0.423
v1_lerobot_defaults,diffusion_n25_s20k,diffusion,25,20000,5400,0.019,0.431
v1_lerobot_defaults,diffusion_n25_s20k,diffusion,25,20000,5500,0.019,0.408
v1_lerobot_defaults,diffusion_n25_s20k,diffusion,25,20000,5600,0.021,0.473
v1_lerobot_defaults,diffusion_n25_s20k,diffusion,25,20000,5700,0.017,0.412
v1_lerobot_defaults,diffusion_n25_s20k,diffusion,25,20000,5800,0.017,0.383
v1_lerobot_defaults,diffusion_n25_s20k,diffusion,25,20000,5900,0.019,0.46
v1_lerobot_defaults,diffusion_n25_s20k,diffusion,25,20000,6000,0.019,0.5
v1_lerobot_defaults,diffusion_n25_s20k,diffusion,25,20000,6100,0.018,0.431
v1_lerobot_defaults,diffusion_n25_s20k,diffusion,25,20000,6200,0.017,0.436
v1_lerobot_defaults,diffusion_n25_s20k,diffusion,25,20000,6300,0.018,0.428
v1_lerobot_defaults,diffusion_n25_s20k,diffusion,25,20000,6400,0.019,0.457
v1_lerobot_defaults,diffusion_n25_s20k,diffusion,25,20000,6500,0.017,0.397
v1_lerobot_defaults,diffusion_n25_s20k,diffusion,25,20000,6600,0.017,0.416
v1_lerobot_defaults,diffusion_n25_s20k,diffusion,25,20000,6700,0.017,0.428
v1_lerobot_defaults,diffusion_n25_s20k,diffusion,25,20000,6800,0.017,0.398
v1_lerobot_defaults,diffusion_n25_s20k,diffusion,25,20000,6900,0.016,0.378
v1_lerobot_defaults,diffusion_n25_s20k,diffusion,25,20000,7000,0.017,0.438
v1_lerobot_defaults,diffusion_n25_s20k,diffusion,25,20000,7100,0.017,0.424
v1_lerobot_defaults,diffusion_n25_s20k,diffusion,25,20000,7200,0.017,0.425
v1_lerobot_defaults,diffusion_n25_s20k,diffusion,25,20000,7300,0.017,0.391
v1_lerobot_defaults,diffusion_n25_s20k,diffusion,25,20000,7400,0.017,0.385
v1_lerobot_defaults,diffusion_n25_s20k,diffusion,25,20000,7500,0.016,0.351
v1_lerobot_defaults,diffusion_n25_s20k,diffusion,25,20000,7600,0.017,0.404
v1_lerobot_defaults,diffusion_n25_s20k,diffusion,25,20000,7700,0.014,0.34
v1_lerobot_defaults,diffusion_n25_s20k,diffusion,25,20000,7800,0.014,0.379
v1_lerobot_defaults,diffusion_n25_s20k,diffusion,25,20000,7900,0.016,0.401
v1_lerobot_defaults,diffusion_n25_s20k,diffusion,25,20000,8000,0.014,0.334
v1_lerobot_defaults,diffusion_n25_s20k,diffusion,25,20000,8100,0.015,0.395
v1_lerobot_defaults,diffusion_n25_s20k,diffusion,25,20000,8200,0.014,0.351
v1_lerobot_defaults,diffusion_n25_s20k,diffusion,25,20000,8300,0.015,0.366
v1_lerobot_defaults,diffusion_n25_s20k,diffusion,25,20000,8400,0.014,0.352
v1_lerobot_defaults,diffusion_n25_s20k,diffusion,25,20000,8500,0.015,0.394
v1_lerobot_defaults,diffusion_n25_s20k,diffusion,25,20000,8600,0.014,0.324
v1_lerobot_defaults,diffusion_n25_s20k,diffusion,25,20000,8700,0.017,0.391
v1_lerobot_defaults,diffusion_n25_s20k,diffusion,25,20000,8800,0.016,0.379
v1_lerobot_defaults,diffusion_n25_s20k,diffusion,25,20000,8900,0.014,0.35
v1_lerobot_defaults,diffusion_n25_s20k,diffusion,25,20000,9000,0.014,0.35
v1_lerobot_defaults,diffusion_n25_s20k,diffusion,25,20000,9100,0.013,0.344
v1_lerobot_defaults,diffusion_n25_s20k,diffusion,25,20000,9200,0.013,0.328
v1_lerobot_defaults,diffusion_n25_s20k,diffusion,25,20000,9300,0.013,0.327
v1_lerobot_defaults,diffusion_n25_s20k,diffusion,25,20000,9400,0.013,0.339
v1_lerobot_defaults,diffusion_n25_s20k,diffusion,25,20000,9500,0.014,0.365
v1_lerobot_defaults,diffusion_n25_s20k,diffusion,25,20000,9600,0.013,0.34
v1_lerobot_defaults,diffusion_n25_s20k,diffusion,25,20000,9700,0.012,0.322
v1_lerobot_defaults,diffusion_n25_s20k,diffusion,25,20000,9800,0.013,0.34
v1_lerobot_defaults,diffusion_n25_s20k,diffusion,25,20000,9900,0.013,0.357
v1_lerobot_defaults,diffusion_n25_s20k,diffusion,25,20000,10000,0.013,0.359
v1_lerobot_defaults,diffusion_n25_s20k,diffusion,25,20000,10100,0.013,0.357
v1_lerobot_defaults,diffusion_n25_s20k,diffusion,25,20000,10200,0.012,0.311
v1_lerobot_defaults,diffusion_n25_s20k,diffusion,25,20000,10300,0.012,0.307
v1_lerobot_defaults,diffusion_n25_s20k,diffusion,25,20000,10400,0.012,0.348
v1_lerobot_defaults,diffusion_n25_s20k,diffusion,25,20000,10500,0.011,0.31
v1_lerobot_defaults,diffusion_n25_s20k,diffusion,25,20000,10600,0.012,0.317
v1_lerobot_defaults,diffusion_n25_s20k,diffusion,25,20000,10700,0.012,0.305
v1_lerobot_defaults,diffusion_n25_s20k,diffusion,25,20000,10800,0.012,0.306
v1_lerobot_defaults,diffusion_n25_s20k,diffusion,25,20000,10900,0.012,0.347
v1_lerobot_defaults,diffusion_n25_s20k,diffusion,25,20000,11000,0.011,0.341
v1_lerobot_defaults,diffusion_n25_s20k,diffusion,25,20000,11100,0.011,0.307
v1_lerobot_defaults,diffusion_n25_s20k,diffusion,25,20000,11200,0.012,0.342
v1_lerobot_defaults,diffusion_n25_s20k,diffusion,25,20000,11300,0.012,0.354
v1_lerobot_defaults,diffusion_n25_s20k,diffusion,25,20000,11400,0.01,0.302
v1_lerobot_defaults,diffusion_n25_s20k,diffusion,25,20000,11500,0.011,0.326
v1_lerobot_defaults,diffusion_n25_s20k,diffusion,25,20000,11600,0.011,0.332
v1_lerobot_defaults,diffusion_n25_s20k,diffusion,25,20000,11700,0.01,0.32
v1_lerobot_defaults,diffusion_n25_s20k,diffusion,25,20000,11800,0.011,0.344
v1_lerobot_defaults,diffusion_n25_s20k,diffusion,25,20000,11900,0.01,0.282
v1_lerobot_defaults,diffusion_n25_s20k,diffusion,25,20000,12000,0.01,0.286
v1_lerobot_defaults,diffusion_n25_s20k,diffusion,25,20000,12100,0.01,0.297
v1_lerobot_defaults,diffusion_n25_s20k,diffusion,25,20000,12200,0.01,0.302
v1_lerobot_defaults,diffusion_n25_s20k,diffusion,25,20000,12300,0.009,0.279
v1_lerobot_defaults,diffusion_n25_s20k,diffusion,25,20000,12400,0.01,0.292
v1_lerobot_defaults,diffusion_n25_s20k,diffusion,25,20000,12500,0.009,0.281
v1_lerobot_defaults,diffusion_n25_s20k,diffusion,25,20000,12600,0.009,0.291
v1_lerobot_defaults,diffusion_n25_s20k,diffusion,25,20000,12700,0.01,0.303
v1_lerobot_defaults,diffusion_n25_s20k,diffusion,25,20000,12800,0.009,0.274
v1_lerobot_defaults,diffusion_n25_s20k,diffusion,25,20000,12900,0.009,0.301
v1_lerobot_defaults,diffusion_n25_s20k,diffusion,25,20000,13000,0.009,0.267
v1_lerobot_defaults,diffusion_n25_s20k,diffusion,25,20000,13100,0.009,0.279
v1_lerobot_defaults,diffusion_n25_s20k,diffusion,25,20000,13200,0.009,0.285
v1_lerobot_defaults,diffusion_n25_s20k,diffusion,25,20000,13300,0.008,0.257
v1_lerobot_defaults,diffusion_n25_s20k,diffusion,25,20000,13400,0.009,0.293
v1_lerobot_defaults,diffusion_n25_s20k,diffusion,25,20000,13500,0.008,0.263
v1_lerobot_defaults,diffusion_n25_s20k,diffusion,25,20000,13600,0.008,0.267
v1_lerobot_defaults,diffusion_n25_s20k,diffusion,25,20000,13700,0.008,0.263
v1_lerobot_defaults,diffusion_n25_s20k,diffusion,25,20000,13800,0.008,0.245
v1_lerobot_defaults,diffusion_n25_s20k,diffusion,25,20000,13900,0.008,0.283
v1_lerobot_defaults,diffusion_n25_s20k,diffusion,25,20000,14000,0.008,0.277
v1_lerobot_defaults,diffusion_n25_s20k,diffusion,25,20000,14100,0.009,0.29
v1_lerobot_defaults,diffusion_n25_s20k,diffusion,25,20000,14200,0.008,0.281
v1_lerobot_defaults,diffusion_n25_s20k,diffusion,25,20000,14300,0.007,0.234
v1_lerobot_defaults,diffusion_n25_s20k,diffusion,25,20000,14400,0.008,0.268
v1_lerobot_defaults,diffusion_n25_s20k,diffusion,25,20000,14500,0.007,0.236
v1_lerobot_defaults,diffusion_n25_s20k,diffusion,25,20000,14600,0.007,0.267
v1_lerobot_defaults,diffusion_n25_s20k,diffusion,25,20000,14700,0.008,0.259
v1_lerobot_defaults,diffusion_n25_s20k,diffusion,25,20000,14800,0.007,0.273
v1_lerobot_defaults,diffusion_n25_s20k,diffusion,25,20000,14900,0.007,0.263
v1_lerobot_defaults,diffusion_n25_s20k,diffusion,25,20000,15000,0.007,0.251
v1_lerobot_defaults,diffusion_n25_s20k,diffusion,25,20000,15100,0.007,0.245
v1_lerobot_defaults,diffusion_n25_s20k,diffusion,25,20000,15200,0.007,0.264
v1_lerobot_defaults,diffusion_n25_s20k,diffusion,25,20000,15300,0.006,0.238
v1_lerobot_defaults,diffusion_n25_s20k,diffusion,25,20000,15400,0.007,0.252
v1_lerobot_defaults,diffusion_n25_s20k,diffusion,25,20000,15500,0.007,0.275
v1_lerobot_defaults,diffusion_n25_s20k,diffusion,25,20000,15600,0.007,0.273
v1_lerobot_defaults,diffusion_n25_s20k,diffusion,25,20000,15700,0.006,0.247
v1_lerobot_defaults,diffusion_n25_s20k,diffusion,25,20000,15800,0.006,0.231
v1_lerobot_defaults,diffusion_n25_s20k,diffusion,25,20000,15900,0.007,0.25
v1_lerobot_defaults,diffusion_n25_s20k,diffusion,25,20000,16000,0.006,0.244
v1_lerobot_defaults,diffusion_n25_s20k,diffusion,25,20000,16100,0.006,0.256
v1_lerobot_defaults,diffusion_n25_s20k,diffusion,25,20000,16200,0.005,0.227
v1_lerobot_defaults,diffusion_n25_s20k,diffusion,25,20000,16300,0.006,0.228
v1_lerobot_defaults,diffusion_n25_s20k,diffusion,25,20000,16400,0.006,0.227
v1_lerobot_defaults,diffusion_n25_s20k,diffusion,25,20000,16500,0.006,0.234
v1_lerobot_defaults,diffusion_n25_s20k,diffusion,25,20000,16600,0.006,0.248
v1_lerobot_defaults,diffusion_n25_s20k,diffusion,25,20000,16700,0.006,0.238
v1_lerobot_defaults,diffusion_n25_s20k,diffusion,25,20000,16800,0.006,0.214
v1_lerobot_defaults,diffusion_n25_s20k,diffusion,25,20000,16900,0.005,0.234
v1_lerobot_defaults,diffusion_n25_s20k,diffusion,25,20000,17000,0.005,0.214
v1_lerobot_defaults,diffusion_n25_s20k,diffusion,25,20000,17100,0.005,0.218
v1_lerobot_defaults,diffusion_n25_s20k,diffusion,25,20000,17200,0.005,0.223
v1_lerobot_defaults,diffusion_n25_s20k,diffusion,25,20000,17300,0.005,0.209
v1_lerobot_defaults,diffusion_n25_s20k,diffusion,25,20000,17400,0.005,0.197
v1_lerobot_defaults,diffusion_n25_s20k,diffusion,25,20000,17500,0.005,0.202
v1_lerobot_defaults,diffusion_n25_s20k,diffusion,25,20000,17600,0.005,0.223
v1_lerobot_defaults,diffusion_n25_s20k,diffusion,25,20000,17700,0.005,0.2
v1_lerobot_defaults,diffusion_n25_s20k,diffusion,25,20000,17800,0.005,0.222
v1_lerobot_defaults,diffusion_n25_s20k,diffusion,25,20000,17900,0.005,0.216
v1_lerobot_defaults,diffusion_n25_s20k,diffusion,25,20000,18000,0.005,0.225
v1_lerobot_defaults,diffusion_n25_s20k,diffusion,25,20000,18100,0.004,0.199
v1_lerobot_defaults,diffusion_n25_s20k,diffusion,25,20000,18200,0.005,0.216
v1_lerobot_defaults,diffusion_n25_s20k,diffusion,25,20000,18300,0.005,0.22
v1_lerobot_defaults,diffusion_n25_s20k,diffusion,25,20000,18400,0.004,0.183
v1_lerobot_defaults,diffusion_n25_s20k,diffusion,25,20000,18500,0.005,0.194
v1_lerobot_defaults,diffusion_n25_s20k,diffusion,25,20000,18600,0.005,0.2
v1_lerobot_defaults,diffusion_n25_s20k,diffusion,25,20000,18700,0.005,0.207
v1_lerobot_defaults,diffusion_n25_s20k,diffusion,25,20000,18800,0.005,0.214
v1_lerobot_defaults,diffusion_n25_s20k,diffusion,25,20000,18900,0.005,0.216
v1_lerobot_defaults,diffusion_n25_s20k,diffusion,25,20000,19000,0.004,0.19
v1_lerobot_defaults,diffusion_n25_s20k,diffusion,25,20000,19100,0.005,0.21
v1_lerobot_defaults,diffusion_n25_s20k,diffusion,25,20000,19200,0.005,0.191
v1_lerobot_defaults,diffusion_n25_s20k,diffusion,25,20000,19300,0.005,0.197
v1_lerobot_defaults,diffusion_n25_s20k,diffusion,25,20000,19400,0.005,0.207
v1_lerobot_defaults,diffusion_n25_s20k,diffusion,25,20000,19500,0.004,0.18
v1_lerobot_defaults,diffusion_n25_s20k,diffusion,25,20000,19600,0.005,0.193
v1_lerobot_defaults,diffusion_n25_s20k,diffusion,25,20000,19700,0.005,0.196
v1_lerobot_defaults,diffusion_n25_s20k,diffusion,25,20000,19800,0.004,0.196
v1_lerobot_defaults,diffusion_n25_s20k,diffusion,25,20000,19900,0.005,0.207
v1_lerobot_defaults,diffusion_n25_s20k,diffusion,25,20000,20000,0.005,0.192
v1_lerobot_defaults,diffusion_n25_s50k,diffusion,25,50000,100,0.748,5.559
v1_lerobot_defaults,diffusion_n25_s50k,diffusion,25,50000,200,0.173,4.34
v1_lerobot_defaults,diffusion_n25_s50k,diffusion,25,50000,300,0.115,3.112
v1_lerobot_defaults,diffusion_n25_s50k,diffusion,25,50000,400,0.09,2.267
v1_lerobot_defaults,diffusion_n25_s50k,diffusion,25,50000,500,0.08,2.034
v1_lerobot_defaults,diffusion_n25_s50k,diffusion,25,50000,600,0.063,1.473
v1_lerobot_defaults,diffusion_n25_s50k,diffusion,25,50000,700,0.054,1.261
v1_lerobot_defaults,diffusion_n25_s50k,diffusion,25,50000,800,0.05,1.288
v1_lerobot_defaults,diffusion_n25_s50k,diffusion,25,50000,900,0.044,1.062
v1_lerobot_defaults,diffusion_n25_s50k,diffusion,25,50000,1000,0.043,1.055
v1_lerobot_defaults,diffusion_n25_s50k,diffusion,25,50000,1100,0.04,0.992
v1_lerobot_defaults,diffusion_n25_s50k,diffusion,25,50000,1200,0.041,1.069
v1_lerobot_defaults,diffusion_n25_s50k,diffusion,25,50000,1300,0.035,0.862
v1_lerobot_defaults,diffusion_n25_s50k,diffusion,25,50000,1400,0.033,0.829
v1_lerobot_defaults,diffusion_n25_s50k,diffusion,25,50000,1500,0.035,0.891
v1_lerobot_defaults,diffusion_n25_s50k,diffusion,25,50000,1600,0.029,0.702
v1_lerobot_defaults,diffusion_n25_s50k,diffusion,25,50000,1700,0.032,0.733
v1_lerobot_defaults,diffusion_n25_s50k,diffusion,25,50000,1800,0.031,0.794
v1_lerobot_defaults,diffusion_n25_s50k,diffusion,25,50000,1900,0.029,0.705
v1_lerobot_defaults,diffusion_n25_s50k,diffusion,25,50000,2000,0.03,0.771
v1_lerobot_defaults,diffusion_n25_s50k,diffusion,25,50000,2100,0.032,0.814
v1_lerobot_defaults,diffusion_n25_s50k,diffusion,25,50000,2200,0.027,0.641
v1_lerobot_defaults,diffusion_n25_s50k,diffusion,25,50000,2300,0.028,0.677
v1_lerobot_defaults,diffusion_n25_s50k,diffusion,25,50000,2400,0.027,0.63
v1_lerobot_defaults,diffusion_n25_s50k,diffusion,25,50000,2500,0.028,0.631
v1_lerobot_defaults,diffusion_n25_s50k,diffusion,25,50000,2600,0.026,0.68
v1_lerobot_defaults,diffusion_n25_s50k,diffusion,25,50000,2700,0.028,0.69
v1_lerobot_defaults,diffusion_n25_s50k,diffusion,25,50000,2800,0.025,0.6
v1_lerobot_defaults,diffusion_n25_s50k,diffusion,25,50000,2900,0.025,0.612
v1_lerobot_defaults,diffusion_n25_s50k,diffusion,25,50000,3000,0.026,0.632
v1_lerobot_defaults,diffusion_n25_s50k,diffusion,25,50000,3100,0.024,0.5
v1_lerobot_defaults,diffusion_n25_s50k,diffusion,25,50000,3200,0.025,0.594
v1_lerobot_defaults,diffusion_n25_s50k,diffusion,25,50000,3300,0.024,0.613
v1_lerobot_defaults,diffusion_n25_s50k,diffusion,25,50000,3400,0.024,0.558
v1_lerobot_defaults,diffusion_n25_s50k,diffusion,25,50000,3500,0.024,0.538
v1_lerobot_defaults,diffusion_n25_s50k,diffusion,25,50000,3600,0.026,0.605
v1_lerobot_defaults,diffusion_n25_s50k,diffusion,25,50000,3700,0.024,0.542
v1_lerobot_defaults,diffusion_n25_s50k,diffusion,25,50000,3800,0.023,0.527
v1_lerobot_defaults,diffusion_n25_s50k,diffusion,25,50000,3900,0.023,0.518
v1_lerobot_defaults,diffusion_n25_s50k,diffusion,25,50000,4000,0.023,0.508
v1_lerobot_defaults,diffusion_n25_s50k,diffusion,25,50000,4100,0.024,0.516
v1_lerobot_defaults,diffusion_n25_s50k,diffusion,25,50000,4200,0.021,0.497
v1_lerobot_defaults,diffusion_n25_s50k,diffusion,25,50000,4300,0.021,0.463
v1_lerobot_defaults,diffusion_n25_s50k,diffusion,25,50000,4400,0.022,0.5
v1_lerobot_defaults,diffusion_n25_s50k,diffusion,25,50000,4500,0.023,0.516
v1_lerobot_defaults,diffusion_n25_s50k,diffusion,25,50000,4600,0.021,0.544
v1_lerobot_defaults,diffusion_n25_s50k,diffusion,25,50000,4700,0.02,0.456
v1_lerobot_defaults,diffusion_n25_s50k,diffusion,25,50000,4800,0.019,0.442
v1_lerobot_defaults,diffusion_n25_s50k,diffusion,25,50000,4900,0.02,0.494
v1_lerobot_defaults,diffusion_n25_s50k,diffusion,25,50000,5000,0.019,0.42
v1_lerobot_defaults,diffusion_n25_s50k,diffusion,25,50000,5100,0.021,0.492
v1_lerobot_defaults,diffusion_n25_s50k,diffusion,25,50000,5200,0.021,0.493
v1_lerobot_defaults,diffusion_n25_s50k,diffusion,25,50000,5300,0.02,0.421
v1_lerobot_defaults,diffusion_n25_s50k,diffusion,25,50000,5400,0.019,0.421
v1_lerobot_defaults,diffusion_n25_s50k,diffusion,25,50000,5500,0.02,0.418
v1_lerobot_defaults,diffusion_n25_s50k,diffusion,25,50000,5600,0.021,0.466
v1_lerobot_defaults,diffusion_n25_s50k,diffusion,25,50000,5700,0.019,0.434
v1_lerobot_defaults,diffusion_n25_s50k,diffusion,25,50000,5800,0.018,0.421
v1_lerobot_defaults,diffusion_n25_s50k,diffusion,25,50000,5900,0.019,0.479
v1_lerobot_defaults,diffusion_n25_s50k,diffusion,25,50000,6000,0.02,0.462
v1_lerobot_defaults,diffusion_n25_s50k,diffusion,25,50000,6100,0.019,0.413
v1_lerobot_defaults,diffusion_n25_s50k,diffusion,25,50000,6200,0.018,0.434
v1_lerobot_defaults,diffusion_n25_s50k,diffusion,25,50000,6300,0.019,0.429
v1_lerobot_defaults,diffusion_n25_s50k,diffusion,25,50000,6400,0.02,0.449
v1_lerobot_defaults,diffusion_n25_s50k,diffusion,25,50000,6500,0.018,0.38
v1_lerobot_defaults,diffusion_n25_s50k,diffusion,25,50000,6600,0.019,0.421
v1_lerobot_defaults,diffusion_n25_s50k,diffusion,25,50000,6700,0.018,0.431
v1_lerobot_defaults,diffusion_n25_s50k,diffusion,25,50000,6800,0.018,0.393
v1_lerobot_defaults,diffusion_n25_s50k,diffusion,25,50000,6900,0.017,0.36
v1_lerobot_defaults,diffusion_n25_s50k,diffusion,25,50000,7000,0.017,0.394
v1_lerobot_defaults,diffusion_n25_s50k,diffusion,25,50000,7100,0.018,0.417
v1_lerobot_defaults,diffusion_n25_s50k,diffusion,25,50000,7200,0.019,0.462
v1_lerobot_defaults,diffusion_n25_s50k,diffusion,25,50000,7300,0.019,0.397
v1_lerobot_defaults,diffusion_n25_s50k,diffusion,25,50000,7400,0.019,0.425
v1_lerobot_defaults,diffusion_n25_s50k,diffusion,25,50000,7500,0.018,0.384
v1_lerobot_defaults,diffusion_n25_s50k,diffusion,25,50000,7600,0.018,0.37
v1_lerobot_defaults,diffusion_n25_s50k,diffusion,25,50000,7700,0.016,0.385
v1_lerobot_defaults,diffusion_n25_s50k,diffusion,25,50000,7800,0.015,0.347
v1_lerobot_defaults,diffusion_n25_s50k,diffusion,25,50000,7900,0.018,0.431
v1_lerobot_defaults,diffusion_n25_s50k,diffusion,25,50000,8000,0.017,0.352
v1_lerobot_defaults,diffusion_n25_s50k,diffusion,25,50000,8100,0.016,0.399
v1_lerobot_defaults,diffusion_n25_s50k,diffusion,25,50000,8200,0.016,0.392
v1_lerobot_defaults,diffusion_n25_s50k,diffusion,25,50000,8300,0.016,0.384
v1_lerobot_defaults,diffusion_n25_s50k,diffusion,25,50000,8400,0.015,0.339
v1_lerobot_defaults,diffusion_n25_s50k,diffusion,25,50000,8500,0.017,0.387
v1_lerobot_defaults,diffusion_n25_s50k,diffusion,25,50000,8600,0.015,0.356
v1_lerobot_defaults,diffusion_n25_s50k,diffusion,25,50000,8700,0.018,0.38
v1_lerobot_defaults,diffusion_n25_s50k,diffusion,25,50000,8800,0.018,0.376
v1_lerobot_defaults,diffusion_n25_s50k,diffusion,25,50000,8900,0.015,0.344
v1_lerobot_defaults,diffusion_n25_s50k,diffusion,25,50000,9000,0.016,0.342
v1_lerobot_defaults,diffusion_n25_s50k,diffusion,25,50000,9100,0.015,0.355
v1_lerobot_defaults,diffusion_n25_s50k,diffusion,25,50000,9200,0.015,0.346
v1_lerobot_defaults,diffusion_n25_s50k,diffusion,25,50000,9300,0.015,0.372
v1_lerobot_defaults,diffusion_n25_s50k,diffusion,25,50000,9400,0.015,0.345
v1_lerobot_defaults,diffusion_n25_s50k,diffusion,25,50000,9500,0.015,0.332
v1_lerobot_defaults,diffusion_n25_s50k,diffusion,25,50000,9600,0.016,0.408
v1_lerobot_defaults,diffusion_n25_s50k,diffusion,25,50000,9700,0.014,0.335
v1_lerobot_defaults,diffusion_n25_s50k,diffusion,25,50000,9800,0.015,0.346
v1_lerobot_defaults,diffusion_n25_s50k,diffusion,25,50000,9900,0.015,0.345
v1_lerobot_defaults,diffusion_n25_s50k,diffusion,25,50000,10000,0.016,0.366
v1_lerobot_defaults,diffusion_n25_s50k,diffusion,25,50000,10100,0.016,0.389
v1_lerobot_defaults,diffusion_n25_s50k,diffusion,25,50000,10200,0.015,0.339
v1_lerobot_defaults,diffusion_n25_s50k,diffusion,25,50000,10300,0.015,0.364
v1_lerobot_defaults,diffusion_n25_s50k,diffusion,25,50000,10400,0.014,0.327
v1_lerobot_defaults,diffusion_n25_s50k,diffusion,25,50000,10500,0.014,0.298
v1_lerobot_defaults,diffusion_n25_s50k,diffusion,25,50000,10600,0.014,0.338
v1_lerobot_defaults,diffusion_n25_s50k,diffusion,25,50000,10700,0.014,0.336
v1_lerobot_defaults,diffusion_n25_s50k,diffusion,25,50000,10800,0.015,0.351
v1_lerobot_defaults,diffusion_n25_s50k,diffusion,25,50000,10900,0.014,0.351
v1_lerobot_defaults,diffusion_n25_s50k,diffusion,25,50000,11000,0.014,0.335
v1_lerobot_defaults,diffusion_n25_s50k,diffusion,25,50000,11100,0.013,0.29
v1_lerobot_defaults,diffusion_n25_s50k,diffusion,25,50000,11200,0.016,0.337
v1_lerobot_defaults,diffusion_n25_s50k,diffusion,25,50000,11300,0.015,0.348
v1_lerobot_defaults,diffusion_n25_s50k,diffusion,25,50000,11400,0.013,0.32
v1_lerobot_defaults,diffusion_n25_s50k,diffusion,25,50000,11500,0.014,0.351
v1_lerobot_defaults,diffusion_n25_s50k,diffusion,25,50000,11600,0.014,0.344
v1_lerobot_defaults,diffusion_n25_s50k,diffusion,25,50000,11700,0.013,0.325
v1_lerobot_defaults,diffusion_n25_s50k,diffusion,25,50000,11800,0.014,0.346
v1_lerobot_defaults,diffusion_n25_s50k,diffusion,25,50000,11900,0.013,0.306
v1_lerobot_defaults,diffusion_n25_s50k,diffusion,25,50000,12000,0.013,0.29
v1_lerobot_defaults,diffusion_n25_s50k,diffusion,25,50000,12100,0.013,0.32
v1_lerobot_defaults,diffusion_n25_s50k,diffusion,25,50000,12200,0.013,0.31
v1_lerobot_defaults,diffusion_n25_s50k,diffusion,25,50000,12300,0.013,0.288
v1_lerobot_defaults,diffusion_n25_s50k,diffusion,25,50000,12400,0.012,0.294
v1_lerobot_defaults,diffusion_n25_s50k,diffusion,25,50000,12500,0.013,0.302
v1_lerobot_defaults,diffusion_n25_s50k,diffusion,25,50000,12600,0.012,0.294
v1_lerobot_defaults,diffusion_n25_s50k,diffusion,25,50000,12700,0.012,0.286
v1_lerobot_defaults,diffusion_n25_s50k,diffusion,25,50000,12800,0.013,0.326
v1_lerobot_defaults,diffusion_n25_s50k,diffusion,25,50000,12900,0.014,0.326
v1_lerobot_defaults,diffusion_n25_s50k,diffusion,25,50000,13000,0.013,0.297
v1_lerobot_defaults,diffusion_n25_s50k,diffusion,25,50000,13100,0.013,0.324
v1_lerobot_defaults,diffusion_n25_s50k,diffusion,25,50000,13200,0.012,0.304
v1_lerobot_defaults,diffusion_n25_s50k,diffusion,25,50000,13300,0.011,0.28
v1_lerobot_defaults,diffusion_n25_s50k,diffusion,25,50000,13400,0.013,0.328
v1_lerobot_defaults,diffusion_n25_s50k,diffusion,25,50000,13500,0.012,0.291
v1_lerobot_defaults,diffusion_n25_s50k,diffusion,25,50000,13600,0.012,0.298
v1_lerobot_defaults,diffusion_n25_s50k,diffusion,25,50000,13700,0.012,0.319
v1_lerobot_defaults,diffusion_n25_s50k,diffusion,25,50000,13800,0.012,0.301
v1_lerobot_defaults,diffusion_n25_s50k,diffusion,25,50000,13900,0.012,0.303
v1_lerobot_defaults,diffusion_n25_s50k,diffusion,25,50000,14000,0.011,0.293
v1_lerobot_defaults,diffusion_n25_s50k,diffusion,25,50000,14100,0.013,0.295
v1_lerobot_defaults,diffusion_n25_s50k,diffusion,25,50000,14200,0.013,0.327
v1_lerobot_defaults,diffusion_n25_s50k,diffusion,25,50000,14300,0.011,0.278
v1_lerobot_defaults,diffusion_n25_s50k,diffusion,25,50000,14400,0.013,0.324
v1_lerobot_defaults,diffusion_n25_s50k,diffusion,25,50000,14500,0.012,0.27
v1_lerobot_defaults,diffusion_n25_s50k,diffusion,25,50000,14600,0.011,0.296
v1_lerobot_defaults,diffusion_n25_s50k,diffusion,25,50000,14700,0.011,0.265
v1_lerobot_defaults,diffusion_n25_s50k,diffusion,25,50000,14800,0.011,0.307
v1_lerobot_defaults,diffusion_n25_s50k,diffusion,25,50000,14900,0.011,0.276
v1_lerobot_defaults,diffusion_n25_s50k,diffusion,25,50000,15000,0.011,0.289
v1_lerobot_defaults,diffusion_n25_s50k,diffusion,25,50000,15100,0.011,0.288
v1_lerobot_defaults,diffusion_n25_s50k,diffusion,25,50000,15200,0.011,0.301
v1_lerobot_defaults,diffusion_n25_s50k,diffusion,25,50000,15300,0.01,0.296
v1_lerobot_defaults,diffusion_n25_s50k,diffusion,25,50000,15400,0.011,0.314
v1_lerobot_defaults,diffusion_n25_s50k,diffusion,25,50000,15500,0.012,0.306
v1_lerobot_defaults,diffusion_n25_s50k,diffusion,25,50000,15600,0.012,0.302
v1_lerobot_defaults,diffusion_n25_s50k,diffusion,25,50000,15700,0.01,0.278
v1_lerobot_defaults,diffusion_n25_s50k,diffusion,25,50000,15800,0.011,0.274
v1_lerobot_defaults,diffusion_n25_s50k,diffusion,25,50000,15900,0.012,0.286
v1_lerobot_defaults,diffusion_n25_s50k,diffusion,25,50000,16000,0.011,0.282
v1_lerobot_defaults,diffusion_n25_s50k,diffusion,25,50000,16100,0.011,0.296
v1_lerobot_defaults,diffusion_n25_s50k,diffusion,25,50000,16200,0.011,0.295
v1_lerobot_defaults,diffusion_n25_s50k,diffusion,25,50000,16300,0.012,0.316
v1_lerobot_defaults,diffusion_n25_s50k,diffusion,25,50000,16400,0.011,0.25
v1_lerobot_defaults,diffusion_n25_s50k,diffusion,25,50000,16500,0.011,0.269
v1_lerobot_defaults,diffusion_n25_s50k,diffusion,25,50000,16600,0.012,0.296
v1_lerobot_defaults,diffusion_n25_s50k,diffusion,25,50000,16700,0.012,0.298
v1_lerobot_defaults,diffusion_n25_s50k,diffusion,25,50000,16800,0.011,0.275
v1_lerobot_defaults,diffusion_n25_s50k,diffusion,25,50000,16900,0.01,0.256
v1_lerobot_defaults,diffusion_n25_s50k,diffusion,25,50000,17000,0.01,0.291
v1_lerobot_defaults,diffusion_n25_s50k,diffusion,25,50000,17100,0.01,0.298
v1_lerobot_defaults,diffusion_n25_s50k,diffusion,25,50000,17200,0.01,0.284
v1_lerobot_defaults,diffusion_n25_s50k,diffusion,25,50000,17300,0.01,0.265
v1_lerobot_defaults,diffusion_n25_s50k,diffusion,25,50000,17400,0.009,0.28
v1_lerobot_defaults,diffusion_n25_s50k,diffusion,25,50000,17500,0.009,0.242
v1_lerobot_defaults,diffusion_n25_s50k,diffusion,25,50000,17600,0.01,0.274
v1_lerobot_defaults,diffusion_n25_s50k,diffusion,25,50000,17700,0.01,0.26
v1_lerobot_defaults,diffusion_n25_s50k,diffusion,25,50000,17800,0.01,0.27
v1_lerobot_defaults,diffusion_n25_s50k,diffusion,25,50000,17900,0.01,0.29
v1_lerobot_defaults,diffusion_n25_s50k,diffusion,25,50000,18000,0.01,0.266
v1_lerobot_defaults,diffusion_n25_s50k,diffusion,25,50000,18100,0.009,0.268
v1_lerobot_defaults,diffusion_n25_s50k,diffusion,25,50000,18200,0.01,0.267
v1_lerobot_defaults,diffusion_n25_s50k,diffusion,25,50000,18300,0.01,0.288
v1_lerobot_defaults,diffusion_n25_s50k,diffusion,25,50000,18400,0.009,0.243
v1_lerobot_defaults,diffusion_n25_s50k,diffusion,25,50000,18500,0.009,0.237
v1_lerobot_defaults,diffusion_n25_s50k,diffusion,25,50000,18600,0.009,0.262
v1_lerobot_defaults,diffusion_n25_s50k,diffusion,25,50000,18700,0.01,0.291
v1_lerobot_defaults,diffusion_n25_s50k,diffusion,25,50000,18800,0.011,0.3
v1_lerobot_defaults,diffusion_n25_s50k,diffusion,25,50000,18900,0.011,0.29
v1_lerobot_defaults,diffusion_n25_s50k,diffusion,25,50000,19000,0.009,0.259
v1_lerobot_defaults,diffusion_n25_s50k,diffusion,25,50000,19100,0.01,0.263
v1_lerobot_defaults,diffusion_n25_s50k,diffusion,25,50000,19200,0.009,0.27
v1_lerobot_defaults,diffusion_n25_s50k,diffusion,25,50000,19300,0.01,0.268
v1_lerobot_defaults,diffusion_n25_s50k,diffusion,25,50000,19400,0.011,0.295
v1_lerobot_defaults,diffusion_n25_s50k,diffusion,25,50000,19500,0.009,0.257
v1_lerobot_defaults,diffusion_n25_s50k,diffusion,25,50000,19600,0.009,0.266
v1_lerobot_defaults,diffusion_n25_s50k,diffusion,25,50000,19700,0.01,0.262
v1_lerobot_defaults,diffusion_n25_s50k,diffusion,25,50000,19800,0.009,0.293
v1_lerobot_defaults,diffusion_n25_s50k,diffusion,25,50000,19900,0.009,0.257
v1_lerobot_defaults,diffusion_n25_s50k,diffusion,25,50000,20000,0.009,0.253
v1_lerobot_defaults,diffusion_n25_s50k,diffusion,25,50000,20100,0.01,0.292
v1_lerobot_defaults,diffusion_n25_s50k,diffusion,25,50000,20200,0.01,0.273
v1_lerobot_defaults,diffusion_n25_s50k,diffusion,25,50000,20300,0.01,0.281
v1_lerobot_defaults,diffusion_n25_s50k,diffusion,25,50000,20400,0.009,0.292
v1_lerobot_defaults,diffusion_n25_s50k,diffusion,25,50000,20500,0.009,0.258
v1_lerobot_defaults,diffusion_n25_s50k,diffusion,25,50000,20600,0.009,0.255
v1_lerobot_defaults,diffusion_n25_s50k,diffusion,25,50000,20700,0.01,0.286
v1_lerobot_defaults,diffusion_n25_s50k,diffusion,25,50000,20800,0.008,0.221
v1_lerobot_defaults,diffusion_n25_s50k,diffusion,25,50000,20900,0.009,0.269
v1_lerobot_defaults,diffusion_n25_s50k,diffusion,25,50000,21000,0.008,0.26
v1_lerobot_defaults,diffusion_n25_s50k,diffusion,25,50000,21100,0.008,0.252
v1_lerobot_defaults,diffusion_n25_s50k,diffusion,25,50000,21200,0.009,0.265
v1_lerobot_defaults,diffusion_n25_s50k,diffusion,25,50000,21300,0.009,0.257
v1_lerobot_defaults,diffusion_n25_s50k,diffusion,25,50000,21400,0.009,0.272
v1_lerobot_defaults,diffusion_n25_s50k,diffusion,25,50000,21500,0.008,0.242
v1_lerobot_defaults,diffusion_n25_s50k,diffusion,25,50000,21600,0.009,0.248
v1_lerobot_defaults,diffusion_n25_s50k,diffusion,25,50000,21700,0.009,0.26
v1_lerobot_defaults,diffusion_n25_s50k,diffusion,25,50000,21800,0.009,0.253
v1_lerobot_defaults,diffusion_n25_s50k,diffusion,25,50000,21900,0.009,0.281
v1_lerobot_defaults,diffusion_n25_s50k,diffusion,25,50000,22000,0.009,0.293
v1_lerobot_defaults,diffusion_n25_s50k,diffusion,25,50000,22100,0.008,0.24
v1_lerobot_defaults,diffusion_n25_s50k,diffusion,25,50000,22200,0.008,0.245
v1_lerobot_defaults,diffusion_n25_s50k,diffusion,25,50000,22300,0.008,0.223
v1_lerobot_defaults,diffusion_n25_s50k,diffusion,25,50000,22400,0.008,0.253
v1_lerobot_defaults,diffusion_n25_s50k,diffusion,25,50000,22500,0.008,0.242
v1_lerobot_defaults,diffusion_n25_s50k,diffusion,25,50000,22600,0.008,0.241
v1_lerobot_defaults,diffusion_n25_s50k,diffusion,25,50000,22700,0.009,0.284
v1_lerobot_defaults,diffusion_n25_s50k,diffusion,25,50000,22800,0.009,0.27
v1_lerobot_defaults,diffusion_n25_s50k,diffusion,25,50000,22900,0.008,0.259
v1_lerobot_defaults,diffusion_n25_s50k,diffusion,25,50000,23000,0.007,0.218
v1_lerobot_defaults,diffusion_n25_s50k,diffusion,25,50000,23100,0.007,0.23
v1_lerobot_defaults,diffusion_n25_s50k,diffusion,25,50000,23200,0.008,0.27
v1_lerobot_defaults,diffusion_n25_s50k,diffusion,25,50000,23300,0.008,0.24
v1_lerobot_defaults,diffusion_n25_s50k,diffusion,25,50000,23400,0.008,0.251
v1_lerobot_defaults,diffusion_n25_s50k,diffusion,25,50000,23500,0.008,0.248
v1_lerobot_defaults,diffusion_n25_s50k,diffusion,25,50000,23600,0.007,0.248
v1_lerobot_defaults,diffusion_n25_s50k,diffusion,25,50000,23700,0.007,0.24
v1_lerobot_defaults,diffusion_n25_s50k,diffusion,25,50000,23800,0.007,0.228
v1_lerobot_defaults,diffusion_n25_s50k,diffusion,25,50000,23900,0.008,0.261
v1_lerobot_defaults,diffusion_n25_s50k,diffusion,25,50000,24000,0.009,0.257
v1_lerobot_defaults,diffusion_n25_s50k,diffusion,25,50000,24100,0.007,0.232
v1_lerobot_defaults,diffusion_n25_s50k,diffusion,25,50000,24200,0.007,0.236
v1_lerobot_defaults,diffusion_n25_s50k,diffusion,25,50000,24300,0.008,0.238
v1_lerobot_defaults,diffusion_n25_s50k,diffusion,25,50000,24400,0.007,0.245
v1_lerobot_defaults,diffusion_n25_s50k,diffusion,25,50000,24500,0.007,0.232
v1_lerobot_defaults,diffusion_n25_s50k,diffusion,25,50000,24600,0.008,0.246
v1_lerobot_defaults,diffusion_n25_s50k,diffusion,25,50000,24700,0.007,0.232
v1_lerobot_defaults,diffusion_n25_s50k,diffusion,25,50000,24800,0.008,0.262
v1_lerobot_defaults,diffusion_n25_s50k,diffusion,25,50000,24900,0.008,0.27
v1_lerobot_defaults,diffusion_n25_s50k,diffusion,25,50000,25000,0.007,0.241
v1_lerobot_defaults,diffusion_n25_s50k,diffusion,25,50000,25100,0.007,0.21
v1_lerobot_defaults,diffusion_n25_s50k,diffusion,25,50000,25200,0.007,0.236
v1_lerobot_defaults,diffusion_n25_s50k,diffusion,25,50000,25300,0.007,0.229
v1_lerobot_defaults,diffusion_n25_s50k,diffusion,25,50000,25400,0.008,0.257
v1_lerobot_defaults,diffusion_n25_s50k,diffusion,25,50000,25500,0.008,0.252
v1_lerobot_defaults,diffusion_n25_s50k,diffusion,25,50000,25600,0.007,0.24
v1_lerobot_defaults,diffusion_n25_s50k,diffusion,25,50000,25700,0.007,0.225
v1_lerobot_defaults,diffusion_n25_s50k,diffusion,25,50000,25800,0.007,0.229
v1_lerobot_defaults,diffusion_n25_s50k,diffusion,25,50000,25900,0.006,0.193
v1_lerobot_defaults,diffusion_n25_s50k,diffusion,25,50000,26000,0.007,0.245
v1_lerobot_defaults,diffusion_n25_s50k,diffusion,25,50000,26100,0.007,0.217
v1_lerobot_defaults,diffusion_n25_s50k,diffusion,25,50000,26200,0.007,0.24
v1_lerobot_defaults,diffusion_n25_s50k,diffusion,25,50000,26300,0.008,0.285
v1_lerobot_defaults,diffusion_n25_s50k,diffusion,25,50000,26400,0.006,0.233
v1_lerobot_defaults,diffusion_n25_s50k,diffusion,25,50000,26500,0.006,0.224
v1_lerobot_defaults,diffusion_n25_s50k,diffusion,25,50000,26600,0.006,0.21
v1_lerobot_defaults,diffusion_n25_s50k,diffusion,25,50000,26700,0.007,0.237
v1_lerobot_defaults,diffusion_n25_s50k,diffusion,25,50000,26800,0.007,0.249
v1_lerobot_defaults,diffusion_n25_s50k,diffusion,25,50000,26900,0.007,0.23
v1_lerobot_defaults,diffusion_n25_s50k,diffusion,25,50000,27000,0.007,0.243
v1_lerobot_defaults,diffusion_n25_s50k,diffusion,25,50000,27100,0.006,0.239
v1_lerobot_defaults,diffusion_n25_s50k,diffusion,25,50000,27200,0.007,0.25
v1_lerobot_defaults,diffusion_n25_s50k,diffusion,25,50000,27300,0.007,0.257
v1_lerobot_defaults,diffusion_n25_s50k,diffusion,25,50000,27400,0.007,0.227
v1_lerobot_defaults,diffusion_n25_s50k,diffusion,25,50000,27500,0.006,0.244
v1_lerobot_defaults,diffusion_n25_s50k,diffusion,25,50000,27600,0.006,0.202
v1_lerobot_defaults,diffusion_n25_s50k,diffusion,25,50000,27700,0.007,0.229
v1_lerobot_defaults,diffusion_n25_s50k,diffusion,25,50000,27800,0.006,0.247
v1_lerobot_defaults,diffusion_n25_s50k,diffusion,25,50000,27900,0.006,0.237
v1_lerobot_defaults,diffusion_n25_s50k,diffusion,25,50000,28000,0.006,0.222
v1_lerobot_defaults,diffusion_n25_s50k,diffusion,25,50000,28100,0.006,0.242
v1_lerobot_defaults,diffusion_n25_s50k,diffusion,25,50000,28200,0.007,0.225
v1_lerobot_defaults,diffusion_n25_s50k,diffusion,25,50000,28300,0.007,0.236
v1_lerobot_defaults,diffusion_n25_s50k,diffusion,25,50000,28400,0.007,0.226
v1_lerobot_defaults,diffusion_n25_s50k,diffusion,25,50000,28500,0.007,0.237
v1_lerobot_defaults,diffusion_n25_s50k,diffusion,25,50000,28600,0.006,0.216
v1_lerobot_defaults,diffusion_n25_s50k,diffusion,25,50000,28700,0.006,0.255
v1_lerobot_defaults,diffusion_n25_s50k,diffusion,25,50000,28800,0.006,0.237
v1_lerobot_defaults,diffusion_n25_s50k,diffusion,25,50000,28900,0.006,0.215
v1_lerobot_defaults,diffusion_n25_s50k,diffusion,25,50000,29000,0.006,0.216
v1_lerobot_defaults,diffusion_n25_s50k,diffusion,25,50000,29100,0.007,0.255
v1_lerobot_defaults,diffusion_n25_s50k,diffusion,25,50000,29200,0.007,0.263
v1_lerobot_defaults,diffusion_n25_s50k,diffusion,25,50000,29300,0.006,0.236
v1_lerobot_defaults,diffusion_n25_s50k,diffusion,25,50000,29400,0.006,0.208
v1_lerobot_defaults,diffusion_n25_s50k,diffusion,25,50000,29500,0.006,0.221
v1_lerobot_defaults,diffusion_n25_s50k,diffusion,25,50000,29600,0.006,0.239
v1_lerobot_defaults,diffusion_n25_s50k,diffusion,25,50000,29700,0.006,0.216
v1_lerobot_defaults,diffusion_n25_s50k,diffusion,25,50000,29800,0.005,0.203
v1_lerobot_defaults,diffusion_n25_s50k,diffusion,25,50000,29900,0.005,0.202
v1_lerobot_defaults,diffusion_n25_s50k,diffusion,25,50000,30000,0.007,0.232
v1_lerobot_defaults,diffusion_n25_s50k,diffusion,25,50000,30100,0.006,0.213
v1_lerobot_defaults,diffusion_n25_s50k,diffusion,25,50000,30200,0.005,0.217
v1_lerobot_defaults,diffusion_n25_s50k,diffusion,25,50000,30300,0.005,0.232
v1_lerobot_defaults,diffusion_n25_s50k,diffusion,25,50000,30400,0.005,0.206
v1_lerobot_defaults,diffusion_n25_s50k,diffusion,25,50000,30500,0.006,0.224
v1_lerobot_defaults,diffusion_n25_s50k,diffusion,25,50000,30600,0.006,0.246
v1_lerobot_defaults,diffusion_n25_s50k,diffusion,25,50000,30700,0.006,0.215
v1_lerobot_defaults,diffusion_n25_s50k,diffusion,25,50000,30800,0.005,0.211
v1_lerobot_defaults,diffusion_n25_s50k,diffusion,25,50000,30900,0.005,0.205
v1_lerobot_defaults,diffusion_n25_s50k,diffusion,25,50000,31000,0.005,0.235
v1_lerobot_defaults,diffusion_n25_s50k,diffusion,25,50000,31100,0.006,0.199
v1_lerobot_defaults,diffusion_n25_s50k,diffusion,25,50000,31200,0.005,0.201
v1_lerobot_defaults,diffusion_n25_s50k,diffusion,25,50000,31300,0.006,0.224
v1_lerobot_defaults,diffusion_n25_s50k,diffusion,25,50000,31400,0.006,0.227
v1_lerobot_defaults,diffusion_n25_s50k,diffusion,25,50000,31500,0.005,0.199
v1_lerobot_defaults,diffusion_n25_s50k,diffusion,25,50000,31600,0.005,0.199
v1_lerobot_defaults,diffusion_n25_s50k,diffusion,25,50000,31700,0.005,0.214
v1_lerobot_defaults,diffusion_n25_s50k,diffusion,25,50000,31800,0.006,0.216
v1_lerobot_defaults,diffusion_n25_s50k,diffusion,25,50000,31900,0.005,0.196
v1_lerobot_defaults,diffusion_n25_s50k,diffusion,25,50000,32000,0.005,0.204
v1_lerobot_defaults,diffusion_n25_s50k,diffusion,25,50000,32100,0.006,0.269
v1_lerobot_defaults,diffusion_n25_s50k,diffusion,25,50000,32200,0.005,0.21
v1_lerobot_defaults,diffusion_n25_s50k,diffusion,25,50000,32300,0.005,0.211
v1_lerobot_defaults,diffusion_n25_s50k,diffusion,25,50000,32400,0.005,0.197
v1_lerobot_defaults,diffusion_n25_s50k,diffusion,25,50000,32500,0.005,0.215
v1_lerobot_defaults,diffusion_n25_s50k,diffusion,25,50000,32600,0.005,0.212
v1_lerobot_defaults,diffusion_n25_s50k,diffusion,25,50000,32700,0.004,0.186
v1_lerobot_defaults,diffusion_n25_s50k,diffusion,25,50000,32800,0.005,0.211
v1_lerobot_defaults,diffusion_n25_s50k,diffusion,25,50000,32900,0.004,0.208
v1_lerobot_defaults,diffusion_n25_s50k,diffusion,25,50000,33000,0.005,0.224
v1_lerobot_defaults,diffusion_n25_s50k,diffusion,25,50000,33100,0.005,0.198
v1_lerobot_defaults,diffusion_n25_s50k,diffusion,25,50000,33200,0.006,0.237
v1_lerobot_defaults,diffusion_n25_s50k,diffusion,25,50000,33300,0.004,0.196
v1_lerobot_defaults,diffusion_n25_s50k,diffusion,25,50000,33400,0.005,0.218
v1_lerobot_defaults,diffusion_n25_s50k,diffusion,25,50000,33500,0.005,0.216
v1_lerobot_defaults,diffusion_n25_s50k,diffusion,25,50000,33600,0.005,0.227
v1_lerobot_defaults,diffusion_n25_s50k,diffusion,25,50000,33700,0.005,0.206
v1_lerobot_defaults,diffusion_n25_s50k,diffusion,25,50000,33800,0.006,0.228
v1_lerobot_defaults,diffusion_n25_s50k,diffusion,25,50000,33900,0.004,0.197
v1_lerobot_defaults,diffusion_n25_s50k,diffusion,25,50000,34000,0.004,0.175
v1_lerobot_defaults,diffusion_n25_s50k,diffusion,25,50000,34100,0.005,0.236
v1_lerobot_defaults,diffusion_n25_s50k,diffusion,25,50000,34200,0.005,0.231
v1_lerobot_defaults,diffusion_n25_s50k,diffusion,25,50000,34300,0.005,0.203
v1_lerobot_defaults,diffusion_n25_s50k,diffusion,25,50000,34400,0.005,0.206
v1_lerobot_defaults,diffusion_n25_s50k,diffusion,25,50000,34500,0.004,0.209
v1_lerobot_defaults,diffusion_n25_s50k,diffusion,25,50000,34600,0.004,0.198
v1_lerobot_defaults,diffusion_n25_s50k,diffusion,25,50000,34700,0.005,0.209
v1_lerobot_defaults,diffusion_n25_s50k,diffusion,25,50000,34800,0.004,0.207
v1_lerobot_defaults,diffusion_n25_s50k,diffusion,25,50000,34900,0.004,0.189
v1_lerobot_defaults,diffusion_n25_s50k,diffusion,25,50000,35000,0.004,0.183
v1_lerobot_defaults,diffusion_n25_s50k,diffusion,25,50000,35100,0.004,0.194
v1_lerobot_defaults,diffusion_n25_s50k,diffusion,25,50000,35200,0.004,0.195
v1_lerobot_defaults,diffusion_n25_s50k,diffusion,25,50000,35300,0.004,0.204
v1_lerobot_defaults,diffusion_n25_s50k,diffusion,25,50000,35400,0.005,0.22
v1_lerobot_defaults,diffusion_n25_s50k,diffusion,25,50000,35500,0.004,0.174
v1_lerobot_defaults,diffusion_n25_s50k,diffusion,25,50000,35600,0.005,0.205
v1_lerobot_defaults,diffusion_n25_s50k,diffusion,25,50000,35700,0.004,0.191
v1_lerobot_defaults,diffusion_n25_s50k,diffusion,25,50000,35800,0.003,0.166
v1_lerobot_defaults,diffusion_n25_s50k,diffusion,25,50000,35900,0.004,0.183
v1_lerobot_defaults,diffusion_n25_s50k,diffusion,25,50000,36000,0.004,0.197
v1_lerobot_defaults,diffusion_n25_s50k,diffusion,25,50000,36100,0.004,0.178
v1_lerobot_defaults,diffusion_n25_s50k,diffusion,25,50000,36200,0.005,0.22
v1_lerobot_defaults,diffusion_n25_s50k,diffusion,25,50000,36300,0.004,0.194
v1_lerobot_defaults,diffusion_n25_s50k,diffusion,25,50000,36400,0.004,0.206
v1_lerobot_defaults,diffusion_n25_s50k,diffusion,25,50000,36500,0.004,0.21
v1_lerobot_defaults,diffusion_n25_s50k,diffusion,25,50000,36600,0.004,0.212
v1_lerobot_defaults,diffusion_n25_s50k,diffusion,25,50000,36700,0.004,0.197
v1_lerobot_defaults,diffusion_n25_s50k,diffusion,25,50000,36800,0.004,0.192
v1_lerobot_defaults,diffusion_n25_s50k,diffusion,25,50000,36900,0.004,0.2
v1_lerobot_defaults,diffusion_n25_s50k,diffusion,25,50000,37000,0.004,0.207
v1_lerobot_defaults,diffusion_n25_s50k,diffusion,25,50000,37100,0.004,0.188
v1_lerobot_defaults,diffusion_n25_s50k,diffusion,25,50000,37200,0.004,0.214
v1_lerobot_defaults,diffusion_n25_s50k,diffusion,25,50000,37300,0.004,0.185
v1_lerobot_defaults,diffusion_n25_s50k,diffusion,25,50000,37400,0.004,0.205
v1_lerobot_defaults,diffusion_n25_s50k,diffusion,25,50000,37500,0.004,0.171
v1_lerobot_defaults,diffusion_n25_s50k,diffusion,25,50000,37600,0.004,0.169
v1_lerobot_defaults,diffusion_n25_s50k,diffusion,25,50000,37700,0.003,0.183
v1_lerobot_defaults,diffusion_n25_s50k,diffusion,25,50000,37800,0.004,0.207
v1_lerobot_defaults,diffusion_n25_s50k,diffusion,25,50000,37900,0.004,0.196
v1_lerobot_defaults,diffusion_n25_s50k,diffusion,25,50000,38000,0.004,0.18
v1_lerobot_defaults,diffusion_n25_s50k,diffusion,25,50000,38100,0.003,0.172
v1_lerobot_defaults,diffusion_n25_s50k,diffusion,25,50000,38200,0.004,0.178
v1_lerobot_defaults,diffusion_n25_s50k,diffusion,25,50000,38300,0.004,0.185
v1_lerobot_defaults,diffusion_n25_s50k,diffusion,25,50000,38400,0.004,0.208
v1_lerobot_defaults,diffusion_n25_s50k,diffusion,25,50000,38500,0.004,0.171
v1_lerobot_defaults,diffusion_n25_s50k,diffusion,25,50000,38600,0.004,0.191
v1_lerobot_defaults,diffusion_n25_s50k,diffusion,25,50000,38700,0.004,0.197
v1_lerobot_defaults,diffusion_n25_s50k,diffusion,25,50000,38800,0.004,0.186
v1_lerobot_defaults,diffusion_n25_s50k,diffusion,25,50000,38900,0.003,0.179
v1_lerobot_defaults,diffusion_n25_s50k,diffusion,25,50000,39000,0.003,0.162
v1_lerobot_defaults,diffusion_n25_s50k,diffusion,25,50000,39100,0.003,0.175
v1_lerobot_defaults,diffusion_n25_s50k,diffusion,25,50000,39200,0.003,0.176
v1_lerobot_defaults,diffusion_n25_s50k,diffusion,25,50000,39300,0.004,0.19
v1_lerobot_defaults,diffusion_n25_s50k,diffusion,25,50000,39400,0.003,0.172
v1_lerobot_defaults,diffusion_n25_s50k,diffusion,25,50000,39500,0.003,0.168
v1_lerobot_defaults,diffusion_n25_s50k,diffusion,25,50000,39600,0.003,0.156
v1_lerobot_defaults,diffusion_n25_s50k,diffusion,25,50000,39700,0.003,0.182
v1_lerobot_defaults,diffusion_n25_s50k,diffusion,25,50000,39800,0.003,0.154
v1_lerobot_defaults,diffusion_n25_s50k,diffusion,25,50000,39900,0.003,0.193
v1_lerobot_defaults,diffusion_n25_s50k,diffusion,25,50000,40000,0.003,0.17
v1_lerobot_defaults,diffusion_n25_s50k,diffusion,25,50000,40100,0.003,0.17
v1_lerobot_defaults,diffusion_n25_s50k,diffusion,25,50000,40200,0.003,0.167
v1_lerobot_defaults,diffusion_n25_s50k,diffusion,25,50000,40300,0.003,0.171
v1_lerobot_defaults,diffusion_n25_s50k,diffusion,25,50000,40400,0.003,0.169
v1_lerobot_defaults,diffusion_n25_s50k,diffusion,25,50000,40500,0.003,0.164
v1_lerobot_defaults,diffusion_n25_s50k,diffusion,25,50000,40600,0.003,0.173
v1_lerobot_defaults,diffusion_n25_s50k,diffusion,25,50000,40700,0.003,0.161
v1_lerobot_defaults,diffusion_n25_s50k,diffusion,25,50000,40800,0.003,0.167
v1_lerobot_defaults,diffusion_n25_s50k,diffusion,25,50000,40900,0.003,0.17
v1_lerobot_defaults,diffusion_n25_s50k,diffusion,25,50000,41000,0.003,0.179
v1_lerobot_defaults,diffusion_n25_s50k,diffusion,25,50000,41100,0.003,0.181
v1_lerobot_defaults,diffusion_n25_s50k,diffusion,25,50000,41200,0.003,0.161
v1_lerobot_defaults,diffusion_n25_s50k,diffusion,25,50000,41300,0.003,0.186
v1_lerobot_defaults,diffusion_n25_s50k,diffusion,25,50000,41400,0.004,0.195
v1_lerobot_defaults,diffusion_n25_s50k,diffusion,25,50000,41500,0.003,0.187
v1_lerobot_defaults,diffusion_n25_s50k,diffusion,25,50000,41600,0.003,0.185
v1_lerobot_defaults,diffusion_n25_s50k,diffusion,25,50000,41700,0.003,0.154
v1_lerobot_defaults,diffusion_n25_s50k,diffusion,25,50000,41800,0.003,0.163
v1_lerobot_defaults,diffusion_n25_s50k,diffusion,25,50000,41900,0.003,0.174
v1_lerobot_defaults,diffusion_n25_s50k,diffusion,25,50000,42000,0.003,0.16
v1_lerobot_defaults,diffusion_n25_s50k,diffusion,25,50000,42100,0.003,0.153
v1_lerobot_defaults,diffusion_n25_s50k,diffusion,25,50000,42200,0.003,0.171
v1_lerobot_defaults,diffusion_n25_s50k,diffusion,25,50000,42300,0.003,0.173
v1_lerobot_defaults,diffusion_n25_s50k,diffusion,25,50000,42400,0.003,0.16
v1_lerobot_defaults,diffusion_n25_s50k,diffusion,25,50000,42500,0.003,0.157
v1_lerobot_defaults,diffusion_n25_s50k,diffusion,25,50000,42600,0.003,0.164
v1_lerobot_defaults,diffusion_n25_s50k,diffusion,25,50000,42700,0.003,0.171
v1_lerobot_defaults,diffusion_n25_s50k,diffusion,25,50000,42800,0.003,0.146
v1_lerobot_defaults,diffusion_n25_s50k,diffusion,25,50000,42900,0.003,0.16
v1_lerobot_defaults,diffusion_n25_s50k,diffusion,25,50000,43000,0.003,0.17
v1_lerobot_defaults,diffusion_n25_s50k,diffusion,25,50000,43100,0.003,0.165
v1_lerobot_defaults,diffusion_n25_s50k,diffusion,25,50000,43200,0.003,0.164
v1_lerobot_defaults,diffusion_n25_s50k,diffusion,25,50000,43300,0.003,0.164
v1_lerobot_defaults,diffusion_n25_s50k,diffusion,25,50000,43400,0.003,0.161
v1_lerobot_defaults,diffusion_n25_s50k,diffusion,25,50000,43500,0.003,0.149
v1_lerobot_defaults,diffusion_n25_s50k,diffusion,25,50000,43600,0.003,0.174
v1_lerobot_defaults,diffusion_n25_s50k,diffusion,25,50000,43700,0.002,0.147
v1_lerobot_defaults,diffusion_n25_s50k,diffusion,25,50000,43800,0.003,0.163
v1_lerobot_defaults,diffusion_n25_s50k,diffusion,25,50000,43900,0.003,0.148
v1_lerobot_defaults,diffusion_n25_s50k,diffusion,25,50000,44000,0.002,0.16
v1_lerobot_defaults,diffusion_n25_s50k,diffusion,25,50000,44100,0.003,0.158
v1_lerobot_defaults,diffusion_n25_s50k,diffusion,25,50000,44200,0.002,0.14
v1_lerobot_defaults,diffusion_n25_s50k,diffusion,25,50000,44300,0.003,0.165
v1_lerobot_defaults,diffusion_n25_s50k,diffusion,25,50000,44400,0.002,0.143
v1_lerobot_defaults,diffusion_n25_s50k,diffusion,25,50000,44500,0.003,0.147
v1_lerobot_defaults,diffusion_n25_s50k,diffusion,25,50000,44600,0.003,0.145
v1_lerobot_defaults,diffusion_n25_s50k,diffusion,25,50000,44700,0.002,0.139
v1_lerobot_defaults,diffusion_n25_s50k,diffusion,25,50000,44800,0.003,0.154
v1_lerobot_defaults,diffusion_n25_s50k,diffusion,25,50000,44900,0.003,0.156
v1_lerobot_defaults,diffusion_n25_s50k,diffusion,25,50000,45000,0.003,0.16
v1_lerobot_defaults,diffusion_n25_s50k,diffusion,25,50000,45100,0.003,0.159
v1_lerobot_defaults,diffusion_n25_s50k,diffusion,25,50000,45200,0.003,0.148
v1_lerobot_defaults,diffusion_n25_s50k,diffusion,25,50000,45300,0.002,0.134
v1_lerobot_defaults,diffusion_n25_s50k,diffusion,25,50000,45400,0.002,0.145
v1_lerobot_defaults,diffusion_n25_s50k,diffusion,25,50000,45500,0.003,0.165
v1_lerobot_defaults,diffusion_n25_s50k,diffusion,25,50000,45600,0.002,0.144
v1_lerobot_defaults,diffusion_n25_s50k,diffusion,25,50000,45700,0.003,0.168
v1_lerobot_defaults,diffusion_n25_s50k,diffusion,25,50000,45800,0.003,0.164
v1_lerobot_defaults,diffusion_n25_s50k,diffusion,25,50000,45900,0.003,0.168
v1_lerobot_defaults,diffusion_n25_s50k,diffusion,25,50000,46000,0.003,0.157
v1_lerobot_defaults,diffusion_n25_s50k,diffusion,25,50000,46100,0.003,0.158
v1_lerobot_defaults,diffusion_n25_s50k,diffusion,25,50000,46200,0.003,0.146
v1_lerobot_defaults,diffusion_n25_s50k,diffusion,25,50000,46300,0.003,0.15
v1_lerobot_defaults,diffusion_n25_s50k,diffusion,25,50000,46400,0.002,0.144
v1_lerobot_defaults,diffusion_n25_s50k,diffusion,25,50000,46500,0.002,0.144
v1_lerobot_defaults,diffusion_n25_s50k,diffusion,25,50000,46600,0.002,0.133
v1_lerobot_defaults,diffusion_n25_s50k,diffusion,25,50000,46700,0.003,0.148
v1_lerobot_defaults,diffusion_n25_s50k,diffusion,25,50000,46800,0.002,0.141
v1_lerobot_defaults,diffusion_n25_s50k,diffusion,25,50000,46900,0.002,0.15
v1_lerobot_defaults,diffusion_n25_s50k,diffusion,25,50000,47000,0.002,0.139
v1_lerobot_defaults,diffusion_n25_s50k,diffusion,25,50000,47100,0.002,0.146
v1_lerobot_defaults,diffusion_n25_s50k,diffusion,25,50000,47200,0.002,0.149
v1_lerobot_defaults,diffusion_n25_s50k,diffusion,25,50000,47300,0.002,0.131
v1_lerobot_defaults,diffusion_n25_s50k,diffusion,25,50000,47400,0.002,0.137
v1_lerobot_defaults,diffusion_n25_s50k,diffusion,25,50000,47500,0.002,0.136
v1_lerobot_defaults,diffusion_n25_s50k,diffusion,25,50000,47600,0.002,0.139
v1_lerobot_defaults,diffusion_n25_s50k,diffusion,25,50000,47700,0.002,0.128
v1_lerobot_defaults,diffusion_n25_s50k,diffusion,25,50000,47800,0.002,0.131
v1_lerobot_defaults,diffusion_n25_s50k,diffusion,25,50000,47900,0.003,0.151
v1_lerobot_defaults,diffusion_n25_s50k,diffusion,25,50000,48000,0.002,0.145
v1_lerobot_defaults,diffusion_n25_s50k,diffusion,25,50000,48100,0.003,0.155
v1_lerobot_defaults,diffusion_n25_s50k,diffusion,25,50000,48200,0.002,0.144
v1_lerobot_defaults,diffusion_n25_s50k,diffusion,25,50000,48300,0.002,0.138
v1_lerobot_defaults,diffusion_n25_s50k,diffusion,25,50000,48400,0.003,0.152
v1_lerobot_defaults,diffusion_n25_s50k,diffusion,25,50000,48500,0.002,0.138
v1_lerobot_defaults,diffusion_n25_s50k,diffusion,25,50000,48600,0.002,0.147
v1_lerobot_defaults,diffusion_n25_s50k,diffusion,25,50000,48700,0.002,0.127
v1_lerobot_defaults,diffusion_n25_s50k,diffusion,25,50000,48800,0.002,0.142
v1_lerobot_defaults,diffusion_n25_s50k,diffusion,25,50000,48900,0.003,0.151
v1_lerobot_defaults,diffusion_n25_s50k,diffusion,25,50000,49000,0.003,0.141
v1_lerobot_defaults,diffusion_n25_s50k,diffusion,25,50000,49100,0.003,0.145
v1_lerobot_defaults,diffusion_n25_s50k,diffusion,25,50000,49200,0.002,0.135
v1_lerobot_defaults,diffusion_n25_s50k,diffusion,25,50000,49300,0.002,0.133
v1_lerobot_defaults,diffusion_n25_s50k,diffusion,25,50000,49400,0.002,0.143
v1_lerobot_defaults,diffusion_n25_s50k,diffusion,25,50000,49500,0.003,0.138
v1_lerobot_defaults,diffusion_n25_s50k,diffusion,25,50000,49600,0.002,0.139
v1_lerobot_defaults,diffusion_n25_s50k,diffusion,25,50000,49700,0.002,0.135
v1_lerobot_defaults,diffusion_n25_s50k,diffusion,25,50000,49800,0.002,0.132
v1_lerobot_defaults,diffusion_n25_s50k,diffusion,25,50000,49900,0.002,0.144
v1_lerobot_defaults,diffusion_n25_s50k,diffusion,25,50000,50000,0.002,0.125
v1_lerobot_defaults,diffusion_n25_s5k,diffusion,25,5000,100,0.748,5.561
v1_lerobot_defaults,diffusion_n25_s5k,diffusion,25,5000,200,0.173,4.348
v1_lerobot_defaults,diffusion_n25_s5k,diffusion,25,5000,300,0.115,3.109
v1_lerobot_defaults,diffusion_n25_s5k,diffusion,25,5000,400,0.09,2.3
v1_lerobot_defaults,diffusion_n25_s5k,diffusion,25,5000,500,0.08,2.02
v1_lerobot_defaults,diffusion_n25_s5k,diffusion,25,5000,600,0.063,1.454
v1_lerobot_defaults,diffusion_n25_s5k,diffusion,25,5000,700,0.054,1.279
v1_lerobot_defaults,diffusion_n25_s5k,diffusion,25,5000,800,0.05,1.273
v1_lerobot_defaults,diffusion_n25_s5k,diffusion,25,5000,900,0.044,1.042
v1_lerobot_defaults,diffusion_n25_s5k,diffusion,25,5000,1000,0.043,1.039
v1_lerobot_defaults,diffusion_n25_s5k,diffusion,25,5000,1100,0.04,0.977
v1_lerobot_defaults,diffusion_n25_s5k,diffusion,25,5000,1200,0.041,1.098
v1_lerobot_defaults,diffusion_n25_s5k,diffusion,25,5000,1300,0.034,0.833
v1_lerobot_defaults,diffusion_n25_s5k,diffusion,25,5000,1400,0.032,0.809
v1_lerobot_defaults,diffusion_n25_s5k,diffusion,25,5000,1500,0.034,0.87
v1_lerobot_defaults,diffusion_n25_s5k,diffusion,25,5000,1600,0.029,0.694
v1_lerobot_defaults,diffusion_n25_s5k,diffusion,25,5000,1700,0.031,0.73
v1_lerobot_defaults,diffusion_n25_s5k,diffusion,25,5000,1800,0.029,0.727
v1_lerobot_defaults,diffusion_n25_s5k,diffusion,25,5000,1900,0.028,0.722
v1_lerobot_defaults,diffusion_n25_s5k,diffusion,25,5000,2000,0.029,0.726
v1_lerobot_defaults,diffusion_n25_s5k,diffusion,25,5000,2100,0.029,0.742
v1_lerobot_defaults,diffusion_n25_s5k,diffusion,25,5000,2200,0.025,0.621
v1_lerobot_defaults,diffusion_n25_s5k,diffusion,25,5000,2300,0.025,0.621
v1_lerobot_defaults,diffusion_n25_s5k,diffusion,25,5000,2400,0.025,0.657
v1_lerobot_defaults,diffusion_n25_s5k,diffusion,25,5000,2500,0.025,0.635
v1_lerobot_defaults,diffusion_n25_s5k,diffusion,25,5000,2600,0.022,0.596
v1_lerobot_defaults,diffusion_n25_s5k,diffusion,25,5000,2700,0.024,0.632
v1_lerobot_defaults,diffusion_n25_s5k,diffusion,25,5000,2800,0.021,0.571
v1_lerobot_defaults,diffusion_n25_s5k,diffusion,25,5000,2900,0.021,0.558
v1_lerobot_defaults,diffusion_n25_s5k,diffusion,25,5000,3000,0.022,0.59
v1_lerobot_defaults,diffusion_n25_s5k,diffusion,25,5000,3100,0.02,0.556
v1_lerobot_defaults,diffusion_n25_s5k,diffusion,25,5000,3200,0.02,0.601
v1_lerobot_defaults,diffusion_n25_s5k,diffusion,25,5000,3300,0.019,0.637
v1_lerobot_defaults,diffusion_n25_s5k,diffusion,25,5000,3400,0.018,0.597
v1_lerobot_defaults,diffusion_n25_s5k,diffusion,25,5000,3500,0.018,0.523
v1_lerobot_defaults,diffusion_n25_s5k,diffusion,25,5000,3600,0.018,0.502
v1_lerobot_defaults,diffusion_n25_s5k,diffusion,25,5000,3700,0.016,0.454
v1_lerobot_defaults,diffusion_n25_s5k,diffusion,25,5000,3800,0.017,0.463
v1_lerobot_defaults,diffusion_n25_s5k,diffusion,25,5000,3900,0.016,0.496
v1_lerobot_defaults,diffusion_n25_s5k,diffusion,25,5000,4000,0.015,0.439
v1_lerobot_defaults,diffusion_n25_s5k,diffusion,25,5000,4100,0.015,0.429
v1_lerobot_defaults,diffusion_n25_s5k,diffusion,25,5000,4200,0.013,0.394
v1_lerobot_defaults,diffusion_n25_s5k,diffusion,25,5000,4300,0.013,0.396
v1_lerobot_defaults,diffusion_n25_s5k,diffusion,25,5000,4400,0.013,0.385
v1_lerobot_defaults,diffusion_n25_s5k,diffusion,25,5000,4500,0.013,0.403
v1_lerobot_defaults,diffusion_n25_s5k,diffusion,25,5000,4600,0.013,0.374
v1_lerobot_defaults,diffusion_n25_s5k,diffusion,25,5000,4700,0.012,0.356
v1_lerobot_defaults,diffusion_n25_s5k,diffusion,25,5000,4800,0.012,0.326
v1_lerobot_defaults,diffusion_n25_s5k,diffusion,25,5000,4900,0.012,0.332
v1_lerobot_defaults,diffusion_n25_s5k,diffusion,25,5000,5000,0.011,0.317
v1_lerobot_defaults,diffusion_n50_s20k,diffusion,50,20000,100,0.747,5.598
v1_lerobot_defaults,diffusion_n50_s20k,diffusion,50,20000,200,0.168,4.112
v1_lerobot_defaults,diffusion_n50_s20k,diffusion,50,20000,300,0.116,3.265
v1_lerobot_defaults,diffusion_n50_s20k,diffusion,50,20000,400,0.091,2.342
v1_lerobot_defaults,diffusion_n50_s20k,diffusion,50,20000,500,0.08,1.883
v1_lerobot_defaults,diffusion_n50_s20k,diffusion,50,20000,600,0.065,1.54
v1_lerobot_defaults,diffusion_n50_s20k,diffusion,50,20000,700,0.057,1.31
v1_lerobot_defaults,diffusion_n50_s20k,diffusion,50,20000,800,0.049,1.2
v1_lerobot_defaults,diffusion_n50_s20k,diffusion,50,20000,900,0.044,1.058
v1_lerobot_defaults,diffusion_n50_s20k,diffusion,50,20000,1000,0.043,1.026
v1_lerobot_defaults,diffusion_n50_s20k,diffusion,50,20000,1100,0.041,1.031
v1_lerobot_defaults,diffusion_n50_s20k,diffusion,50,20000,1200,0.039,1.054
v1_lerobot_defaults,diffusion_n50_s20k,diffusion,50,20000,1300,0.037,0.939
v1_lerobot_defaults,diffusion_n50_s20k,diffusion,50,20000,1400,0.034,0.854
v1_lerobot_defaults,diffusion_n50_s20k,diffusion,50,20000,1500,0.035,0.794
v1_lerobot_defaults,diffusion_n50_s20k,diffusion,50,20000,1600,0.031,0.797
v1_lerobot_defaults,diffusion_n50_s20k,diffusion,50,20000,1700,0.033,0.778
v1_lerobot_defaults,diffusion_n50_s20k,diffusion,50,20000,1800,0.033,0.748
v1_lerobot_defaults,diffusion_n50_s20k,diffusion,50,20000,1900,0.03,0.666
v1_lerobot_defaults,diffusion_n50_s20k,diffusion,50,20000,2000,0.03,0.682
v1_lerobot_defaults,diffusion_n50_s20k,diffusion,50,20000,2100,0.03,0.764
v1_lerobot_defaults,diffusion_n50_s20k,diffusion,50,20000,2200,0.028,0.608
v1_lerobot_defaults,diffusion_n50_s20k,diffusion,50,20000,2300,0.03,0.687
v1_lerobot_defaults,diffusion_n50_s20k,diffusion,50,20000,2400,0.028,0.62
v1_lerobot_defaults,diffusion_n50_s20k,diffusion,50,20000,2500,0.029,0.661
v1_lerobot_defaults,diffusion_n50_s20k,diffusion,50,20000,2600,0.027,0.614
v1_lerobot_defaults,diffusion_n50_s20k,diffusion,50,20000,2700,0.028,0.62
v1_lerobot_defaults,diffusion_n50_s20k,diffusion,50,20000,2800,0.026,0.591
v1_lerobot_defaults,diffusion_n50_s20k,diffusion,50,20000,2900,0.027,0.619
v1_lerobot_defaults,diffusion_n50_s20k,diffusion,50,20000,3000,0.027,0.602
v1_lerobot_defaults,diffusion_n50_s20k,diffusion,50,20000,3100,0.026,0.597
v1_lerobot_defaults,diffusion_n50_s20k,diffusion,50,20000,3200,0.027,0.563
v1_lerobot_defaults,diffusion_n50_s20k,diffusion,50,20000,3300,0.025,0.561
v1_lerobot_defaults,diffusion_n50_s20k,diffusion,50,20000,3400,0.024,0.522
v1_lerobot_defaults,diffusion_n50_s20k,diffusion,50,20000,3500,0.025,0.521
v1_lerobot_defaults,diffusion_n50_s20k,diffusion,50,20000,3600,0.026,0.596
v1_lerobot_defaults,diffusion_n50_s20k,diffusion,50,20000,3700,0.024,0.506
v1_lerobot_defaults,diffusion_n50_s20k,diffusion,50,20000,3800,0.026,0.611
v1_lerobot_defaults,diffusion_n50_s20k,diffusion,50,20000,3900,0.023,0.513
v1_lerobot_defaults,diffusion_n50_s20k,diffusion,50,20000,4000,0.023,0.524
v1_lerobot_defaults,diffusion_n50_s20k,diffusion,50,20000,4100,0.024,0.528
v1_lerobot_defaults,diffusion_n50_s20k,diffusion,50,20000,4200,0.023,0.49
v1_lerobot_defaults,diffusion_n50_s20k,diffusion,50,20000,4300,0.023,0.457
v1_lerobot_defaults,diffusion_n50_s20k,diffusion,50,20000,4400,0.023,0.469
v1_lerobot_defaults,diffusion_n50_s20k,diffusion,50,20000,4500,0.023,0.48
v1_lerobot_defaults,diffusion_n50_s20k,diffusion,50,20000,4600,0.023,0.478
v1_lerobot_defaults,diffusion_n50_s20k,diffusion,50,20000,4700,0.021,0.449
v1_lerobot_defaults,diffusion_n50_s20k,diffusion,50,20000,4800,0.021,0.474
v1_lerobot_defaults,diffusion_n50_s20k,diffusion,50,20000,4900,0.02,0.426
v1_lerobot_defaults,diffusion_n50_s20k,diffusion,50,20000,5000,0.02,0.428
v1_lerobot_defaults,diffusion_n50_s20k,diffusion,50,20000,5100,0.022,0.447
v1_lerobot_defaults,diffusion_n50_s20k,diffusion,50,20000,5200,0.02,0.462
v1_lerobot_defaults,diffusion_n50_s20k,diffusion,50,20000,5300,0.02,0.416
v1_lerobot_defaults,diffusion_n50_s20k,diffusion,50,20000,5400,0.021,0.511
v1_lerobot_defaults,diffusion_n50_s20k,diffusion,50,20000,5500,0.022,0.463
v1_lerobot_defaults,diffusion_n50_s20k,diffusion,50,20000,5600,0.022,0.451
v1_lerobot_defaults,diffusion_n50_s20k,diffusion,50,20000,5700,0.02,0.426
v1_lerobot_defaults,diffusion_n50_s20k,diffusion,50,20000,5800,0.02,0.406
v1_lerobot_defaults,diffusion_n50_s20k,diffusion,50,20000,5900,0.02,0.396
v1_lerobot_defaults,diffusion_n50_s20k,diffusion,50,20000,6000,0.02,0.449
v1_lerobot_defaults,diffusion_n50_s20k,diffusion,50,20000,6100,0.02,0.398
v1_lerobot_defaults,diffusion_n50_s20k,diffusion,50,20000,6200,0.018,0.396
v1_lerobot_defaults,diffusion_n50_s20k,diffusion,50,20000,6300,0.02,0.409
v1_lerobot_defaults,diffusion_n50_s20k,diffusion,50,20000,6400,0.02,0.453
v1_lerobot_defaults,diffusion_n50_s20k,diffusion,50,20000,6500,0.018,0.376
v1_lerobot_defaults,diffusion_n50_s20k,diffusion,50,20000,6600,0.019,0.408
v1_lerobot_defaults,diffusion_n50_s20k,diffusion,50,20000,6700,0.02,0.412
v1_lerobot_defaults,diffusion_n50_s20k,diffusion,50,20000,6800,0.019,0.41
v1_lerobot_defaults,diffusion_n50_s20k,diffusion,50,20000,6900,0.019,0.42
v1_lerobot_defaults,diffusion_n50_s20k,diffusion,50,20000,7000,0.019,0.42
v1_lerobot_defaults,diffusion_n50_s20k,diffusion,50,20000,7100,0.019,0.406
v1_lerobot_defaults,diffusion_n50_s20k,diffusion,50,20000,7200,0.019,0.432
v1_lerobot_defaults,diffusion_n50_s20k,diffusion,50,20000,7300,0.018,0.388
v1_lerobot_defaults,diffusion_n50_s20k,diffusion,50,20000,7400,0.018,0.382
v1_lerobot_defaults,diffusion_n50_s20k,diffusion,50,20000,7500,0.018,0.397
v1_lerobot_defaults,diffusion_n50_s20k,diffusion,50,20000,7600,0.019,0.396
v1_lerobot_defaults,diffusion_n50_s20k,diffusion,50,20000,7700,0.017,0.358
v1_lerobot_defaults,diffusion_n50_s20k,diffusion,50,20000,7800,0.016,0.345
v1_lerobot_defaults,diffusion_n50_s20k,diffusion,50,20000,7900,0.017,0.367
v1_lerobot_defaults,diffusion_n50_s20k,diffusion,50,20000,8000,0.017,0.376
v1_lerobot_defaults,diffusion_n50_s20k,diffusion,50,20000,8100,0.017,0.449
v1_lerobot_defaults,diffusion_n50_s20k,diffusion,50,20000,8200,0.017,0.399
v1_lerobot_defaults,diffusion_n50_s20k,diffusion,50,20000,8300,0.017,0.378
v1_lerobot_defaults,diffusion_n50_s20k,diffusion,50,20000,8400,0.016,0.353
v1_lerobot_defaults,diffusion_n50_s20k,diffusion,50,20000,8500,0.017,0.361
v1_lerobot_defaults,diffusion_n50_s20k,diffusion,50,20000,8600,0.016,0.371
v1_lerobot_defaults,diffusion_n50_s20k,diffusion,50,20000,8700,0.019,0.386
v1_lerobot_defaults,diffusion_n50_s20k,diffusion,50,20000,8800,0.017,0.35
v1_lerobot_defaults,diffusion_n50_s20k,diffusion,50,20000,8900,0.015,0.353
v1_lerobot_defaults,diffusion_n50_s20k,diffusion,50,20000,9000,0.016,0.358
v1_lerobot_defaults,diffusion_n50_s20k,diffusion,50,20000,9100,0.016,0.371
v1_lerobot_defaults,diffusion_n50_s20k,diffusion,50,20000,9200,0.015,0.336
v1_lerobot_defaults,diffusion_n50_s20k,diffusion,50,20000,9300,0.015,0.326
v1_lerobot_defaults,diffusion_n50_s20k,diffusion,50,20000,9400,0.015,0.326
v1_lerobot_defaults,diffusion_n50_s20k,diffusion,50,20000,9500,0.015,0.353
v1_lerobot_defaults,diffusion_n50_s20k,diffusion,50,20000,9600,0.015,0.327
v1_lerobot_defaults,diffusion_n50_s20k,diffusion,50,20000,9700,0.014,0.314
v1_lerobot_defaults,diffusion_n50_s20k,diffusion,50,20000,9800,0.015,0.319
v1_lerobot_defaults,diffusion_n50_s20k,diffusion,50,20000,9900,0.015,0.349
v1_lerobot_defaults,diffusion_n50_s20k,diffusion,50,20000,10000,0.014,0.305
v1_lerobot_defaults,diffusion_n50_s20k,diffusion,50,20000,10100,0.015,0.359
v1_lerobot_defaults,diffusion_n50_s20k,diffusion,50,20000,10200,0.014,0.33
v1_lerobot_defaults,diffusion_n50_s20k,diffusion,50,20000,10300,0.014,0.307
v1_lerobot_defaults,diffusion_n50_s20k,diffusion,50,20000,10400,0.014,0.343
v1_lerobot_defaults,diffusion_n50_s20k,diffusion,50,20000,10500,0.014,0.341
v1_lerobot_defaults,diffusion_n50_s20k,diffusion,50,20000,10600,0.014,0.309
v1_lerobot_defaults,diffusion_n50_s20k,diffusion,50,20000,10700,0.013,0.301
v1_lerobot_defaults,diffusion_n50_s20k,diffusion,50,20000,10800,0.014,0.316
v1_lerobot_defaults,diffusion_n50_s20k,diffusion,50,20000,10900,0.014,0.321
v1_lerobot_defaults,diffusion_n50_s20k,diffusion,50,20000,11000,0.014,0.358
v1_lerobot_defaults,diffusion_n50_s20k,diffusion,50,20000,11100,0.013,0.301
v1_lerobot_defaults,diffusion_n50_s20k,diffusion,50,20000,11200,0.013,0.315
v1_lerobot_defaults,diffusion_n50_s20k,diffusion,50,20000,11300,0.014,0.328
v1_lerobot_defaults,diffusion_n50_s20k,diffusion,50,20000,11400,0.012,0.273
v1_lerobot_defaults,diffusion_n50_s20k,diffusion,50,20000,11500,0.014,0.334
v1_lerobot_defaults,diffusion_n50_s20k,diffusion,50,20000,11600,0.013,0.328
v1_lerobot_defaults,diffusion_n50_s20k,diffusion,50,20000,11700,0.013,0.308
v1_lerobot_defaults,diffusion_n50_s20k,diffusion,50,20000,11800,0.013,0.3
v1_lerobot_defaults,diffusion_n50_s20k,diffusion,50,20000,11900,0.013,0.306
v1_lerobot_defaults,diffusion_n50_s20k,diffusion,50,20000,12000,0.012,0.297
v1_lerobot_defaults,diffusion_n50_s20k,diffusion,50,20000,12100,0.012,0.29
v1_lerobot_defaults,diffusion_n50_s20k,diffusion,50,20000,12200,0.011,0.306
v1_lerobot_defaults,diffusion_n50_s20k,diffusion,50,20000,12300,0.012,0.29
v1_lerobot_defaults,diffusion_n50_s20k,diffusion,50,20000,12400,0.012,0.297
v1_lerobot_defaults,diffusion_n50_s20k,diffusion,50,20000,12500,0.012,0.279
v1_lerobot_defaults,diffusion_n50_s20k,diffusion,50,20000,12600,0.011,0.263
v1_lerobot_defaults,diffusion_n50_s20k,diffusion,50,20000,12700,0.011,0.29
v1_lerobot_defaults,diffusion_n50_s20k,diffusion,50,20000,12800,0.012,0.323
v1_lerobot_defaults,diffusion_n50_s20k,diffusion,50,20000,12900,0.012,0.315
v1_lerobot_defaults,diffusion_n50_s20k,diffusion,50,20000,13000,0.011,0.284
v1_lerobot_defaults,diffusion_n50_s20k,diffusion,50,20000,13100,0.01,0.265
v1_lerobot_defaults,diffusion_n50_s20k,diffusion,50,20000,13200,0.012,0.281
v1_lerobot_defaults,diffusion_n50_s20k,diffusion,50,20000,13300,0.01,0.248
v1_lerobot_defaults,diffusion_n50_s20k,diffusion,50,20000,13400,0.011,0.287
v1_lerobot_defaults,diffusion_n50_s20k,diffusion,50,20000,13500,0.01,0.281
v1_lerobot_defaults,diffusion_n50_s20k,diffusion,50,20000,13600,0.01,0.262
v1_lerobot_defaults,diffusion_n50_s20k,diffusion,50,20000,13700,0.01,0.287
v1_lerobot_defaults,diffusion_n50_s20k,diffusion,50,20000,13800,0.01,0.26
v1_lerobot_defaults,diffusion_n50_s20k,diffusion,50,20000,13900,0.01,0.287
v1_lerobot_defaults,diffusion_n50_s20k,diffusion,50,20000,14000,0.01,0.285
v1_lerobot_defaults,diffusion_n50_s20k,diffusion,50,20000,14100,0.01,0.269
v1_lerobot_defaults,diffusion_n50_s20k,diffusion,50,20000,14200,0.01,0.282
v1_lerobot_defaults,diffusion_n50_s20k,diffusion,50,20000,14300,0.009,0.248
v1_lerobot_defaults,diffusion_n50_s20k,diffusion,50,20000,14400,0.01,0.276
v1_lerobot_defaults,diffusion_n50_s20k,diffusion,50,20000,14500,0.01,0.259
v1_lerobot_defaults,diffusion_n50_s20k,diffusion,50,20000,14600,0.009,0.244
v1_lerobot_defaults,diffusion_n50_s20k,diffusion,50,20000,14700,0.009,0.266
v1_lerobot_defaults,diffusion_n50_s20k,diffusion,50,20000,14800,0.009,0.235
v1_lerobot_defaults,diffusion_n50_s20k,diffusion,50,20000,14900,0.008,0.238
v1_lerobot_defaults,diffusion_n50_s20k,diffusion,50,20000,15000,0.008,0.236
v1_lerobot_defaults,diffusion_n50_s20k,diffusion,50,20000,15100,0.008,0.231
v1_lerobot_defaults,diffusion_n50_s20k,diffusion,50,20000,15200,0.008,0.242
v1_lerobot_defaults,diffusion_n50_s20k,diffusion,50,20000,15300,0.009,0.254
v1_lerobot_defaults,diffusion_n50_s20k,diffusion,50,20000,15400,0.008,0.233
v1_lerobot_defaults,diffusion_n50_s20k,diffusion,50,20000,15500,0.009,0.281
v1_lerobot_defaults,diffusion_n50_s20k,diffusion,50,20000,15600,0.009,0.264
v1_lerobot_defaults,diffusion_n50_s20k,diffusion,50,20000,15700,0.009,0.242
v1_lerobot_defaults,diffusion_n50_s20k,diffusion,50,20000,15800,0.008,0.242
v1_lerobot_defaults,diffusion_n50_s20k,diffusion,50,20000,15900,0.008,0.26
v1_lerobot_defaults,diffusion_n50_s20k,diffusion,50,20000,16000,0.008,0.247
v1_lerobot_defaults,diffusion_n50_s20k,diffusion,50,20000,16100,0.008,0.243
v1_lerobot_defaults,diffusion_n50_s20k,diffusion,50,20000,16200,0.008,0.239
v1_lerobot_defaults,diffusion_n50_s20k,diffusion,50,20000,16300,0.008,0.235
v1_lerobot_defaults,diffusion_n50_s20k,diffusion,50,20000,16400,0.008,0.235
v1_lerobot_defaults,diffusion_n50_s20k,diffusion,50,20000,16500,0.007,0.247
v1_lerobot_defaults,diffusion_n50_s20k,diffusion,50,20000,16600,0.008,0.257
v1_lerobot_defaults,diffusion_n50_s20k,diffusion,50,20000,16700,0.008,0.248
v1_lerobot_defaults,diffusion_n50_s20k,diffusion,50,20000,16800,0.008,0.24
v1_lerobot_defaults,diffusion_n50_s20k,diffusion,50,20000,16900,0.007,0.226
v1_lerobot_defaults,diffusion_n50_s20k,diffusion,50,20000,17000,0.007,0.238
v1_lerobot_defaults,diffusion_n50_s20k,diffusion,50,20000,17100,0.007,0.217
v1_lerobot_defaults,diffusion_n50_s20k,diffusion,50,20000,17200,0.008,0.237
v1_lerobot_defaults,diffusion_n50_s20k,diffusion,50,20000,17300,0.007,0.24
v1_lerobot_defaults,diffusion_n50_s20k,diffusion,50,20000,17400,0.007,0.215
v1_lerobot_defaults,diffusion_n50_s20k,diffusion,50,20000,17500,0.007,0.222
v1_lerobot_defaults,diffusion_n50_s20k,diffusion,50,20000,17600,0.007,0.227
v1_lerobot_defaults,diffusion_n50_s20k,diffusion,50,20000,17700,0.007,0.212
v1_lerobot_defaults,diffusion_n50_s20k,diffusion,50,20000,17800,0.007,0.231
v1_lerobot_defaults,diffusion_n50_s20k,diffusion,50,20000,17900,0.008,0.228
v1_lerobot_defaults,diffusion_n50_s20k,diffusion,50,20000,18000,0.007,0.213
v1_lerobot_defaults,diffusion_n50_s20k,diffusion,50,20000,18100,0.007,0.209
v1_lerobot_defaults,diffusion_n50_s20k,diffusion,50,20000,18200,0.007,0.217
v1_lerobot_defaults,diffusion_n50_s20k,diffusion,50,20000,18300,0.007,0.215
v1_lerobot_defaults,diffusion_n50_s20k,diffusion,50,20000,18400,0.006,0.193
v1_lerobot_defaults,diffusion_n50_s20k,diffusion,50,20000,18500,0.006,0.198
v1_lerobot_defaults,diffusion_n50_s20k,diffusion,50,20000,18600,0.007,0.221
v1_lerobot_defaults,diffusion_n50_s20k,diffusion,50,20000,18700,0.007,0.222
v1_lerobot_defaults,diffusion_n50_s20k,diffusion,50,20000,18800,0.007,0.217
v1_lerobot_defaults,diffusion_n50_s20k,diffusion,50,20000,18900,0.007,0.208
v1_lerobot_defaults,diffusion_n50_s20k,diffusion,50,20000,19000,0.007,0.211
v1_lerobot_defaults,diffusion_n50_s20k,diffusion,50,20000,19100,0.007,0.217
v1_lerobot_defaults,diffusion_n50_s20k,diffusion,50,20000,19200,0.007,0.207
v1_lerobot_defaults,diffusion_n50_s20k,diffusion,50,20000,19300,0.007,0.209
v1_lerobot_defaults,diffusion_n50_s20k,diffusion,50,20000,19400,0.007,0.223
v1_lerobot_defaults,diffusion_n50_s20k,diffusion,50,20000,19500,0.006,0.2
v1_lerobot_defaults,diffusion_n50_s20k,diffusion,50,20000,19600,0.006,0.197
v1_lerobot_defaults,diffusion_n50_s20k,diffusion,50,20000,19700,0.007,0.212
v1_lerobot_defaults,diffusion_n50_s20k,diffusion,50,20000,19800,0.007,0.206
v1_lerobot_defaults,diffusion_n50_s20k,diffusion,50,20000,19900,0.007,0.215
v1_lerobot_defaults,diffusion_n50_s20k,diffusion,50,20000,20000,0.007,0.207
v1_lerobot_defaults,diffusion_n50_s50k,diffusion,50,50000,100,0.747,5.6
v1_lerobot_defaults,diffusion_n50_s50k,diffusion,50,50000,200,0.168,4.099
v1_lerobot_defaults,diffusion_n50_s50k,diffusion,50,50000,300,0.116,3.26
v1_lerobot_defaults,diffusion_n50_s50k,diffusion,50,50000,400,0.09,2.327
v1_lerobot_defaults,diffusion_n50_s50k,diffusion,50,50000,500,0.08,1.888
v1_lerobot_defaults,diffusion_n50_s50k,diffusion,50,50000,600,0.066,1.577
v1_lerobot_defaults,diffusion_n50_s50k,diffusion,50,50000,700,0.056,1.27
v1_lerobot_defaults,diffusion_n50_s50k,diffusion,50,50000,800,0.049,1.179
v1_lerobot_defaults,diffusion_n50_s50k,diffusion,50,50000,900,0.044,1.047
v1_lerobot_defaults,diffusion_n50_s50k,diffusion,50,50000,1000,0.044,1.065
v1_lerobot_defaults,diffusion_n50_s50k,diffusion,50,50000,1100,0.042,1.033
v1_lerobot_defaults,diffusion_n50_s50k,diffusion,50,50000,1200,0.039,1.024
v1_lerobot_defaults,diffusion_n50_s50k,diffusion,50,50000,1300,0.036,0.905
v1_lerobot_defaults,diffusion_n50_s50k,diffusion,50,50000,1400,0.033,0.868
v1_lerobot_defaults,diffusion_n50_s50k,diffusion,50,50000,1500,0.035,0.789
v1_lerobot_defaults,diffusion_n50_s50k,diffusion,50,50000,1600,0.031,0.809
v1_lerobot_defaults,diffusion_n50_s50k,diffusion,50,50000,1700,0.033,0.766
v1_lerobot_defaults,diffusion_n50_s50k,diffusion,50,50000,1800,0.034,0.75
v1_lerobot_defaults,diffusion_n50_s50k,diffusion,50,50000,1900,0.03,0.648
v1_lerobot_defaults,diffusion_n50_s50k,diffusion,50,50000,2000,0.03,0.685
v1_lerobot_defaults,diffusion_n50_s50k,diffusion,50,50000,2100,0.03,0.772
v1_lerobot_defaults,diffusion_n50_s50k,diffusion,50,50000,2200,0.028,0.65
v1_lerobot_defaults,diffusion_n50_s50k,diffusion,50,50000,2300,0.03,0.693
v1_lerobot_defaults,diffusion_n50_s50k,diffusion,50,50000,2400,0.028,0.613
v1_lerobot_defaults,diffusion_n50_s50k,diffusion,50,50000,2500,0.03,0.667
v1_lerobot_defaults,diffusion_n50_s50k,diffusion,50,50000,2600,0.027,0.626
v1_lerobot_defaults,diffusion_n50_s50k,diffusion,50,50000,2700,0.028,0.624
v1_lerobot_defaults,diffusion_n50_s50k,diffusion,50,50000,2800,0.026,0.596
v1_lerobot_defaults,diffusion_n50_s50k,diffusion,50,50000,2900,0.027,0.594
v1_lerobot_defaults,diffusion_n50_s50k,diffusion,50,50000,3000,0.027,0.611
v1_lerobot_defaults,diffusion_n50_s50k,diffusion,50,50000,3100,0.026,0.594
v1_lerobot_defaults,diffusion_n50_s50k,diffusion,50,50000,3200,0.027,0.592
v1_lerobot_defaults,diffusion_n50_s50k,diffusion,50,50000,3300,0.026,0.583
v1_lerobot_defaults,diffusion_n50_s50k,diffusion,50,50000,3400,0.024,0.523
v1_lerobot_defaults,diffusion_n50_s50k,diffusion,50,50000,3500,0.025,0.515
v1_lerobot_defaults,diffusion_n50_s50k,diffusion,50,50000,3600,0.026,0.578
v1_lerobot_defaults,diffusion_n50_s50k,diffusion,50,50000,3700,0.024,0.487
v1_lerobot_defaults,diffusion_n50_s50k,diffusion,50,50000,3800,0.026,0.587
v1_lerobot_defaults,diffusion_n50_s50k,diffusion,50,50000,3900,0.023,0.495
v1_lerobot_defaults,diffusion_n50_s50k,diffusion,50,50000,4000,0.023,0.531
v1_lerobot_defaults,diffusion_n50_s50k,diffusion,50,50000,4100,0.025,0.527
v1_lerobot_defaults,diffusion_n50_s50k,diffusion,50,50000,4200,0.023,0.472
v1_lerobot_defaults,diffusion_n50_s50k,diffusion,50,50000,4300,0.023,0.479
v1_lerobot_defaults,diffusion_n50_s50k,diffusion,50,50000,4400,0.023,0.506
v1_lerobot_defaults,diffusion_n50_s50k,diffusion,50,50000,4500,0.023,0.47
v1_lerobot_defaults,diffusion_n50_s50k,diffusion,50,50000,4600,0.023,0.471
v1_lerobot_defaults,diffusion_n50_s50k,diffusion,50,50000,4700,0.021,0.46
v1_lerobot_defaults,diffusion_n50_s50k,diffusion,50,50000,4800,0.022,0.477
v1_lerobot_defaults,diffusion_n50_s50k,diffusion,50,50000,4900,0.021,0.445
v1_lerobot_defaults,diffusion_n50_s50k,diffusion,50,50000,5000,0.02,0.441
v1_lerobot_defaults,diffusion_n50_s50k,diffusion,50,50000,5100,0.022,0.445
v1_lerobot_defaults,diffusion_n50_s50k,diffusion,50,50000,5200,0.021,0.448
v1_lerobot_defaults,diffusion_n50_s50k,diffusion,50,50000,5300,0.02,0.415
v1_lerobot_defaults,diffusion_n50_s50k,diffusion,50,50000,5400,0.021,0.494
v1_lerobot_defaults,diffusion_n50_s50k,diffusion,50,50000,5500,0.023,0.456
v1_lerobot_defaults,diffusion_n50_s50k,diffusion,50,50000,5600,0.022,0.437
v1_lerobot_defaults,diffusion_n50_s50k,diffusion,50,50000,5700,0.021,0.496
v1_lerobot_defaults,diffusion_n50_s50k,diffusion,50,50000,5800,0.02,0.414
v1_lerobot_defaults,diffusion_n50_s50k,diffusion,50,50000,5900,0.02,0.394
v1_lerobot_defaults,diffusion_n50_s50k,diffusion,50,50000,6000,0.021,0.466
v1_lerobot_defaults,diffusion_n50_s50k,diffusion,50,50000,6100,0.021,0.4
v1_lerobot_defaults,diffusion_n50_s50k,diffusion,50,50000,6200,0.018,0.389
v1_lerobot_defaults,diffusion_n50_s50k,diffusion,50,50000,6300,0.021,0.407
v1_lerobot_defaults,diffusion_n50_s50k,diffusion,50,50000,6400,0.021,0.455
v1_lerobot_defaults,diffusion_n50_s50k,diffusion,50,50000,6500,0.019,0.424
v1_lerobot_defaults,diffusion_n50_s50k,diffusion,50,50000,6600,0.021,0.404
v1_lerobot_defaults,diffusion_n50_s50k,diffusion,50,50000,6700,0.021,0.421
v1_lerobot_defaults,diffusion_n50_s50k,diffusion,50,50000,6800,0.02,0.428
v1_lerobot_defaults,diffusion_n50_s50k,diffusion,50,50000,6900,0.02,0.43
v1_lerobot_defaults,diffusion_n50_s50k,diffusion,50,50000,7000,0.021,0.42
v1_lerobot_defaults,diffusion_n50_s50k,diffusion,50,50000,7100,0.02,0.386
v1_lerobot_defaults,diffusion_n50_s50k,diffusion,50,50000,7200,0.021,0.456
v1_lerobot_defaults,diffusion_n50_s50k,diffusion,50,50000,7300,0.02,0.391
v1_lerobot_defaults,diffusion_n50_s50k,diffusion,50,50000,7400,0.019,0.385
v1_lerobot_defaults,diffusion_n50_s50k,diffusion,50,50000,7500,0.019,0.388
v1_lerobot_defaults,diffusion_n50_s50k,diffusion,50,50000,7600,0.02,0.388
v1_lerobot_defaults,diffusion_n50_s50k,diffusion,50,50000,7700,0.018,0.376
v1_lerobot_defaults,diffusion_n50_s50k,diffusion,50,50000,7800,0.018,0.374
v1_lerobot_defaults,diffusion_n50_s50k,diffusion,50,50000,7900,0.019,0.405
v1_lerobot_defaults,diffusion_n50_s50k,diffusion,50,50000,8000,0.019,0.367
v1_lerobot_defaults,diffusion_n50_s50k,diffusion,50,50000,8100,0.019,0.464
v1_lerobot_defaults,diffusion_n50_s50k,diffusion,50,50000,8200,0.018,0.399
v1_lerobot_defaults,diffusion_n50_s50k,diffusion,50,50000,8300,0.018,0.362
v1_lerobot_defaults,diffusion_n50_s50k,diffusion,50,50000,8400,0.018,0.337
v1_lerobot_defaults,diffusion_n50_s50k,diffusion,50,50000,8500,0.018,0.37
v1_lerobot_defaults,diffusion_n50_s50k,diffusion,50,50000,8600,0.017,0.355
v1_lerobot_defaults,diffusion_n50_s50k,diffusion,50,50000,8700,0.02,0.363
v1_lerobot_defaults,diffusion_n50_s50k,diffusion,50,50000,8800,0.019,0.351
v1_lerobot_defaults,diffusion_n50_s50k,diffusion,50,50000,8900,0.017,0.354
v1_lerobot_defaults,diffusion_n50_s50k,diffusion,50,50000,9000,0.018,0.369
v1_lerobot_defaults,diffusion_n50_s50k,diffusion,50,50000,9100,0.018,0.352
v1_lerobot_defaults,diffusion_n50_s50k,diffusion,50,50000,9200,0.017,0.378
v1_lerobot_defaults,diffusion_n50_s50k,diffusion,50,50000,9300,0.018,0.34
v1_lerobot_defaults,diffusion_n50_s50k,diffusion,50,50000,9400,0.017,0.332
v1_lerobot_defaults,diffusion_n50_s50k,diffusion,50,50000,9500,0.017,0.345
v1_lerobot_defaults,diffusion_n50_s50k,diffusion,50,50000,9600,0.017,0.37
v1_lerobot_defaults,diffusion_n50_s50k,diffusion,50,50000,9700,0.016,0.345
v1_lerobot_defaults,diffusion_n50_s50k,diffusion,50,50000,9800,0.018,0.341
v1_lerobot_defaults,diffusion_n50_s50k,diffusion,50,50000,9900,0.017,0.351
v1_lerobot_defaults,diffusion_n50_s50k,diffusion,50,50000,10000,0.017,0.353
v1_lerobot_defaults,diffusion_n50_s50k,diffusion,50,50000,10100,0.017,0.364
v1_lerobot_defaults,diffusion_n50_s50k,diffusion,50,50000,10200,0.017,0.378
v1_lerobot_defaults,diffusion_n50_s50k,diffusion,50,50000,10300,0.016,0.335
v1_lerobot_defaults,diffusion_n50_s50k,diffusion,50,50000,10400,0.017,0.385
v1_lerobot_defaults,diffusion_n50_s50k,diffusion,50,50000,10500,0.016,0.34
v1_lerobot_defaults,diffusion_n50_s50k,diffusion,50,50000,10600,0.016,0.347
v1_lerobot_defaults,diffusion_n50_s50k,diffusion,50,50000,10700,0.016,0.329
v1_lerobot_defaults,diffusion_n50_s50k,diffusion,50,50000,10800,0.016,0.347
v1_lerobot_defaults,diffusion_n50_s50k,diffusion,50,50000,10900,0.017,0.301
v1_lerobot_defaults,diffusion_n50_s50k,diffusion,50,50000,11000,0.016,0.337
v1_lerobot_defaults,diffusion_n50_s50k,diffusion,50,50000,11100,0.016,0.318
v1_lerobot_defaults,diffusion_n50_s50k,diffusion,50,50000,11200,0.016,0.308
v1_lerobot_defaults,diffusion_n50_s50k,diffusion,50,50000,11300,0.017,0.353
v1_lerobot_defaults,diffusion_n50_s50k,diffusion,50,50000,11400,0.014,0.303
v1_lerobot_defaults,diffusion_n50_s50k,diffusion,50,50000,11500,0.017,0.356
v1_lerobot_defaults,diffusion_n50_s50k,diffusion,50,50000,11600,0.016,0.349
v1_lerobot_defaults,diffusion_n50_s50k,diffusion,50,50000,11700,0.016,0.344
v1_lerobot_defaults,diffusion_n50_s50k,diffusion,50,50000,11800,0.016,0.309
v1_lerobot_defaults,diffusion_n50_s50k,diffusion,50,50000,11900,0.016,0.305
v1_lerobot_defaults,diffusion_n50_s50k,diffusion,50,50000,12000,0.015,0.308
v1_lerobot_defaults,diffusion_n50_s50k,diffusion,50,50000,12100,0.015,0.307
v1_lerobot_defaults,diffusion_n50_s50k,diffusion,50,50000,12200,0.015,0.325
v1_lerobot_defaults,diffusion_n50_s50k,diffusion,50,50000,12300,0.016,0.33
v1_lerobot_defaults,diffusion_n50_s50k,diffusion,50,50000,12400,0.015,0.31
v1_lerobot_defaults,diffusion_n50_s50k,diffusion,50,50000,12500,0.015,0.301
v1_lerobot_defaults,diffusion_n50_s50k,diffusion,50,50000,12600,0.014,0.299
v1_lerobot_defaults,diffusion_n50_s50k,diffusion,50,50000,12700,0.015,0.331
v1_lerobot_defaults,diffusion_n50_s50k,diffusion,50,50000,12800,0.016,0.355
v1_lerobot_defaults,diffusion_n50_s50k,diffusion,50,50000,12900,0.015,0.316
v1_lerobot_defaults,diffusion_n50_s50k,diffusion,50,50000,13000,0.014,0.307
v1_lerobot_defaults,diffusion_n50_s50k,diffusion,50,50000,13100,0.014,0.293
v1_lerobot_defaults,diffusion_n50_s50k,diffusion,50,50000,13200,0.015,0.289
v1_lerobot_defaults,diffusion_n50_s50k,diffusion,50,50000,13300,0.013,0.299
v1_lerobot_defaults,diffusion_n50_s50k,diffusion,50,50000,13400,0.016,0.319
v1_lerobot_defaults,diffusion_n50_s50k,diffusion,50,50000,13500,0.014,0.276
v1_lerobot_defaults,diffusion_n50_s50k,diffusion,50,50000,13600,0.014,0.316
v1_lerobot_defaults,diffusion_n50_s50k,diffusion,50,50000,13700,0.014,0.31
v1_lerobot_defaults,diffusion_n50_s50k,diffusion,50,50000,13800,0.013,0.266
v1_lerobot_defaults,diffusion_n50_s50k,diffusion,50,50000,13900,0.014,0.309
v1_lerobot_defaults,diffusion_n50_s50k,diffusion,50,50000,14000,0.014,0.309
v1_lerobot_defaults,diffusion_n50_s50k,diffusion,50,50000,14100,0.014,0.328
v1_lerobot_defaults,diffusion_n50_s50k,diffusion,50,50000,14200,0.014,0.332
v1_lerobot_defaults,diffusion_n50_s50k,diffusion,50,50000,14300,0.013,0.275
v1_lerobot_defaults,diffusion_n50_s50k,diffusion,50,50000,14400,0.015,0.313
v1_lerobot_defaults,diffusion_n50_s50k,diffusion,50,50000,14500,0.014,0.288
v1_lerobot_defaults,diffusion_n50_s50k,diffusion,50,50000,14600,0.013,0.298
v1_lerobot_defaults,diffusion_n50_s50k,diffusion,50,50000,14700,0.014,0.317
v1_lerobot_defaults,diffusion_n50_s50k,diffusion,50,50000,14800,0.013,0.283
v1_lerobot_defaults,diffusion_n50_s50k,diffusion,50,50000,14900,0.012,0.266
v1_lerobot_defaults,diffusion_n50_s50k,diffusion,50,50000,15000,0.013,0.287
v1_lerobot_defaults,diffusion_n50_s50k,diffusion,50,50000,15100,0.013,0.27
v1_lerobot_defaults,diffusion_n50_s50k,diffusion,50,50000,15200,0.013,0.271
v1_lerobot_defaults,diffusion_n50_s50k,diffusion,50,50000,15300,0.013,0.317
v1_lerobot_defaults,diffusion_n50_s50k,diffusion,50,50000,15400,0.013,0.295
v1_lerobot_defaults,diffusion_n50_s50k,diffusion,50,50000,15500,0.014,0.285
v1_lerobot_defaults,diffusion_n50_s50k,diffusion,50,50000,15600,0.014,0.334
v1_lerobot_defaults,diffusion_n50_s50k,diffusion,50,50000,15700,0.014,0.321
v1_lerobot_defaults,diffusion_n50_s50k,diffusion,50,50000,15800,0.012,0.288
v1_lerobot_defaults,diffusion_n50_s50k,diffusion,50,50000,15900,0.013,0.302
v1_lerobot_defaults,diffusion_n50_s50k,diffusion,50,50000,16000,0.013,0.275
v1_lerobot_defaults,diffusion_n50_s50k,diffusion,50,50000,16100,0.013,0.301
v1_lerobot_defaults,diffusion_n50_s50k,diffusion,50,50000,16200,0.013,0.293
v1_lerobot_defaults,diffusion_n50_s50k,diffusion,50,50000,16300,0.012,0.294
v1_lerobot_defaults,diffusion_n50_s50k,diffusion,50,50000,16400,0.013,0.284
v1_lerobot_defaults,diffusion_n50_s50k,diffusion,50,50000,16500,0.012,0.281
v1_lerobot_defaults,diffusion_n50_s50k,diffusion,50,50000,16600,0.013,0.285
v1_lerobot_defaults,diffusion_n50_s50k,diffusion,50,50000,16700,0.013,0.287
v1_lerobot_defaults,diffusion_n50_s50k,diffusion,50,50000,16800,0.013,0.302
v1_lerobot_defaults,diffusion_n50_s50k,diffusion,50,50000,16900,0.013,0.284
v1_lerobot_defaults,diffusion_n50_s50k,diffusion,50,50000,17000,0.012,0.305
v1_lerobot_defaults,diffusion_n50_s50k,diffusion,50,50000,17100,0.013,0.312
v1_lerobot_defaults,diffusion_n50_s50k,diffusion,50,50000,17200,0.013,0.28
v1_lerobot_defaults,diffusion_n50_s50k,diffusion,50,50000,17300,0.012,0.281
v1_lerobot_defaults,diffusion_n50_s50k,diffusion,50,50000,17400,0.011,0.247
v1_lerobot_defaults,diffusion_n50_s50k,diffusion,50,50000,17500,0.012,0.29
v1_lerobot_defaults,diffusion_n50_s50k,diffusion,50,50000,17600,0.013,0.281
v1_lerobot_defaults,diffusion_n50_s50k,diffusion,50,50000,17700,0.011,0.262
v1_lerobot_defaults,diffusion_n50_s50k,diffusion,50,50000,17800,0.012,0.283
v1_lerobot_defaults,diffusion_n50_s50k,diffusion,50,50000,17900,0.013,0.285
v1_lerobot_defaults,diffusion_n50_s50k,diffusion,50,50000,18000,0.012,0.271
v1_lerobot_defaults,diffusion_n50_s50k,diffusion,50,50000,18100,0.012,0.261
v1_lerobot_defaults,diffusion_n50_s50k,diffusion,50,50000,18200,0.012,0.237
v1_lerobot_defaults,diffusion_n50_s50k,diffusion,50,50000,18300,0.011,0.257
v1_lerobot_defaults,diffusion_n50_s50k,diffusion,50,50000,18400,0.01,0.256
v1_lerobot_defaults,diffusion_n50_s50k,diffusion,50,50000,18500,0.011,0.31
v1_lerobot_defaults,diffusion_n50_s50k,diffusion,50,50000,18600,0.012,0.283
v1_lerobot_defaults,diffusion_n50_s50k,diffusion,50,50000,18700,0.013,0.302
v1_lerobot_defaults,diffusion_n50_s50k,diffusion,50,50000,18800,0.012,0.282
v1_lerobot_defaults,diffusion_n50_s50k,diffusion,50,50000,18900,0.012,0.294
v1_lerobot_defaults,diffusion_n50_s50k,diffusion,50,50000,19000,0.012,0.265
v1_lerobot_defaults,diffusion_n50_s50k,diffusion,50,50000,19100,0.011,0.264
v1_lerobot_defaults,diffusion_n50_s50k,diffusion,50,50000,19200,0.011,0.277
v1_lerobot_defaults,diffusion_n50_s50k,diffusion,50,50000,19300,0.012,0.318
v1_lerobot_defaults,diffusion_n50_s50k,diffusion,50,50000,19400,0.012,0.282
v1_lerobot_defaults,diffusion_n50_s50k,diffusion,50,50000,19500,0.011,0.257
v1_lerobot_defaults,diffusion_n50_s50k,diffusion,50,50000,19600,0.01,0.246
v1_lerobot_defaults,diffusion_n50_s50k,diffusion,50,50000,19700,0.011,0.254
v1_lerobot_defaults,diffusion_n50_s50k,diffusion,50,50000,19800,0.011,0.279
v1_lerobot_defaults,diffusion_n50_s50k,diffusion,50,50000,19900,0.011,0.283
v1_lerobot_defaults,diffusion_n50_s50k,diffusion,50,50000,20000,0.011,0.269
v1_lerobot_defaults,diffusion_n50_s50k,diffusion,50,50000,20100,0.011,0.279
v1_lerobot_defaults,diffusion_n50_s50k,diffusion,50,50000,20200,0.011,0.271
v1_lerobot_defaults,diffusion_n50_s50k,diffusion,50,50000,20300,0.012,0.291
v1_lerobot_defaults,diffusion_n50_s50k,diffusion,50,50000,20400,0.011,0.276
v1_lerobot_defaults,diffusion_n50_s50k,diffusion,50,50000,20500,0.011,0.276
v1_lerobot_defaults,diffusion_n50_s50k,diffusion,50,50000,20600,0.011,0.275
v1_lerobot_defaults,diffusion_n50_s50k,diffusion,50,50000,20700,0.012,0.3
v1_lerobot_defaults,diffusion_n50_s50k,diffusion,50,50000,20800,0.01,0.246
v1_lerobot_defaults,diffusion_n50_s50k,diffusion,50,50000,20900,0.011,0.289
v1_lerobot_defaults,diffusion_n50_s50k,diffusion,50,50000,21000,0.011,0.281
v1_lerobot_defaults,diffusion_n50_s50k,diffusion,50,50000,21100,0.01,0.242
v1_lerobot_defaults,diffusion_n50_s50k,diffusion,50,50000,21200,0.01,0.258
v1_lerobot_defaults,diffusion_n50_s50k,diffusion,50,50000,21300,0.011,0.258
v1_lerobot_defaults,diffusion_n50_s50k,diffusion,50,50000,21400,0.01,0.245
v1_lerobot_defaults,diffusion_n50_s50k,diffusion,50,50000,21500,0.01,0.226
v1_lerobot_defaults,diffusion_n50_s50k,diffusion,50,50000,21600,0.011,0.29
v1_lerobot_defaults,diffusion_n50_s50k,diffusion,50,50000,21700,0.01,0.273
v1_lerobot_defaults,diffusion_n50_s50k,diffusion,50,50000,21800,0.011,0.263
v1_lerobot_defaults,diffusion_n50_s50k,diffusion,50,50000,21900,0.011,0.276
v1_lerobot_defaults,diffusion_n50_s50k,diffusion,50,50000,22000,0.011,0.274
v1_lerobot_defaults,diffusion_n50_s50k,diffusion,50,50000,22100,0.009,0.26
v1_lerobot_defaults,diffusion_n50_s50k,diffusion,50,50000,22200,0.01,0.247
v1_lerobot_defaults,diffusion_n50_s50k,diffusion,50,50000,22300,0.01,0.251
v1_lerobot_defaults,diffusion_n50_s50k,diffusion,50,50000,22400,0.01,0.256
v1_lerobot_defaults,diffusion_n50_s50k,diffusion,50,50000,22500,0.009,0.228
v1_lerobot_defaults,diffusion_n50_s50k,diffusion,50,50000,22600,0.009,0.252
v1_lerobot_defaults,diffusion_n50_s50k,diffusion,50,50000,22700,0.01,0.272
v1_lerobot_defaults,diffusion_n50_s50k,diffusion,50,50000,22800,0.01,0.297
v1_lerobot_defaults,diffusion_n50_s50k,diffusion,50,50000,22900,0.009,0.259
v1_lerobot_defaults,diffusion_n50_s50k,diffusion,50,50000,23000,0.009,0.239
v1_lerobot_defaults,diffusion_n50_s50k,diffusion,50,50000,23100,0.009,0.236
v1_lerobot_defaults,diffusion_n50_s50k,diffusion,50,50000,23200,0.01,0.245
v1_lerobot_defaults,diffusion_n50_s50k,diffusion,50,50000,23300,0.009,0.249
v1_lerobot_defaults,diffusion_n50_s50k,diffusion,50,50000,23400,0.009,0.237
v1_lerobot_defaults,diffusion_n50_s50k,diffusion,50,50000,23500,0.009,0.252
v1_lerobot_defaults,diffusion_n50_s50k,diffusion,50,50000,23600,0.009,0.256
v1_lerobot_defaults,diffusion_n50_s50k,diffusion,50,50000,23700,0.009,0.257
v1_lerobot_defaults,diffusion_n50_s50k,diffusion,50,50000,23800,0.008,0.237
v1_lerobot_defaults,diffusion_n50_s50k,diffusion,50,50000,23900,0.01,0.268
v1_lerobot_defaults,diffusion_n50_s50k,diffusion,50,50000,24000,0.01,0.254
v1_lerobot_defaults,diffusion_n50_s50k,diffusion,50,50000,24100,0.009,0.253
v1_lerobot_defaults,diffusion_n50_s50k,diffusion,50,50000,24200,0.009,0.236
v1_lerobot_defaults,diffusion_n50_s50k,diffusion,50,50000,24300,0.01,0.264
v1_lerobot_defaults,diffusion_n50_s50k,diffusion,50,50000,24400,0.009,0.248
v1_lerobot_defaults,diffusion_n50_s50k,diffusion,50,50000,24500,0.009,0.223
v1_lerobot_defaults,diffusion_n50_s50k,diffusion,50,50000,24600,0.009,0.25
v1_lerobot_defaults,diffusion_n50_s50k,diffusion,50,50000,24700,0.009,0.217
v1_lerobot_defaults,diffusion_n50_s50k,diffusion,50,50000,24800,0.009,0.219
v1_lerobot_defaults,diffusion_n50_s50k,diffusion,50,50000,24900,0.009,0.231
v1_lerobot_defaults,diffusion_n50_s50k,diffusion,50,50000,25000,0.008,0.233
v1_lerobot_defaults,diffusion_n50_s50k,diffusion,50,50000,25100,0.008,0.217
v1_lerobot_defaults,diffusion_n50_s50k,diffusion,50,50000,25200,0.009,0.246
v1_lerobot_defaults,diffusion_n50_s50k,diffusion,50,50000,25300,0.009,0.248
v1_lerobot_defaults,diffusion_n50_s50k,diffusion,50,50000,25400,0.009,0.245
v1_lerobot_defaults,diffusion_n50_s50k,diffusion,50,50000,25500,0.009,0.232
v1_lerobot_defaults,diffusion_n50_s50k,diffusion,50,50000,25600,0.009,0.243
v1_lerobot_defaults,diffusion_n50_s50k,diffusion,50,50000,25700,0.009,0.246
v1_lerobot_defaults,diffusion_n50_s50k,diffusion,50,50000,25800,0.008,0.247
v1_lerobot_defaults,diffusion_n50_s50k,diffusion,50,50000,25900,0.008,0.22
v1_lerobot_defaults,diffusion_n50_s50k,diffusion,50,50000,26000,0.009,0.247
v1_lerobot_defaults,diffusion_n50_s50k,diffusion,50,50000,26100,0.008,0.219
v1_lerobot_defaults,diffusion_n50_s50k,diffusion,50,50000,26200,0.009,0.24
v1_lerobot_defaults,diffusion_n50_s50k,diffusion,50,50000,26300,0.009,0.277
v1_lerobot_defaults,diffusion_n50_s50k,diffusion,50,50000,26400,0.008,0.209
v1_lerobot_defaults,diffusion_n50_s50k,diffusion,50,50000,26500,0.008,0.267
v1_lerobot_defaults,diffusion_n50_s50k,diffusion,50,50000,26600,0.008,0.226
v1_lerobot_defaults,diffusion_n50_s50k,diffusion,50,50000,26700,0.008,0.234
v1_lerobot_defaults,diffusion_n50_s50k,diffusion,50,50000,26800,0.008,0.242
v1_lerobot_defaults,diffusion_n50_s50k,diffusion,50,50000,26900,0.008,0.242
v1_lerobot_defaults,diffusion_n50_s50k,diffusion,50,50000,27000,0.008,0.228
v1_lerobot_defaults,diffusion_n50_s50k,diffusion,50,50000,27100,0.009,0.241
v1_lerobot_defaults,diffusion_n50_s50k,diffusion,50,50000,27200,0.009,0.238
v1_lerobot_defaults,diffusion_n50_s50k,diffusion,50,50000,27300,0.008,0.244
v1_lerobot_defaults,diffusion_n50_s50k,diffusion,50,50000,27400,0.008,0.219
v1_lerobot_defaults,diffusion_n50_s50k,diffusion,50,50000,27500,0.008,0.237
v1_lerobot_defaults,diffusion_n50_s50k,diffusion,50,50000,27600,0.008,0.22
v1_lerobot_defaults,diffusion_n50_s50k,diffusion,50,50000,27700,0.008,0.246
v1_lerobot_defaults,diffusion_n50_s50k,diffusion,50,50000,27800,0.008,0.221
v1_lerobot_defaults,diffusion_n50_s50k,diffusion,50,50000,27900,0.007,0.224
v1_lerobot_defaults,diffusion_n50_s50k,diffusion,50,50000,28000,0.009,0.246
v1_lerobot_defaults,diffusion_n50_s50k,diffusion,50,50000,28100,0.008,0.237
v1_lerobot_defaults,diffusion_n50_s50k,diffusion,50,50000,28200,0.008,0.236
v1_lerobot_defaults,diffusion_n50_s50k,diffusion,50,50000,28300,0.008,0.238
v1_lerobot_defaults,diffusion_n50_s50k,diffusion,50,50000,28400,0.008,0.229
v1_lerobot_defaults,diffusion_n50_s50k,diffusion,50,50000,28500,0.009,0.253
v1_lerobot_defaults,diffusion_n50_s50k,diffusion,50,50000,28600,0.008,0.252
v1_lerobot_defaults,diffusion_n50_s50k,diffusion,50,50000,28700,0.008,0.255
v1_lerobot_defaults,diffusion_n50_s50k,diffusion,50,50000,28800,0.008,0.236
v1_lerobot_defaults,diffusion_n50_s50k,diffusion,50,50000,28900,0.007,0.23
v1_lerobot_defaults,diffusion_n50_s50k,diffusion,50,50000,29000,0.008,0.238
v1_lerobot_defaults,diffusion_n50_s50k,diffusion,50,50000,29100,0.008,0.254
v1_lerobot_defaults,diffusion_n50_s50k,diffusion,50,50000,29200,0.008,0.263
v1_lerobot_defaults,diffusion_n50_s50k,diffusion,50,50000,29300,0.007,0.237
v1_lerobot_defaults,diffusion_n50_s50k,diffusion,50,50000,29400,0.007,0.199
v1_lerobot_defaults,diffusion_n50_s50k,diffusion,50,50000,29500,0.008,0.263
v1_lerobot_defaults,diffusion_n50_s50k,diffusion,50,50000,29600,0.008,0.293
v1_lerobot_defaults,diffusion_n50_s50k,diffusion,50,50000,29700,0.007,0.209
v1_lerobot_defaults,diffusion_n50_s50k,diffusion,50,50000,29800,0.007,0.219
v1_lerobot_defaults,diffusion_n50_s50k,diffusion,50,50000,29900,0.007,0.203
v1_lerobot_defaults,diffusion_n50_s50k,diffusion,50,50000,30000,0.008,0.242
v1_lerobot_defaults,diffusion_n50_s50k,diffusion,50,50000,30100,0.007,0.199
v1_lerobot_defaults,diffusion_n50_s50k,diffusion,50,50000,30200,0.007,0.248
v1_lerobot_defaults,diffusion_n50_s50k,diffusion,50,50000,30300,0.008,0.244
v1_lerobot_defaults,diffusion_n50_s50k,diffusion,50,50000,30400,0.007,0.214
v1_lerobot_defaults,diffusion_n50_s50k,diffusion,50,50000,30500,0.008,0.223
v1_lerobot_defaults,diffusion_n50_s50k,diffusion,50,50000,30600,0.006,0.206
v1_lerobot_defaults,diffusion_n50_s50k,diffusion,50,50000,30700,0.007,0.216
v1_lerobot_defaults,diffusion_n50_s50k,diffusion,50,50000,30800,0.008,0.238
v1_lerobot_defaults,diffusion_n50_s50k,diffusion,50,50000,30900,0.006,0.196
v1_lerobot_defaults,diffusion_n50_s50k,diffusion,50,50000,31000,0.007,0.24
v1_lerobot_defaults,diffusion_n50_s50k,diffusion,50,50000,31100,0.007,0.229
v1_lerobot_defaults,diffusion_n50_s50k,diffusion,50,50000,31200,0.007,0.203
v1_lerobot_defaults,diffusion_n50_s50k,diffusion,50,50000,31300,0.006,0.213
v1_lerobot_defaults,diffusion_n50_s50k,diffusion,50,50000,31400,0.007,0.228
v1_lerobot_defaults,diffusion_n50_s50k,diffusion,50,50000,31500,0.006,0.213
v1_lerobot_defaults,diffusion_n50_s50k,diffusion,50,50000,31600,0.006,0.216
v1_lerobot_defaults,diffusion_n50_s50k,diffusion,50,50000,31700,0.006,0.212
v1_lerobot_defaults,diffusion_n50_s50k,diffusion,50,50000,31800,0.006,0.213
v1_lerobot_defaults,diffusion_n50_s50k,diffusion,50,50000,31900,0.007,0.219
v1_lerobot_defaults,diffusion_n50_s50k,diffusion,50,50000,32000,0.006,0.212
v1_lerobot_defaults,diffusion_n50_s50k,diffusion,50,50000,32100,0.008,0.233
v1_lerobot_defaults,diffusion_n50_s50k,diffusion,50,50000,32200,0.006,0.202
v1_lerobot_defaults,diffusion_n50_s50k,diffusion,50,50000,32300,0.007,0.24
v1_lerobot_defaults,diffusion_n50_s50k,diffusion,50,50000,32400,0.006,0.201
v1_lerobot_defaults,diffusion_n50_s50k,diffusion,50,50000,32500,0.006,0.202
v1_lerobot_defaults,diffusion_n50_s50k,diffusion,50,50000,32600,0.006,0.225
v1_lerobot_defaults,diffusion_n50_s50k,diffusion,50,50000,32700,0.006,0.195
v1_lerobot_defaults,diffusion_n50_s50k,diffusion,50,50000,32800,0.007,0.241
v1_lerobot_defaults,diffusion_n50_s50k,diffusion,50,50000,32900,0.006,0.243
v1_lerobot_defaults,diffusion_n50_s50k,diffusion,50,50000,33000,0.006,0.233
v1_lerobot_defaults,diffusion_n50_s50k,diffusion,50,50000,33100,0.006,0.201
v1_lerobot_defaults,diffusion_n50_s50k,diffusion,50,50000,33200,0.006,0.216
v1_lerobot_defaults,diffusion_n50_s50k,diffusion,50,50000,33300,0.006,0.218
v1_lerobot_defaults,diffusion_n50_s50k,diffusion,50,50000,33400,0.007,0.226
v1_lerobot_defaults,diffusion_n50_s50k,diffusion,50,50000,33500,0.006,0.216
v1_lerobot_defaults,diffusion_n50_s50k,diffusion,50,50000,33600,0.006,0.216
v1_lerobot_defaults,diffusion_n50_s50k,diffusion,50,50000,33700,0.006,0.22
v1_lerobot_defaults,diffusion_n50_s50k,diffusion,50,50000,33800,0.007,0.237
v1_lerobot_defaults,diffusion_n50_s50k,diffusion,50,50000,33900,0.006,0.211
v1_lerobot_defaults,diffusion_n50_s50k,diffusion,50,50000,34000,0.006,0.186
v1_lerobot_defaults,diffusion_n50_s50k,diffusion,50,50000,34100,0.007,0.221
v1_lerobot_defaults,diffusion_n50_s50k,diffusion,50,50000,34200,0.006,0.223
v1_lerobot_defaults,diffusion_n50_s50k,diffusion,50,50000,34300,0.005,0.196
v1_lerobot_defaults,diffusion_n50_s50k,diffusion,50,50000,34400,0.006,0.218
v1_lerobot_defaults,diffusion_n50_s50k,diffusion,50,50000,34500,0.006,0.22
v1_lerobot_defaults,diffusion_n50_s50k,diffusion,50,50000,34600,0.005,0.197
v1_lerobot_defaults,diffusion_n50_s50k,diffusion,50,50000,34700,0.006,0.2
v1_lerobot_defaults,diffusion_n50_s50k,diffusion,50,50000,34800,0.006,0.203
v1_lerobot_defaults,diffusion_n50_s50k,diffusion,50,50000,34900,0.006,0.198
v1_lerobot_defaults,diffusion_n50_s50k,diffusion,50,50000,35000,0.005,0.193
v1_lerobot_defaults,diffusion_n50_s50k,diffusion,50,50000,35100,0.006,0.219
v1_lerobot_defaults,diffusion_n50_s50k,diffusion,50,50000,35200,0.006,0.229
v1_lerobot_defaults,diffusion_n50_s50k,diffusion,50,50000,35300,0.005,0.22
v1_lerobot_defaults,diffusion_n50_s50k,diffusion,50,50000,35400,0.006,0.208
v1_lerobot_defaults,diffusion_n50_s50k,diffusion,50,50000,35500,0.006,0.198
v1_lerobot_defaults,diffusion_n50_s50k,diffusion,50,50000,35600,0.006,0.218
v1_lerobot_defaults,diffusion_n50_s50k,diffusion,50,50000,35700,0.006,0.186
v1_lerobot_defaults,diffusion_n50_s50k,diffusion,50,50000,35800,0.005,0.184
v1_lerobot_defaults,diffusion_n50_s50k,diffusion,50,50000,35900,0.005,0.188
v1_lerobot_defaults,diffusion_n50_s50k,diffusion,50,50000,36000,0.006,0.195
v1_lerobot_defaults,diffusion_n50_s50k,diffusion,50,50000,36100,0.006,0.211
v1_lerobot_defaults,diffusion_n50_s50k,diffusion,50,50000,36200,0.006,0.21
v1_lerobot_defaults,diffusion_n50_s50k,diffusion,50,50000,36300,0.005,0.202
v1_lerobot_defaults,diffusion_n50_s50k,diffusion,50,50000,36400,0.006,0.218
v1_lerobot_defaults,diffusion_n50_s50k,diffusion,50,50000,36500,0.005,0.203
v1_lerobot_defaults,diffusion_n50_s50k,diffusion,50,50000,36600,0.005,0.197
v1_lerobot_defaults,diffusion_n50_s50k,diffusion,50,50000,36700,0.006,0.204
v1_lerobot_defaults,diffusion_n50_s50k,diffusion,50,50000,36800,0.006,0.211
v1_lerobot_defaults,diffusion_n50_s50k,diffusion,50,50000,36900,0.006,0.194
v1_lerobot_defaults,diffusion_n50_s50k,diffusion,50,50000,37000,0.005,0.194
v1_lerobot_defaults,diffusion_n50_s50k,diffusion,50,50000,37100,0.005,0.207
v1_lerobot_defaults,diffusion_n50_s50k,diffusion,50,50000,37200,0.005,0.199
v1_lerobot_defaults,diffusion_n50_s50k,diffusion,50,50000,37300,0.005,0.188
v1_lerobot_defaults,diffusion_n50_s50k,diffusion,50,50000,37400,0.005,0.221
v1_lerobot_defaults,diffusion_n50_s50k,diffusion,50,50000,37500,0.005,0.19
v1_lerobot_defaults,diffusion_n50_s50k,diffusion,50,50000,37600,0.005,0.179
v1_lerobot_defaults,diffusion_n50_s50k,diffusion,50,50000,37700,0.005,0.182
v1_lerobot_defaults,diffusion_n50_s50k,diffusion,50,50000,37800,0.006,0.208
v1_lerobot_defaults,diffusion_n50_s50k,diffusion,50,50000,37900,0.005,0.199
v1_lerobot_defaults,diffusion_n50_s50k,diffusion,50,50000,38000,0.005,0.183
v1_lerobot_defaults,diffusion_n50_s50k,diffusion,50,50000,38100,0.005,0.197
v1_lerobot_defaults,diffusion_n50_s50k,diffusion,50,50000,38200,0.005,0.187
v1_lerobot_defaults,diffusion_n50_s50k,diffusion,50,50000,38300,0.005,0.184
v1_lerobot_defaults,diffusion_n50_s50k,diffusion,50,50000,38400,0.005,0.193
v1_lerobot_defaults,diffusion_n50_s50k,diffusion,50,50000,38500,0.004,0.173
v1_lerobot_defaults,diffusion_n50_s50k,diffusion,50,50000,38600,0.005,0.198
v1_lerobot_defaults,diffusion_n50_s50k,diffusion,50,50000,38700,0.005,0.192
v1_lerobot_defaults,diffusion_n50_s50k,diffusion,50,50000,38800,0.005,0.204
v1_lerobot_defaults,diffusion_n50_s50k,diffusion,50,50000,38900,0.005,0.2
v1_lerobot_defaults,diffusion_n50_s50k,diffusion,50,50000,39000,0.004,0.192
v1_lerobot_defaults,diffusion_n50_s50k,diffusion,50,50000,39100,0.005,0.205
v1_lerobot_defaults,diffusion_n50_s50k,diffusion,50,50000,39200,0.005,0.197
v1_lerobot_defaults,diffusion_n50_s50k,diffusion,50,50000,39300,0.005,0.183
v1_lerobot_defaults,diffusion_n50_s50k,diffusion,50,50000,39400,0.004,0.174
v1_lerobot_defaults,diffusion_n50_s50k,diffusion,50,50000,39500,0.004,0.19
v1_lerobot_defaults,diffusion_n50_s50k,diffusion,50,50000,39600,0.004,0.193
v1_lerobot_defaults,diffusion_n50_s50k,diffusion,50,50000,39700,0.004,0.181
v1_lerobot_defaults,diffusion_n50_s50k,diffusion,50,50000,39800,0.004,0.178
v1_lerobot_defaults,diffusion_n50_s50k,diffusion,50,50000,39900,0.005,0.199
v1_lerobot_defaults,diffusion_n50_s50k,diffusion,50,50000,40000,0.004,0.179
v1_lerobot_defaults,diffusion_n50_s50k,diffusion,50,50000,40100,0.004,0.181
v1_lerobot_defaults,diffusion_n50_s50k,diffusion,50,50000,40200,0.004,0.181
v1_lerobot_defaults,diffusion_n50_s50k,diffusion,50,50000,40300,0.005,0.182
v1_lerobot_defaults,diffusion_n50_s50k,diffusion,50,50000,40400,0.004,0.19
v1_lerobot_defaults,diffusion_n50_s50k,diffusion,50,50000,40500,0.004,0.177
v1_lerobot_defaults,diffusion_n50_s50k,diffusion,50,50000,40600,0.004,0.18
v1_lerobot_defaults,diffusion_n50_s50k,diffusion,50,50000,40700,0.004,0.183
v1_lerobot_defaults,diffusion_n50_s50k,diffusion,50,50000,40800,0.005,0.198
v1_lerobot_defaults,diffusion_n50_s50k,diffusion,50,50000,40900,0.004,0.181
v1_lerobot_defaults,diffusion_n50_s50k,diffusion,50,50000,41000,0.004,0.192
v1_lerobot_defaults,diffusion_n50_s50k,diffusion,50,50000,41100,0.005,0.189
v1_lerobot_defaults,diffusion_n50_s50k,diffusion,50,50000,41200,0.004,0.181
v1_lerobot_defaults,diffusion_n50_s50k,diffusion,50,50000,41300,0.005,0.199
v1_lerobot_defaults,diffusion_n50_s50k,diffusion,50,50000,41400,0.005,0.193
v1_lerobot_defaults,diffusion_n50_s50k,diffusion,50,50000,41500,0.005,0.2
v1_lerobot_defaults,diffusion_n50_s50k,diffusion,50,50000,41600,0.005,0.197
v1_lerobot_defaults,diffusion_n50_s50k,diffusion,50,50000,41700,0.004,0.166
v1_lerobot_defaults,diffusion_n50_s50k,diffusion,50,50000,41800,0.004,0.177
v1_lerobot_defaults,diffusion_n50_s50k,diffusion,50,50000,41900,0.004,0.186
v1_lerobot_defaults,diffusion_n50_s50k,diffusion,50,50000,42000,0.004,0.162
v1_lerobot_defaults,diffusion_n50_s50k,diffusion,50,50000,42100,0.004,0.164
v1_lerobot_defaults,diffusion_n50_s50k,diffusion,50,50000,42200,0.004,0.174
v1_lerobot_defaults,diffusion_n50_s50k,diffusion,50,50000,42300,0.004,0.184
v1_lerobot_defaults,diffusion_n50_s50k,diffusion,50,50000,42400,0.004,0.176
v1_lerobot_defaults,diffusion_n50_s50k,diffusion,50,50000,42500,0.004,0.2
v1_lerobot_defaults,diffusion_n50_s50k,diffusion,50,50000,42600,0.004,0.166
v1_lerobot_defaults,diffusion_n50_s50k,diffusion,50,50000,42700,0.005,0.184
v1_lerobot_defaults,diffusion_n50_s50k,diffusion,50,50000,42800,0.004,0.16
v1_lerobot_defaults,diffusion_n50_s50k,diffusion,50,50000,42900,0.004,0.188
v1_lerobot_defaults,diffusion_n50_s50k,diffusion,50,50000,43000,0.004,0.198
v1_lerobot_defaults,diffusion_n50_s50k,diffusion,50,50000,43100,0.004,0.184
v1_lerobot_defaults,diffusion_n50_s50k,diffusion,50,50000,43200,0.004,0.164
v1_lerobot_defaults,diffusion_n50_s50k,diffusion,50,50000,43300,0.004,0.175
v1_lerobot_defaults,diffusion_n50_s50k,diffusion,50,50000,43400,0.004,0.178
v1_lerobot_defaults,diffusion_n50_s50k,diffusion,50,50000,43500,0.004,0.156
v1_lerobot_defaults,diffusion_n50_s50k,diffusion,50,50000,43600,0.004,0.173
v1_lerobot_defaults,diffusion_n50_s50k,diffusion,50,50000,43700,0.004,0.158
v1_lerobot_defaults,diffusion_n50_s50k,diffusion,50,50000,43800,0.004,0.17
v1_lerobot_defaults,diffusion_n50_s50k,diffusion,50,50000,43900,0.004,0.178
v1_lerobot_defaults,diffusion_n50_s50k,diffusion,50,50000,44000,0.004,0.182
v1_lerobot_defaults,diffusion_n50_s50k,diffusion,50,50000,44100,0.004,0.183
v1_lerobot_defaults,diffusion_n50_s50k,diffusion,50,50000,44200,0.004,0.168
v1_lerobot_defaults,diffusion_n50_s50k,diffusion,50,50000,44300,0.004,0.188
v1_lerobot_defaults,diffusion_n50_s50k,diffusion,50,50000,44400,0.004,0.173
v1_lerobot_defaults,diffusion_n50_s50k,diffusion,50,50000,44500,0.004,0.162
v1_lerobot_defaults,diffusion_n50_s50k,diffusion,50,50000,44600,0.003,0.161
v1_lerobot_defaults,diffusion_n50_s50k,diffusion,50,50000,44700,0.004,0.171
v1_lerobot_defaults,diffusion_n50_s50k,diffusion,50,50000,44800,0.004,0.182
v1_lerobot_defaults,diffusion_n50_s50k,diffusion,50,50000,44900,0.004,0.181
v1_lerobot_defaults,diffusion_n50_s50k,diffusion,50,50000,45000,0.004,0.17
v1_lerobot_defaults,diffusion_n50_s50k,diffusion,50,50000,45100,0.004,0.174
v1_lerobot_defaults,diffusion_n50_s50k,diffusion,50,50000,45200,0.004,0.178
v1_lerobot_defaults,diffusion_n50_s50k,diffusion,50,50000,45300,0.004,0.161
v1_lerobot_defaults,diffusion_n50_s50k,diffusion,50,50000,45400,0.004,0.16
v1_lerobot_defaults,diffusion_n50_s50k,diffusion,50,50000,45500,0.004,0.172
v1_lerobot_defaults,diffusion_n50_s50k,diffusion,50,50000,45600,0.004,0.168
v1_lerobot_defaults,diffusion_n50_s50k,diffusion,50,50000,45700,0.004,0.16
v1_lerobot_defaults,diffusion_n50_s50k,diffusion,50,50000,45800,0.004,0.172
v1_lerobot_defaults,diffusion_n50_s50k,diffusion,50,50000,45900,0.004,0.172
v1_lerobot_defaults,diffusion_n50_s50k,diffusion,50,50000,46000,0.004,0.167
v1_lerobot_defaults,diffusion_n50_s50k,diffusion,50,50000,46100,0.004,0.18
v1_lerobot_defaults,diffusion_n50_s50k,diffusion,50,50000,46200,0.004,0.173
v1_lerobot_defaults,diffusion_n50_s50k,diffusion,50,50000,46300,0.004,0.175
v1_lerobot_defaults,diffusion_n50_s50k,diffusion,50,50000,46400,0.003,0.169
v1_lerobot_defaults,diffusion_n50_s50k,diffusion,50,50000,46500,0.003,0.163
v1_lerobot_defaults,diffusion_n50_s50k,diffusion,50,50000,46600,0.003,0.156
v1_lerobot_defaults,diffusion_n50_s50k,diffusion,50,50000,46700,0.003,0.158
v1_lerobot_defaults,diffusion_n50_s50k,diffusion,50,50000,46800,0.003,0.157
v1_lerobot_defaults,diffusion_n50_s50k,diffusion,50,50000,46900,0.004,0.148
v1_lerobot_defaults,diffusion_n50_s50k,diffusion,50,50000,47000,0.004,0.17
v1_lerobot_defaults,diffusion_n50_s50k,diffusion,50,50000,47100,0.004,0.161
v1_lerobot_defaults,diffusion_n50_s50k,diffusion,50,50000,47200,0.004,0.168
v1_lerobot_defaults,diffusion_n50_s50k,diffusion,50,50000,47300,0.004,0.181
v1_lerobot_defaults,diffusion_n50_s50k,diffusion,50,50000,47400,0.004,0.17
v1_lerobot_defaults,diffusion_n50_s50k,diffusion,50,50000,47500,0.004,0.165
v1_lerobot_defaults,diffusion_n50_s50k,diffusion,50,50000,47600,0.004,0.167
v1_lerobot_defaults,diffusion_n50_s50k,diffusion,50,50000,47700,0.004,0.159
v1_lerobot_defaults,diffusion_n50_s50k,diffusion,50,50000,47800,0.004,0.167
v1_lerobot_defaults,diffusion_n50_s50k,diffusion,50,50000,47900,0.003,0.162
v1_lerobot_defaults,diffusion_n50_s50k,diffusion,50,50000,48000,0.004,0.171
v1_lerobot_defaults,diffusion_n50_s50k,diffusion,50,50000,48100,0.003,0.165
v1_lerobot_defaults,diffusion_n50_s50k,diffusion,50,50000,48200,0.004,0.169
v1_lerobot_defaults,diffusion_n50_s50k,diffusion,50,50000,48300,0.004,0.187
v1_lerobot_defaults,diffusion_n50_s50k,diffusion,50,50000,48400,0.003,0.151
v1_lerobot_defaults,diffusion_n50_s50k,diffusion,50,50000,48500,0.004,0.162
v1_lerobot_defaults,diffusion_n50_s50k,diffusion,50,50000,48600,0.004,0.166
v1_lerobot_defaults,diffusion_n50_s50k,diffusion,50,50000,48700,0.004,0.158
v1_lerobot_defaults,diffusion_n50_s50k,diffusion,50,50000,48800,0.004,0.18
v1_lerobot_defaults,diffusion_n50_s50k,diffusion,50,50000,48900,0.004,0.164
v1_lerobot_defaults,diffusion_n50_s50k,diffusion,50,50000,49000,0.004,0.164
v1_lerobot_defaults,diffusion_n50_s50k,diffusion,50,50000,49100,0.004,0.176
v1_lerobot_defaults,diffusion_n50_s50k,diffusion,50,50000,49200,0.004,0.162
v1_lerobot_defaults,diffusion_n50_s50k,diffusion,50,50000,49300,0.004,0.159
v1_lerobot_defaults,diffusion_n50_s50k,diffusion,50,50000,49400,0.004,0.168
v1_lerobot_defaults,diffusion_n50_s50k,diffusion,50,50000,49500,0.004,0.156
v1_lerobot_defaults,diffusion_n50_s50k,diffusion,50,50000,49600,0.003,0.156
v1_lerobot_defaults,diffusion_n50_s50k,diffusion,50,50000,49700,0.004,0.162
v1_lerobot_defaults,diffusion_n50_s50k,diffusion,50,50000,49800,0.003,0.158
v1_lerobot_defaults,diffusion_n50_s50k,diffusion,50,50000,49900,0.004,0.156
v1_lerobot_defaults,diffusion_n50_s50k,diffusion,50,50000,50000,0.003,0.15
v1_lerobot_defaults,diffusion_n50_s5k,diffusion,50,5000,100,0.747,5.597
v1_lerobot_defaults,diffusion_n50_s5k,diffusion,50,5000,200,0.169,4.117
v1_lerobot_defaults,diffusion_n50_s5k,diffusion,50,5000,300,0.116,3.265
v1_lerobot_defaults,diffusion_n50_s5k,diffusion,50,5000,400,0.091,2.329
v1_lerobot_defaults,diffusion_n50_s5k,diffusion,50,5000,500,0.08,1.893
v1_lerobot_defaults,diffusion_n50_s5k,diffusion,50,5000,600,0.064,1.506
v1_lerobot_defaults,diffusion_n50_s5k,diffusion,50,5000,700,0.056,1.329
v1_lerobot_defaults,diffusion_n50_s5k,diffusion,50,5000,800,0.048,1.179
v1_lerobot_defaults,diffusion_n50_s5k,diffusion,50,5000,900,0.044,1.042
v1_lerobot_defaults,diffusion_n50_s5k,diffusion,50,5000,1000,0.043,1.026
v1_lerobot_defaults,diffusion_n50_s5k,diffusion,50,5000,1100,0.041,1.04
v1_lerobot_defaults,diffusion_n50_s5k,diffusion,50,5000,1200,0.039,1.056
v1_lerobot_defaults,diffusion_n50_s5k,diffusion,50,5000,1300,0.036,0.922
v1_lerobot_defaults,diffusion_n50_s5k,diffusion,50,5000,1400,0.032,0.817
v1_lerobot_defaults,diffusion_n50_s5k,diffusion,50,5000,1500,0.034,0.753
v1_lerobot_defaults,diffusion_n50_s5k,diffusion,50,5000,1600,0.03,0.8
v1_lerobot_defaults,diffusion_n50_s5k,diffusion,50,5000,1700,0.032,0.79
v1_lerobot_defaults,diffusion_n50_s5k,diffusion,50,5000,1800,0.032,0.759
v1_lerobot_defaults,diffusion_n50_s5k,diffusion,50,5000,1900,0.029,0.652
v1_lerobot_defaults,diffusion_n50_s5k,diffusion,50,5000,2000,0.029,0.665
v1_lerobot_defaults,diffusion_n50_s5k,diffusion,50,5000,2100,0.027,0.703
v1_lerobot_defaults,diffusion_n50_s5k,diffusion,50,5000,2200,0.026,0.603
v1_lerobot_defaults,diffusion_n50_s5k,diffusion,50,5000,2300,0.028,0.736
v1_lerobot_defaults,diffusion_n50_s5k,diffusion,50,5000,2400,0.027,0.643
v1_lerobot_defaults,diffusion_n50_s5k,diffusion,50,5000,2500,0.027,0.687
v1_lerobot_defaults,diffusion_n50_s5k,diffusion,50,5000,2600,0.024,0.578
v1_lerobot_defaults,diffusion_n50_s5k,diffusion,50,5000,2700,0.025,0.575
v1_lerobot_defaults,diffusion_n50_s5k,diffusion,50,5000,2800,0.022,0.562
v1_lerobot_defaults,diffusion_n50_s5k,diffusion,50,5000,2900,0.023,0.6
v1_lerobot_defaults,diffusion_n50_s5k,diffusion,50,5000,3000,0.022,0.619
v1_lerobot_defaults,diffusion_n50_s5k,diffusion,50,5000,3100,0.022,0.544
v1_lerobot_defaults,diffusion_n50_s5k,diffusion,50,5000,3200,0.023,0.616
v1_lerobot_defaults,diffusion_n50_s5k,diffusion,50,5000,3300,0.02,0.548
v1_lerobot_defaults,diffusion_n50_s5k,diffusion,50,5000,3400,0.019,0.516
v1_lerobot_defaults,diffusion_n50_s5k,diffusion,50,5000,3500,0.019,0.478
v1_lerobot_defaults,diffusion_n50_s5k,diffusion,50,5000,3600,0.02,0.515
v1_lerobot_defaults,diffusion_n50_s5k,diffusion,50,5000,3700,0.018,0.466
v1_lerobot_defaults,diffusion_n50_s5k,diffusion,50,5000,3800,0.019,0.503
v1_lerobot_defaults,diffusion_n50_s5k,diffusion,50,5000,3900,0.017,0.473
v1_lerobot_defaults,diffusion_n50_s5k,diffusion,50,5000,4000,0.017,0.434
v1_lerobot_defaults,diffusion_n50_s5k,diffusion,50,5000,4100,0.016,0.397
v1_lerobot_defaults,diffusion_n50_s5k,diffusion,50,5000,4200,0.015,0.391
v1_lerobot_defaults,diffusion_n50_s5k,diffusion,50,5000,4300,0.016,0.396
v1_lerobot_defaults,diffusion_n50_s5k,diffusion,50,5000,4400,0.015,0.402
v1_lerobot_defaults,diffusion_n50_s5k,diffusion,50,5000,4500,0.015,0.387
v1_lerobot_defaults,diffusion_n50_s5k,diffusion,50,5000,4600,0.015,0.355
v1_lerobot_defaults,diffusion_n50_s5k,diffusion,50,5000,4700,0.014,0.351
v1_lerobot_defaults,diffusion_n50_s5k,diffusion,50,5000,4800,0.014,0.34
v1_lerobot_defaults,diffusion_n50_s5k,diffusion,50,5000,4900,0.014,0.329
v1_lerobot_defaults,diffusion_n50_s5k,diffusion,50,5000,5000,0.013,0.318
v2_diffusion_fixed,diffusionnostateh48_n100_s20k,diffusionnostateh48,100,20000,100,0.699,5.744
v2_diffusion_fixed,diffusionnostateh48_n100_s20k,diffusionnostateh48,100,20000,200,0.148,3.6
v2_diffusion_fixed,diffusionnostateh48_n100_s20k,diffusionnostateh48,100,20000,300,0.098,2.758
v2_diffusion_fixed,diffusionnostateh48_n100_s20k,diffusionnostateh48,100,20000,400,0.072,2.333
v2_diffusion_fixed,diffusionnostateh48_n100_s20k,diffusionnostateh48,100,20000,500,0.057,1.583
v2_diffusion_fixed,diffusionnostateh48_n100_s20k,diffusionnostateh48,100,20000,600,0.048,1.225
v2_diffusion_fixed,diffusionnostateh48_n100_s20k,diffusionnostateh48,100,20000,700,0.04,1.038
v2_diffusion_fixed,diffusionnostateh48_n100_s20k,diffusionnostateh48,100,20000,800,0.038,1.033
v2_diffusion_fixed,diffusionnostateh48_n100_s20k,diffusionnostateh48,100,20000,900,0.036,1.051
v2_diffusion_fixed,diffusionnostateh48_n100_s20k,diffusionnostateh48,100,20000,1000,0.036,0.893
v2_diffusion_fixed,diffusionnostateh48_n100_s20k,diffusionnostateh48,100,20000,1100,0.032,0.838
v2_diffusion_fixed,diffusionnostateh48_n100_s20k,diffusionnostateh48,100,20000,1200,0.031,0.803
v2_diffusion_fixed,diffusionnostateh48_n100_s20k,diffusionnostateh48,100,20000,1300,0.029,0.763
v2_diffusion_fixed,diffusionnostateh48_n100_s20k,diffusionnostateh48,100,20000,1400,0.028,0.683
v2_diffusion_fixed,diffusionnostateh48_n100_s20k,diffusionnostateh48,100,20000,1500,0.027,0.649
v2_diffusion_fixed,diffusionnostateh48_n100_s20k,diffusionnostateh48,100,20000,1600,0.024,0.622
v2_diffusion_fixed,diffusionnostateh48_n100_s20k,diffusionnostateh48,100,20000,1700,0.026,0.693
v2_diffusion_fixed,diffusionnostateh48_n100_s20k,diffusionnostateh48,100,20000,1800,0.026,0.626
v2_diffusion_fixed,diffusionnostateh48_n100_s20k,diffusionnostateh48,100,20000,1900,0.024,0.568
v2_diffusion_fixed,diffusionnostateh48_n100_s20k,diffusionnostateh48,100,20000,2000,0.024,0.582
v2_diffusion_fixed,diffusionnostateh48_n100_s20k,diffusionnostateh48,100,20000,2100,0.024,0.633
v2_diffusion_fixed,diffusionnostateh48_n100_s20k,diffusionnostateh48,100,20000,2200,0.023,0.591
v2_diffusion_fixed,diffusionnostateh48_n100_s20k,diffusionnostateh48,100,20000,2300,0.024,0.602
v2_diffusion_fixed,diffusionnostateh48_n100_s20k,diffusionnostateh48,100,20000,2400,0.023,0.506
v2_diffusion_fixed,diffusionnostateh48_n100_s20k,diffusionnostateh48,100,20000,2500,0.023,0.53
v2_diffusion_fixed,diffusionnostateh48_n100_s20k,diffusionnostateh48,100,20000,2600,0.022,0.503
v2_diffusion_fixed,diffusionnostateh48_n100_s20k,diffusionnostateh48,100,20000,2700,0.023,0.505
v2_diffusion_fixed,diffusionnostateh48_n100_s20k,diffusionnostateh48,100,20000,2800,0.021,0.468
v2_diffusion_fixed,diffusionnostateh48_n100_s20k,diffusionnostateh48,100,20000,2900,0.02,0.411
v2_diffusion_fixed,diffusionnostateh48_n100_s20k,diffusionnostateh48,100,20000,3000,0.02,0.403
v2_diffusion_fixed,diffusionnostateh48_n100_s20k,diffusionnostateh48,100,20000,3100,0.02,0.495
v2_diffusion_fixed,diffusionnostateh48_n100_s20k,diffusionnostateh48,100,20000,3200,0.022,0.538
v2_diffusion_fixed,diffusionnostateh48_n100_s20k,diffusionnostateh48,100,20000,3300,0.02,0.462
v2_diffusion_fixed,diffusionnostateh48_n100_s20k,diffusionnostateh48,100,20000,3400,0.02,0.458
v2_diffusion_fixed,diffusionnostateh48_n100_s20k,diffusionnostateh48,100,20000,3500,0.02,0.398
v2_diffusion_fixed,diffusionnostateh48_n100_s20k,diffusionnostateh48,100,20000,3600,0.021,0.495
v2_diffusion_fixed,diffusionnostateh48_n100_s20k,diffusionnostateh48,100,20000,3700,0.02,0.438
v2_diffusion_fixed,diffusionnostateh48_n100_s20k,diffusionnostateh48,100,20000,3800,0.02,0.379
v2_diffusion_fixed,diffusionnostateh48_n100_s20k,diffusionnostateh48,100,20000,3900,0.019,0.407
v2_diffusion_fixed,diffusionnostateh48_n100_s20k,diffusionnostateh48,100,20000,4000,0.02,0.385
v2_diffusion_fixed,diffusionnostateh48_n100_s20k,diffusionnostateh48,100,20000,4100,0.02,0.442
v2_diffusion_fixed,diffusionnostateh48_n100_s20k,diffusionnostateh48,100,20000,4200,0.019,0.442
v2_diffusion_fixed,diffusionnostateh48_n100_s20k,diffusionnostateh48,100,20000,4300,0.019,0.439
v2_diffusion_fixed,diffusionnostateh48_n100_s20k,diffusionnostateh48,100,20000,4400,0.019,0.39
v2_diffusion_fixed,diffusionnostateh48_n100_s20k,diffusionnostateh48,100,20000,4500,0.019,0.396
v2_diffusion_fixed,diffusionnostateh48_n100_s20k,diffusionnostateh48,100,20000,4600,0.018,0.359
v2_diffusion_fixed,diffusionnostateh48_n100_s20k,diffusionnostateh48,100,20000,4700,0.018,0.347
v2_diffusion_fixed,diffusionnostateh48_n100_s20k,diffusionnostateh48,100,20000,4800,0.019,0.409
v2_diffusion_fixed,diffusionnostateh48_n100_s20k,diffusionnostateh48,100,20000,4900,0.018,0.354
v2_diffusion_fixed,diffusionnostateh48_n100_s20k,diffusionnostateh48,100,20000,5000,0.017,0.333
v2_diffusion_fixed,diffusionnostateh48_n100_s20k,diffusionnostateh48,100,20000,5100,0.018,0.354
v2_diffusion_fixed,diffusionnostateh48_n100_s20k,diffusionnostateh48,100,20000,5200,0.018,0.39
v2_diffusion_fixed,diffusionnostateh48_n100_s20k,diffusionnostateh48,100,20000,5300,0.017,0.354
v2_diffusion_fixed,diffusionnostateh48_n100_s20k,diffusionnostateh48,100,20000,5400,0.017,0.359
v2_diffusion_fixed,diffusionnostateh48_n100_s20k,diffusionnostateh48,100,20000,5500,0.017,0.334
v2_diffusion_fixed,diffusionnostateh48_n100_s20k,diffusionnostateh48,100,20000,5600,0.018,0.33
v2_diffusion_fixed,diffusionnostateh48_n100_s20k,diffusionnostateh48,100,20000,5700,0.017,0.328
v2_diffusion_fixed,diffusionnostateh48_n100_s20k,diffusionnostateh48,100,20000,5800,0.018,0.326
v2_diffusion_fixed,diffusionnostateh48_n100_s20k,diffusionnostateh48,100,20000,5900,0.016,0.315
v2_diffusion_fixed,diffusionnostateh48_n100_s20k,diffusionnostateh48,100,20000,6000,0.018,0.333
v2_diffusion_fixed,diffusionnostateh48_n100_s20k,diffusionnostateh48,100,20000,6100,0.017,0.321
v2_diffusion_fixed,diffusionnostateh48_n100_s20k,diffusionnostateh48,100,20000,6200,0.016,0.297
v2_diffusion_fixed,diffusionnostateh48_n100_s20k,diffusionnostateh48,100,20000,6300,0.018,0.3
v2_diffusion_fixed,diffusionnostateh48_n100_s20k,diffusionnostateh48,100,20000,6400,0.018,0.359
v2_diffusion_fixed,diffusionnostateh48_n100_s20k,diffusionnostateh48,100,20000,6500,0.016,0.308
v2_diffusion_fixed,diffusionnostateh48_n100_s20k,diffusionnostateh48,100,20000,6600,0.017,0.313
v2_diffusion_fixed,diffusionnostateh48_n100_s20k,diffusionnostateh48,100,20000,6700,0.016,0.306
v2_diffusion_fixed,diffusionnostateh48_n100_s20k,diffusionnostateh48,100,20000,6800,0.016,0.304
v2_diffusion_fixed,diffusionnostateh48_n100_s20k,diffusionnostateh48,100,20000,6900,0.016,0.263
v2_diffusion_fixed,diffusionnostateh48_n100_s20k,diffusionnostateh48,100,20000,7000,0.016,0.306
v2_diffusion_fixed,diffusionnostateh48_n100_s20k,diffusionnostateh48,100,20000,7100,0.016,0.291
v2_diffusion_fixed,diffusionnostateh48_n100_s20k,diffusionnostateh48,100,20000,7200,0.016,0.321
v2_diffusion_fixed,diffusionnostateh48_n100_s20k,diffusionnostateh48,100,20000,7300,0.016,0.288
v2_diffusion_fixed,diffusionnostateh48_n100_s20k,diffusionnostateh48,100,20000,7400,0.016,0.269
v2_diffusion_fixed,diffusionnostateh48_n100_s20k,diffusionnostateh48,100,20000,7500,0.016,0.299
v2_diffusion_fixed,diffusionnostateh48_n100_s20k,diffusionnostateh48,100,20000,7600,0.017,0.364
v2_diffusion_fixed,diffusionnostateh48_n100_s20k,diffusionnostateh48,100,20000,7700,0.015,0.298
v2_diffusion_fixed,diffusionnostateh48_n100_s20k,diffusionnostateh48,100,20000,7800,0.015,0.265
v2_diffusion_fixed,diffusionnostateh48_n100_s20k,diffusionnostateh48,100,20000,7900,0.015,0.281
v2_diffusion_fixed,diffusionnostateh48_n100_s20k,diffusionnostateh48,100,20000,8000,0.015,0.299
v2_diffusion_fixed,diffusionnostateh48_n100_s20k,diffusionnostateh48,100,20000,8100,0.015,0.277
v2_diffusion_fixed,diffusionnostateh48_n100_s20k,diffusionnostateh48,100,20000,8200,0.015,0.269
v2_diffusion_fixed,diffusionnostateh48_n100_s20k,diffusionnostateh48,100,20000,8300,0.015,0.272
v2_diffusion_fixed,diffusionnostateh48_n100_s20k,diffusionnostateh48,100,20000,8400,0.015,0.275
v2_diffusion_fixed,diffusionnostateh48_n100_s20k,diffusionnostateh48,100,20000,8500,0.016,0.277
v2_diffusion_fixed,diffusionnostateh48_n100_s20k,diffusionnostateh48,100,20000,8600,0.015,0.273
v2_diffusion_fixed,diffusionnostateh48_n100_s20k,diffusionnostateh48,100,20000,8700,0.016,0.289
v2_diffusion_fixed,diffusionnostateh48_n100_s20k,diffusionnostateh48,100,20000,8800,0.015,0.256
v2_diffusion_fixed,diffusionnostateh48_n100_s20k,diffusionnostateh48,100,20000,8900,0.015,0.265
v2_diffusion_fixed,diffusionnostateh48_n100_s20k,diffusionnostateh48,100,20000,9000,0.015,0.262
v2_diffusion_fixed,diffusionnostateh48_n100_s20k,diffusionnostateh48,100,20000,9100,0.014,0.26
v2_diffusion_fixed,diffusionnostateh48_n100_s20k,diffusionnostateh48,100,20000,9200,0.014,0.24
v2_diffusion_fixed,diffusionnostateh48_n100_s20k,diffusionnostateh48,100,20000,9300,0.014,0.259
v2_diffusion_fixed,diffusionnostateh48_n100_s20k,diffusionnostateh48,100,20000,9400,0.015,0.252
v2_diffusion_fixed,diffusionnostateh48_n100_s20k,diffusionnostateh48,100,20000,9500,0.015,0.284
v2_diffusion_fixed,diffusionnostateh48_n100_s20k,diffusionnostateh48,100,20000,9600,0.015,0.266
v2_diffusion_fixed,diffusionnostateh48_n100_s20k,diffusionnostateh48,100,20000,9700,0.013,0.247
v2_diffusion_fixed,diffusionnostateh48_n100_s20k,diffusionnostateh48,100,20000,9800,0.014,0.247
v2_diffusion_fixed,diffusionnostateh48_n100_s20k,diffusionnostateh48,100,20000,9900,0.014,0.252
v2_diffusion_fixed,diffusionnostateh48_n100_s20k,diffusionnostateh48,100,20000,10000,0.014,0.243
v2_diffusion_fixed,diffusionnostateh48_n100_s20k,diffusionnostateh48,100,20000,10100,0.014,0.242
v2_diffusion_fixed,diffusionnostateh48_n100_s20k,diffusionnostateh48,100,20000,10200,0.014,0.245
v2_diffusion_fixed,diffusionnostateh48_n100_s20k,diffusionnostateh48,100,20000,10300,0.014,0.244
v2_diffusion_fixed,diffusionnostateh48_n100_s20k,diffusionnostateh48,100,20000,10400,0.014,0.25
v2_diffusion_fixed,diffusionnostateh48_n100_s20k,diffusionnostateh48,100,20000,10500,0.013,0.197
v2_diffusion_fixed,diffusionnostateh48_n100_s20k,diffusionnostateh48,100,20000,10600,0.014,0.241
v2_diffusion_fixed,diffusionnostateh48_n100_s20k,diffusionnostateh48,100,20000,10700,0.013,0.218
v2_diffusion_fixed,diffusionnostateh48_n100_s20k,diffusionnostateh48,100,20000,10800,0.014,0.248
v2_diffusion_fixed,diffusionnostateh48_n100_s20k,diffusionnostateh48,100,20000,10900,0.013,0.224
v2_diffusion_fixed,diffusionnostateh48_n100_s20k,diffusionnostateh48,100,20000,11000,0.014,0.233
v2_diffusion_fixed,diffusionnostateh48_n100_s20k,diffusionnostateh48,100,20000,11100,0.014,0.272
v2_diffusion_fixed,diffusionnostateh48_n100_s20k,diffusionnostateh48,100,20000,11200,0.013,0.216
v2_diffusion_fixed,diffusionnostateh48_n100_s20k,diffusionnostateh48,100,20000,11300,0.014,0.247
v2_diffusion_fixed,diffusionnostateh48_n100_s20k,diffusionnostateh48,100,20000,11400,0.012,0.227
v2_diffusion_fixed,diffusionnostateh48_n100_s20k,diffusionnostateh48,100,20000,11500,0.013,0.214
v2_diffusion_fixed,diffusionnostateh48_n100_s20k,diffusionnostateh48,100,20000,11600,0.013,0.207
v2_diffusion_fixed,diffusionnostateh48_n100_s20k,diffusionnostateh48,100,20000,11700,0.013,0.216
v2_diffusion_fixed,diffusionnostateh48_n100_s20k,diffusionnostateh48,100,20000,11800,0.013,0.245
v2_diffusion_fixed,diffusionnostateh48_n100_s20k,diffusionnostateh48,100,20000,11900,0.012,0.226
v2_diffusion_fixed,diffusionnostateh48_n100_s20k,diffusionnostateh48,100,20000,12000,0.013,0.223
v2_diffusion_fixed,diffusionnostateh48_n100_s20k,diffusionnostateh48,100,20000,12100,0.012,0.2
v2_diffusion_fixed,diffusionnostateh48_n100_s20k,diffusionnostateh48,100,20000,12200,0.012,0.213
v2_diffusion_fixed,diffusionnostateh48_n100_s20k,diffusionnostateh48,100,20000,12300,0.013,0.231
v2_diffusion_fixed,diffusionnostateh48_n100_s20k,diffusionnostateh48,100,20000,12400,0.012,0.222
v2_diffusion_fixed,diffusionnostateh48_n100_s20k,diffusionnostateh48,100,20000,12500,0.013,0.225
v2_diffusion_fixed,diffusionnostateh48_n100_s20k,diffusionnostateh48,100,20000,12600,0.012,0.221
v2_diffusion_fixed,diffusionnostateh48_n100_s20k,diffusionnostateh48,100,20000,12700,0.012,0.242
v2_diffusion_fixed,diffusionnostateh48_n100_s20k,diffusionnostateh48,100,20000,12800,0.012,0.214
v2_diffusion_fixed,diffusionnostateh48_n100_s20k,diffusionnostateh48,100,20000,12900,0.012,0.214
v2_diffusion_fixed,diffusionnostateh48_n100_s20k,diffusionnostateh48,100,20000,13000,0.012,0.196
v2_diffusion_fixed,diffusionnostateh48_n100_s20k,diffusionnostateh48,100,20000,13100,0.012,0.182
v2_diffusion_fixed,diffusionnostateh48_n100_s20k,diffusionnostateh48,100,20000,13200,0.012,0.194
v2_diffusion_fixed,diffusionnostateh48_n100_s20k,diffusionnostateh48,100,20000,13300,0.011,0.18
v2_diffusion_fixed,diffusionnostateh48_n100_s20k,diffusionnostateh48,100,20000,13400,0.012,0.234
v2_diffusion_fixed,diffusionnostateh48_n100_s20k,diffusionnostateh48,100,20000,13500,0.011,0.182
v2_diffusion_fixed,diffusionnostateh48_n100_s20k,diffusionnostateh48,100,20000,13600,0.011,0.185
v2_diffusion_fixed,diffusionnostateh48_n100_s20k,diffusionnostateh48,100,20000,13700,0.012,0.195
v2_diffusion_fixed,diffusionnostateh48_n100_s20k,diffusionnostateh48,100,20000,13800,0.011,0.186
v2_diffusion_fixed,diffusionnostateh48_n100_s20k,diffusionnostateh48,100,20000,13900,0.011,0.174
v2_diffusion_fixed,diffusionnostateh48_n100_s20k,diffusionnostateh48,100,20000,14000,0.011,0.174
v2_diffusion_fixed,diffusionnostateh48_n100_s20k,diffusionnostateh48,100,20000,14100,0.011,0.186
v2_diffusion_fixed,diffusionnostateh48_n100_s20k,diffusionnostateh48,100,20000,14200,0.011,0.18
v2_diffusion_fixed,diffusionnostateh48_n100_s20k,diffusionnostateh48,100,20000,14300,0.01,0.17
v2_diffusion_fixed,diffusionnostateh48_n100_s20k,diffusionnostateh48,100,20000,14400,0.011,0.174
v2_diffusion_fixed,diffusionnostateh48_n100_s20k,diffusionnostateh48,100,20000,14500,0.011,0.171
v2_diffusion_fixed,diffusionnostateh48_n100_s20k,diffusionnostateh48,100,20000,14600,0.011,0.181
v2_diffusion_fixed,diffusionnostateh48_n100_s20k,diffusionnostateh48,100,20000,14700,0.01,0.166
v2_diffusion_fixed,diffusionnostateh48_n100_s20k,diffusionnostateh48,100,20000,14800,0.01,0.173
v2_diffusion_fixed,diffusionnostateh48_n100_s20k,diffusionnostateh48,100,20000,14900,0.01,0.162
v2_diffusion_fixed,diffusionnostateh48_n100_s20k,diffusionnostateh48,100,20000,15000,0.01,0.163
v2_diffusion_fixed,diffusionnostateh48_n100_s20k,diffusionnostateh48,100,20000,15100,0.01,0.178
v2_diffusion_fixed,diffusionnostateh48_n100_s20k,diffusionnostateh48,100,20000,15200,0.01,0.167
v2_diffusion_fixed,diffusionnostateh48_n100_s20k,diffusionnostateh48,100,20000,15300,0.01,0.174
v2_diffusion_fixed,diffusionnostateh48_n100_s20k,diffusionnostateh48,100,20000,15400,0.01,0.157
v2_diffusion_fixed,diffusionnostateh48_n100_s20k,diffusionnostateh48,100,20000,15500,0.01,0.155
v2_diffusion_fixed,diffusionnostateh48_n100_s20k,diffusionnostateh48,100,20000,15600,0.01,0.165
v2_diffusion_fixed,diffusionnostateh48_n100_s20k,diffusionnostateh48,100,20000,15700,0.01,0.151
v2_diffusion_fixed,diffusionnostateh48_n100_s20k,diffusionnostateh48,100,20000,15800,0.01,0.157
v2_diffusion_fixed,diffusionnostateh48_n100_s20k,diffusionnostateh48,100,20000,15900,0.011,0.174
v2_diffusion_fixed,diffusionnostateh48_n100_s20k,diffusionnostateh48,100,20000,16000,0.01,0.169
v2_diffusion_fixed,diffusionnostateh48_n100_s20k,diffusionnostateh48,100,20000,16100,0.01,0.162
v2_diffusion_fixed,diffusionnostateh48_n100_s20k,diffusionnostateh48,100,20000,16200,0.01,0.161
v2_diffusion_fixed,diffusionnostateh48_n100_s20k,diffusionnostateh48,100,20000,16300,0.01,0.152
v2_diffusion_fixed,diffusionnostateh48_n100_s20k,diffusionnostateh48,100,20000,16400,0.009,0.145
v2_diffusion_fixed,diffusionnostateh48_n100_s20k,diffusionnostateh48,100,20000,16500,0.01,0.155
v2_diffusion_fixed,diffusionnostateh48_n100_s20k,diffusionnostateh48,100,20000,16600,0.01,0.136
v2_diffusion_fixed,diffusionnostateh48_n100_s20k,diffusionnostateh48,100,20000,16700,0.01,0.15
v2_diffusion_fixed,diffusionnostateh48_n100_s20k,diffusionnostateh48,100,20000,16800,0.009,0.145
v2_diffusion_fixed,diffusionnostateh48_n100_s20k,diffusionnostateh48,100,20000,16900,0.009,0.148
v2_diffusion_fixed,diffusionnostateh48_n100_s20k,diffusionnostateh48,100,20000,17000,0.009,0.167
v2_diffusion_fixed,diffusionnostateh48_n100_s20k,diffusionnostateh48,100,20000,17100,0.009,0.159
v2_diffusion_fixed,diffusionnostateh48_n100_s20k,diffusionnostateh48,100,20000,17200,0.01,0.136
v2_diffusion_fixed,diffusionnostateh48_n100_s20k,diffusionnostateh48,100,20000,17300,0.009,0.138
v2_diffusion_fixed,diffusionnostateh48_n100_s20k,diffusionnostateh48,100,20000,17400,0.009,0.135
v2_diffusion_fixed,diffusionnostateh48_n100_s20k,diffusionnostateh48,100,20000,17500,0.009,0.132
v2_diffusion_fixed,diffusionnostateh48_n100_s20k,diffusionnostateh48,100,20000,17600,0.009,0.133
v2_diffusion_fixed,diffusionnostateh48_n100_s20k,diffusionnostateh48,100,20000,17700,0.009,0.133
v2_diffusion_fixed,diffusionnostateh48_n100_s20k,diffusionnostateh48,100,20000,17800,0.009,0.134
v2_diffusion_fixed,diffusionnostateh48_n100_s20k,diffusionnostateh48,100,20000,17900,0.009,0.138
v2_diffusion_fixed,diffusionnostateh48_n100_s20k,diffusionnostateh48,100,20000,18000,0.01,0.136
v2_diffusion_fixed,diffusionnostateh48_n100_s20k,diffusionnostateh48,100,20000,18100,0.009,0.129
v2_diffusion_fixed,diffusionnostateh48_n100_s20k,diffusionnostateh48,100,20000,18200,0.009,0.133
v2_diffusion_fixed,diffusionnostateh48_n100_s20k,diffusionnostateh48,100,20000,18300,0.01,0.136
v2_diffusion_fixed,diffusionnostateh48_n100_s20k,diffusionnostateh48,100,20000,18400,0.009,0.128
v2_diffusion_fixed,diffusionnostateh48_n100_s20k,diffusionnostateh48,100,20000,18500,0.009,0.125
v2_diffusion_fixed,diffusionnostateh48_n100_s20k,diffusionnostateh48,100,20000,18600,0.009,0.13
v2_diffusion_fixed,diffusionnostateh48_n100_s20k,diffusionnostateh48,100,20000,18700,0.009,0.134
v2_diffusion_fixed,diffusionnostateh48_n100_s20k,diffusionnostateh48,100,20000,18800,0.009,0.132
v2_diffusion_fixed,diffusionnostateh48_n100_s20k,diffusionnostateh48,100,20000,18900,0.009,0.126
v2_diffusion_fixed,diffusionnostateh48_n100_s20k,diffusionnostateh48,100,20000,19000,0.009,0.123
v2_diffusion_fixed,diffusionnostateh48_n100_s20k,diffusionnostateh48,100,20000,19100,0.009,0.131
v2_diffusion_fixed,diffusionnostateh48_n100_s20k,diffusionnostateh48,100,20000,19200,0.009,0.117
v2_diffusion_fixed,diffusionnostateh48_n100_s20k,diffusionnostateh48,100,20000,19300,0.009,0.122
v2_diffusion_fixed,diffusionnostateh48_n100_s20k,diffusionnostateh48,100,20000,19400,0.009,0.132
v2_diffusion_fixed,diffusionnostateh48_n100_s20k,diffusionnostateh48,100,20000,19500,0.009,0.121
v2_diffusion_fixed,diffusionnostateh48_n100_s20k,diffusionnostateh48,100,20000,19600,0.009,0.121
v2_diffusion_fixed,diffusionnostateh48_n100_s20k,diffusionnostateh48,100,20000,19700,0.009,0.124
v2_diffusion_fixed,diffusionnostateh48_n100_s20k,diffusionnostateh48,100,20000,19800,0.009,0.122
v2_diffusion_fixed,diffusionnostateh48_n100_s20k,diffusionnostateh48,100,20000,19900,0.009,0.13
v2_diffusion_fixed,diffusionnostateh48_n100_s20k,diffusionnostateh48,100,20000,20000,0.009,0.116
v2_diffusion_fixed,diffusionnostateh48_n100_s50k,diffusionnostateh48,100,50000,100,0.699,5.744
v2_diffusion_fixed,diffusionnostateh48_n100_s50k,diffusionnostateh48,100,50000,200,0.147,3.599
v2_diffusion_fixed,diffusionnostateh48_n100_s50k,diffusionnostateh48,100,50000,300,0.098,2.775
v2_diffusion_fixed,diffusionnostateh48_n100_s50k,diffusionnostateh48,100,50000,400,0.072,2.3
v2_diffusion_fixed,diffusionnostateh48_n100_s50k,diffusionnostateh48,100,50000,500,0.057,1.59
v2_diffusion_fixed,diffusionnostateh48_n100_s50k,diffusionnostateh48,100,50000,600,0.048,1.234
v2_diffusion_fixed,diffusionnostateh48_n100_s50k,diffusionnostateh48,100,50000,700,0.04,1.062
v2_diffusion_fixed,diffusionnostateh48_n100_s50k,diffusionnostateh48,100,50000,800,0.037,1.035
v2_diffusion_fixed,diffusionnostateh48_n100_s50k,diffusionnostateh48,100,50000,900,0.035,0.897
v2_diffusion_fixed,diffusionnostateh48_n100_s50k,diffusionnostateh48,100,50000,1000,0.035,0.867
v2_diffusion_fixed,diffusionnostateh48_n100_s50k,diffusionnostateh48,100,50000,1100,0.032,0.881
v2_diffusion_fixed,diffusionnostateh48_n100_s50k,diffusionnostateh48,100,50000,1200,0.031,0.835
v2_diffusion_fixed,diffusionnostateh48_n100_s50k,diffusionnostateh48,100,50000,1300,0.029,0.86
v2_diffusion_fixed,diffusionnostateh48_n100_s50k,diffusionnostateh48,100,50000,1400,0.029,0.742
v2_diffusion_fixed,diffusionnostateh48_n100_s50k,diffusionnostateh48,100,50000,1500,0.027,0.65
v2_diffusion_fixed,diffusionnostateh48_n100_s50k,diffusionnostateh48,100,50000,1600,0.025,0.642
v2_diffusion_fixed,diffusionnostateh48_n100_s50k,diffusionnostateh48,100,50000,1700,0.026,0.62
v2_diffusion_fixed,diffusionnostateh48_n100_s50k,diffusionnostateh48,100,50000,1800,0.026,0.647
v2_diffusion_fixed,diffusionnostateh48_n100_s50k,diffusionnostateh48,100,50000,1900,0.024,0.598
v2_diffusion_fixed,diffusionnostateh48_n100_s50k,diffusionnostateh48,100,50000,2000,0.024,0.573
v2_diffusion_fixed,diffusionnostateh48_n100_s50k,diffusionnostateh48,100,50000,2100,0.024,0.599
v2_diffusion_fixed,diffusionnostateh48_n100_s50k,diffusionnostateh48,100,50000,2200,0.023,0.556
v2_diffusion_fixed,diffusionnostateh48_n100_s50k,diffusionnostateh48,100,50000,2300,0.024,0.568
v2_diffusion_fixed,diffusionnostateh48_n100_s50k,diffusionnostateh48,100,50000,2400,0.023,0.522
v2_diffusion_fixed,diffusionnostateh48_n100_s50k,diffusionnostateh48,100,50000,2500,0.024,0.538
v2_diffusion_fixed,diffusionnostateh48_n100_s50k,diffusionnostateh48,100,50000,2600,0.022,0.507
v2_diffusion_fixed,diffusionnostateh48_n100_s50k,diffusionnostateh48,100,50000,2700,0.023,0.541
v2_diffusion_fixed,diffusionnostateh48_n100_s50k,diffusionnostateh48,100,50000,2800,0.021,0.463
v2_diffusion_fixed,diffusionnostateh48_n100_s50k,diffusionnostateh48,100,50000,2900,0.021,0.433
v2_diffusion_fixed,diffusionnostateh48_n100_s50k,diffusionnostateh48,100,50000,3000,0.021,0.433
v2_diffusion_fixed,diffusionnostateh48_n100_s50k,diffusionnostateh48,100,50000,3100,0.021,0.511
v2_diffusion_fixed,diffusionnostateh48_n100_s50k,diffusionnostateh48,100,50000,3200,0.022,0.519
v2_diffusion_fixed,diffusionnostateh48_n100_s50k,diffusionnostateh48,100,50000,3300,0.021,0.475
v2_diffusion_fixed,diffusionnostateh48_n100_s50k,diffusionnostateh48,100,50000,3400,0.02,0.451
v2_diffusion_fixed,diffusionnostateh48_n100_s50k,diffusionnostateh48,100,50000,3500,0.02,0.405
v2_diffusion_fixed,diffusionnostateh48_n100_s50k,diffusionnostateh48,100,50000,3600,0.021,0.529
v2_diffusion_fixed,diffusionnostateh48_n100_s50k,diffusionnostateh48,100,50000,3700,0.02,0.414
v2_diffusion_fixed,diffusionnostateh48_n100_s50k,diffusionnostateh48,100,50000,3800,0.02,0.382
v2_diffusion_fixed,diffusionnostateh48_n100_s50k,diffusionnostateh48,100,50000,3900,0.019,0.434
v2_diffusion_fixed,diffusionnostateh48_n100_s50k,diffusionnostateh48,100,50000,4000,0.02,0.391
v2_diffusion_fixed,diffusionnostateh48_n100_s50k,diffusionnostateh48,100,50000,4100,0.02,0.457
v2_diffusion_fixed,diffusionnostateh48_n100_s50k,diffusionnostateh48,100,50000,4200,0.019,0.407
v2_diffusion_fixed,diffusionnostateh48_n100_s50k,diffusionnostateh48,100,50000,4300,0.019,0.466
v2_diffusion_fixed,diffusionnostateh48_n100_s50k,diffusionnostateh48,100,50000,4400,0.019,0.386
v2_diffusion_fixed,diffusionnostateh48_n100_s50k,diffusionnostateh48,100,50000,4500,0.019,0.418
v2_diffusion_fixed,diffusionnostateh48_n100_s50k,diffusionnostateh48,100,50000,4600,0.019,0.358
v2_diffusion_fixed,diffusionnostateh48_n100_s50k,diffusionnostateh48,100,50000,4700,0.018,0.366
v2_diffusion_fixed,diffusionnostateh48_n100_s50k,diffusionnostateh48,100,50000,4800,0.019,0.391
v2_diffusion_fixed,diffusionnostateh48_n100_s50k,diffusionnostateh48,100,50000,4900,0.018,0.365
v2_diffusion_fixed,diffusionnostateh48_n100_s50k,diffusionnostateh48,100,50000,5000,0.018,0.353
v2_diffusion_fixed,diffusionnostateh48_n100_s50k,diffusionnostateh48,100,50000,5100,0.019,0.398
v2_diffusion_fixed,diffusionnostateh48_n100_s50k,diffusionnostateh48,100,50000,5200,0.018,0.38
v2_diffusion_fixed,diffusionnostateh48_n100_s50k,diffusionnostateh48,100,50000,5300,0.018,0.393
v2_diffusion_fixed,diffusionnostateh48_n100_s50k,diffusionnostateh48,100,50000,5400,0.017,0.337
v2_diffusion_fixed,diffusionnostateh48_n100_s50k,diffusionnostateh48,100,50000,5500,0.018,0.354
v2_diffusion_fixed,diffusionnostateh48_n100_s50k,diffusionnostateh48,100,50000,5600,0.018,0.348
v2_diffusion_fixed,diffusionnostateh48_n100_s50k,diffusionnostateh48,100,50000,5700,0.018,0.356
v2_diffusion_fixed,diffusionnostateh48_n100_s50k,diffusionnostateh48,100,50000,5800,0.018,0.352
v2_diffusion_fixed,diffusionnostateh48_n100_s50k,diffusionnostateh48,100,50000,5900,0.017,0.333
v2_diffusion_fixed,diffusionnostateh48_n100_s50k,diffusionnostateh48,100,50000,6000,0.018,0.331
v2_diffusion_fixed,diffusionnostateh48_n100_s50k,diffusionnostateh48,100,50000,6100,0.017,0.351
v2_diffusion_fixed,diffusionnostateh48_n100_s50k,diffusionnostateh48,100,50000,6200,0.017,0.326
v2_diffusion_fixed,diffusionnostateh48_n100_s50k,diffusionnostateh48,100,50000,6300,0.018,0.314
v2_diffusion_fixed,diffusionnostateh48_n100_s50k,diffusionnostateh48,100,50000,6400,0.018,0.361
v2_diffusion_fixed,diffusionnostateh48_n100_s50k,diffusionnostateh48,100,50000,6500,0.017,0.33
v2_diffusion_fixed,diffusionnostateh48_n100_s50k,diffusionnostateh48,100,50000,6600,0.017,0.305
v2_diffusion_fixed,diffusionnostateh48_n100_s50k,diffusionnostateh48,100,50000,6700,0.017,0.337
v2_diffusion_fixed,diffusionnostateh48_n100_s50k,diffusionnostateh48,100,50000,6800,0.016,0.334
v2_diffusion_fixed,diffusionnostateh48_n100_s50k,diffusionnostateh48,100,50000,6900,0.017,0.3
v2_diffusion_fixed,diffusionnostateh48_n100_s50k,diffusionnostateh48,100,50000,7000,0.017,0.316
v2_diffusion_fixed,diffusionnostateh48_n100_s50k,diffusionnostateh48,100,50000,7100,0.017,0.308
v2_diffusion_fixed,diffusionnostateh48_n100_s50k,diffusionnostateh48,100,50000,7200,0.017,0.332
v2_diffusion_fixed,diffusionnostateh48_n100_s50k,diffusionnostateh48,100,50000,7300,0.017,0.309
v2_diffusion_fixed,diffusionnostateh48_n100_s50k,diffusionnostateh48,100,50000,7400,0.017,0.289
v2_diffusion_fixed,diffusionnostateh48_n100_s50k,diffusionnostateh48,100,50000,7500,0.017,0.295
v2_diffusion_fixed,diffusionnostateh48_n100_s50k,diffusionnostateh48,100,50000,7600,0.018,0.349
v2_diffusion_fixed,diffusionnostateh48_n100_s50k,diffusionnostateh48,100,50000,7700,0.017,0.324
v2_diffusion_fixed,diffusionnostateh48_n100_s50k,diffusionnostateh48,100,50000,7800,0.016,0.279
v2_diffusion_fixed,diffusionnostateh48_n100_s50k,diffusionnostateh48,100,50000,7900,0.016,0.266
v2_diffusion_fixed,diffusionnostateh48_n100_s50k,diffusionnostateh48,100,50000,8000,0.016,0.321
v2_diffusion_fixed,diffusionnostateh48_n100_s50k,diffusionnostateh48,100,50000,8100,0.016,0.298
v2_diffusion_fixed,diffusionnostateh48_n100_s50k,diffusionnostateh48,100,50000,8200,0.016,0.298
v2_diffusion_fixed,diffusionnostateh48_n100_s50k,diffusionnostateh48,100,50000,8300,0.016,0.289
v2_diffusion_fixed,diffusionnostateh48_n100_s50k,diffusionnostateh48,100,50000,8400,0.016,0.309
v2_diffusion_fixed,diffusionnostateh48_n100_s50k,diffusionnostateh48,100,50000,8500,0.017,0.304
v2_diffusion_fixed,diffusionnostateh48_n100_s50k,diffusionnostateh48,100,50000,8600,0.016,0.293
v2_diffusion_fixed,diffusionnostateh48_n100_s50k,diffusionnostateh48,100,50000,8700,0.018,0.323
v2_diffusion_fixed,diffusionnostateh48_n100_s50k,diffusionnostateh48,100,50000,8800,0.016,0.27
v2_diffusion_fixed,diffusionnostateh48_n100_s50k,diffusionnostateh48,100,50000,8900,0.016,0.287
v2_diffusion_fixed,diffusionnostateh48_n100_s50k,diffusionnostateh48,100,50000,9000,0.016,0.263
v2_diffusion_fixed,diffusionnostateh48_n100_s50k,diffusionnostateh48,100,50000,9100,0.015,0.263
v2_diffusion_fixed,diffusionnostateh48_n100_s50k,diffusionnostateh48,100,50000,9200,0.015,0.26
v2_diffusion_fixed,diffusionnostateh48_n100_s50k,diffusionnostateh48,100,50000,9300,0.016,0.299
v2_diffusion_fixed,diffusionnostateh48_n100_s50k,diffusionnostateh48,100,50000,9400,0.016,0.257
v2_diffusion_fixed,diffusionnostateh48_n100_s50k,diffusionnostateh48,100,50000,9500,0.016,0.288
v2_diffusion_fixed,diffusionnostateh48_n100_s50k,diffusionnostateh48,100,50000,9600,0.015,0.238
v2_diffusion_fixed,diffusionnostateh48_n100_s50k,diffusionnostateh48,100,50000,9700,0.015,0.279
v2_diffusion_fixed,diffusionnostateh48_n100_s50k,diffusionnostateh48,100,50000,9800,0.015,0.243
v2_diffusion_fixed,diffusionnostateh48_n100_s50k,diffusionnostateh48,100,50000,9900,0.016,0.247
v2_diffusion_fixed,diffusionnostateh48_n100_s50k,diffusionnostateh48,100,50000,10000,0.015,0.288
v2_diffusion_fixed,diffusionnostateh48_n100_s50k,diffusionnostateh48,100,50000,10100,0.016,0.252
v2_diffusion_fixed,diffusionnostateh48_n100_s50k,diffusionnostateh48,100,50000,10200,0.015,0.235
v2_diffusion_fixed,diffusionnostateh48_n100_s50k,diffusionnostateh48,100,50000,10300,0.015,0.254
v2_diffusion_fixed,diffusionnostateh48_n100_s50k,diffusionnostateh48,100,50000,10400,0.016,0.29
v2_diffusion_fixed,diffusionnostateh48_n100_s50k,diffusionnostateh48,100,50000,10500,0.015,0.259
v2_diffusion_fixed,diffusionnostateh48_n100_s50k,diffusionnostateh48,100,50000,10600,0.016,0.276
v2_diffusion_fixed,diffusionnostateh48_n100_s50k,diffusionnostateh48,100,50000,10700,0.014,0.227
v2_diffusion_fixed,diffusionnostateh48_n100_s50k,diffusionnostateh48,100,50000,10800,0.015,0.256
v2_diffusion_fixed,diffusionnostateh48_n100_s50k,diffusionnostateh48,100,50000,10900,0.015,0.247
v2_diffusion_fixed,diffusionnostateh48_n100_s50k,diffusionnostateh48,100,50000,11000,0.016,0.236
v2_diffusion_fixed,diffusionnostateh48_n100_s50k,diffusionnostateh48,100,50000,11100,0.015,0.252
v2_diffusion_fixed,diffusionnostateh48_n100_s50k,diffusionnostateh48,100,50000,11200,0.015,0.228
v2_diffusion_fixed,diffusionnostateh48_n100_s50k,diffusionnostateh48,100,50000,11300,0.016,0.275
v2_diffusion_fixed,diffusionnostateh48_n100_s50k,diffusionnostateh48,100,50000,11400,0.014,0.24
v2_diffusion_fixed,diffusionnostateh48_n100_s50k,diffusionnostateh48,100,50000,11500,0.015,0.244
v2_diffusion_fixed,diffusionnostateh48_n100_s50k,diffusionnostateh48,100,50000,11600,0.015,0.223
v2_diffusion_fixed,diffusionnostateh48_n100_s50k,diffusionnostateh48,100,50000,11700,0.015,0.242
v2_diffusion_fixed,diffusionnostateh48_n100_s50k,diffusionnostateh48,100,50000,11800,0.015,0.241
v2_diffusion_fixed,diffusionnostateh48_n100_s50k,diffusionnostateh48,100,50000,11900,0.014,0.252
v2_diffusion_fixed,diffusionnostateh48_n100_s50k,diffusionnostateh48,100,50000,12000,0.015,0.245
v2_diffusion_fixed,diffusionnostateh48_n100_s50k,diffusionnostateh48,100,50000,12100,0.015,0.257
v2_diffusion_fixed,diffusionnostateh48_n100_s50k,diffusionnostateh48,100,50000,12200,0.014,0.214
v2_diffusion_fixed,diffusionnostateh48_n100_s50k,diffusionnostateh48,100,50000,12300,0.014,0.233
v2_diffusion_fixed,diffusionnostateh48_n100_s50k,diffusionnostateh48,100,50000,12400,0.014,0.24
v2_diffusion_fixed,diffusionnostateh48_n100_s50k,diffusionnostateh48,100,50000,12500,0.014,0.21
v2_diffusion_fixed,diffusionnostateh48_n100_s50k,diffusionnostateh48,100,50000,12600,0.014,0.24
v2_diffusion_fixed,diffusionnostateh48_n100_s50k,diffusionnostateh48,100,50000,12700,0.014,0.233
v2_diffusion_fixed,diffusionnostateh48_n100_s50k,diffusionnostateh48,100,50000,12800,0.014,0.222
v2_diffusion_fixed,diffusionnostateh48_n100_s50k,diffusionnostateh48,100,50000,12900,0.015,0.247
v2_diffusion_fixed,diffusionnostateh48_n100_s50k,diffusionnostateh48,100,50000,13000,0.014,0.242
v2_diffusion_fixed,diffusionnostateh48_n100_s50k,diffusionnostateh48,100,50000,13100,0.014,0.214
v2_diffusion_fixed,diffusionnostateh48_n100_s50k,diffusionnostateh48,100,50000,13200,0.014,0.218
v2_diffusion_fixed,diffusionnostateh48_n100_s50k,diffusionnostateh48,100,50000,13300,0.013,0.21
v2_diffusion_fixed,diffusionnostateh48_n100_s50k,diffusionnostateh48,100,50000,13400,0.015,0.24
v2_diffusion_fixed,diffusionnostateh48_n100_s50k,diffusionnostateh48,100,50000,13500,0.014,0.235
v2_diffusion_fixed,diffusionnostateh48_n100_s50k,diffusionnostateh48,100,50000,13600,0.014,0.223
v2_diffusion_fixed,diffusionnostateh48_n100_s50k,diffusionnostateh48,100,50000,13700,0.014,0.236
v2_diffusion_fixed,diffusionnostateh48_n100_s50k,diffusionnostateh48,100,50000,13800,0.014,0.214
v2_diffusion_fixed,diffusionnostateh48_n100_s50k,diffusionnostateh48,100,50000,13900,0.014,0.261
v2_diffusion_fixed,diffusionnostateh48_n100_s50k,diffusionnostateh48,100,50000,14000,0.013,0.221
v2_diffusion_fixed,diffusionnostateh48_n100_s50k,diffusionnostateh48,100,50000,14100,0.014,0.218
v2_diffusion_fixed,diffusionnostateh48_n100_s50k,diffusionnostateh48,100,50000,14200,0.014,0.219
v2_diffusion_fixed,diffusionnostateh48_n100_s50k,diffusionnostateh48,100,50000,14300,0.013,0.19
v2_diffusion_fixed,diffusionnostateh48_n100_s50k,diffusionnostateh48,100,50000,14400,0.014,0.234
v2_diffusion_fixed,diffusionnostateh48_n100_s50k,diffusionnostateh48,100,50000,14500,0.014,0.246
v2_diffusion_fixed,diffusionnostateh48_n100_s50k,diffusionnostateh48,100,50000,14600,0.013,0.201
v2_diffusion_fixed,diffusionnostateh48_n100_s50k,diffusionnostateh48,100,50000,14700,0.013,0.201
v2_diffusion_fixed,diffusionnostateh48_n100_s50k,diffusionnostateh48,100,50000,14800,0.013,0.232
v2_diffusion_fixed,diffusionnostateh48_n100_s50k,diffusionnostateh48,100,50000,14900,0.013,0.206
v2_diffusion_fixed,diffusionnostateh48_n100_s50k,diffusionnostateh48,100,50000,15000,0.013,0.205
v2_diffusion_fixed,diffusionnostateh48_n100_s50k,diffusionnostateh48,100,50000,15100,0.013,0.198
v2_diffusion_fixed,diffusionnostateh48_n100_s50k,diffusionnostateh48,100,50000,15200,0.013,0.196
v2_diffusion_fixed,diffusionnostateh48_n100_s50k,diffusionnostateh48,100,50000,15300,0.013,0.197
v2_diffusion_fixed,diffusionnostateh48_n100_s50k,diffusionnostateh48,100,50000,15400,0.013,0.203
v2_diffusion_fixed,diffusionnostateh48_n100_s50k,diffusionnostateh48,100,50000,15500,0.014,0.218
v2_diffusion_fixed,diffusionnostateh48_n100_s50k,diffusionnostateh48,100,50000,15600,0.013,0.204
v2_diffusion_fixed,diffusionnostateh48_n100_s50k,diffusionnostateh48,100,50000,15700,0.013,0.186
v2_diffusion_fixed,diffusionnostateh48_n100_s50k,diffusionnostateh48,100,50000,15800,0.013,0.205
v2_diffusion_fixed,diffusionnostateh48_n100_s50k,diffusionnostateh48,100,50000,15900,0.014,0.235
v2_diffusion_fixed,diffusionnostateh48_n100_s50k,diffusionnostateh48,100,50000,16000,0.013,0.211
v2_diffusion_fixed,diffusionnostateh48_n100_s50k,diffusionnostateh48,100,50000,16100,0.013,0.207
v2_diffusion_fixed,diffusionnostateh48_n100_s50k,diffusionnostateh48,100,50000,16200,0.012,0.201
v2_diffusion_fixed,diffusionnostateh48_n100_s50k,diffusionnostateh48,100,50000,16300,0.013,0.217
v2_diffusion_fixed,diffusionnostateh48_n100_s50k,diffusionnostateh48,100,50000,16400,0.013,0.202
v2_diffusion_fixed,diffusionnostateh48_n100_s50k,diffusionnostateh48,100,50000,16500,0.013,0.225
v2_diffusion_fixed,diffusionnostateh48_n100_s50k,diffusionnostateh48,100,50000,16600,0.014,0.245
v2_diffusion_fixed,diffusionnostateh48_n100_s50k,diffusionnostateh48,100,50000,16700,0.014,0.237
v2_diffusion_fixed,diffusionnostateh48_n100_s50k,diffusionnostateh48,100,50000,16800,0.012,0.203
v2_diffusion_fixed,diffusionnostateh48_n100_s50k,diffusionnostateh48,100,50000,16900,0.013,0.19
v2_diffusion_fixed,diffusionnostateh48_n100_s50k,diffusionnostateh48,100,50000,17000,0.012,0.187
v2_diffusion_fixed,diffusionnostateh48_n100_s50k,diffusionnostateh48,100,50000,17100,0.012,0.211
v2_diffusion_fixed,diffusionnostateh48_n100_s50k,diffusionnostateh48,100,50000,17200,0.013,0.188
v2_diffusion_fixed,diffusionnostateh48_n100_s50k,diffusionnostateh48,100,50000,17300,0.012,0.205
v2_diffusion_fixed,diffusionnostateh48_n100_s50k,diffusionnostateh48,100,50000,17400,0.012,0.203
v2_diffusion_fixed,diffusionnostateh48_n100_s50k,diffusionnostateh48,100,50000,17500,0.012,0.193
v2_diffusion_fixed,diffusionnostateh48_n100_s50k,diffusionnostateh48,100,50000,17600,0.012,0.214
v2_diffusion_fixed,diffusionnostateh48_n100_s50k,diffusionnostateh48,100,50000,17700,0.012,0.197
v2_diffusion_fixed,diffusionnostateh48_n100_s50k,diffusionnostateh48,100,50000,17800,0.012,0.226
v2_diffusion_fixed,diffusionnostateh48_n100_s50k,diffusionnostateh48,100,50000,17900,0.012,0.188
v2_diffusion_fixed,diffusionnostateh48_n100_s50k,diffusionnostateh48,100,50000,18000,0.013,0.202
v2_diffusion_fixed,diffusionnostateh48_n100_s50k,diffusionnostateh48,100,50000,18100,0.012,0.198
v2_diffusion_fixed,diffusionnostateh48_n100_s50k,diffusionnostateh48,100,50000,18200,0.012,0.204
v2_diffusion_fixed,diffusionnostateh48_n100_s50k,diffusionnostateh48,100,50000,18300,0.013,0.211
v2_diffusion_fixed,diffusionnostateh48_n100_s50k,diffusionnostateh48,100,50000,18400,0.012,0.189
v2_diffusion_fixed,diffusionnostateh48_n100_s50k,diffusionnostateh48,100,50000,18500,0.011,0.183
v2_diffusion_fixed,diffusionnostateh48_n100_s50k,diffusionnostateh48,100,50000,18600,0.013,0.197
v2_diffusion_fixed,diffusionnostateh48_n100_s50k,diffusionnostateh48,100,50000,18700,0.012,0.195
v2_diffusion_fixed,diffusionnostateh48_n100_s50k,diffusionnostateh48,100,50000,18800,0.013,0.205
v2_diffusion_fixed,diffusionnostateh48_n100_s50k,diffusionnostateh48,100,50000,18900,0.012,0.175
v2_diffusion_fixed,diffusionnostateh48_n100_s50k,diffusionnostateh48,100,50000,19000,0.012,0.201
v2_diffusion_fixed,diffusionnostateh48_n100_s50k,diffusionnostateh48,100,50000,19100,0.012,0.21
v2_diffusion_fixed,diffusionnostateh48_n100_s50k,diffusionnostateh48,100,50000,19200,0.012,0.198
v2_diffusion_fixed,diffusionnostateh48_n100_s50k,diffusionnostateh48,100,50000,19300,0.012,0.198
v2_diffusion_fixed,diffusionnostateh48_n100_s50k,diffusionnostateh48,100,50000,19400,0.012,0.187
v2_diffusion_fixed,diffusionnostateh48_n100_s50k,diffusionnostateh48,100,50000,19500,0.011,0.218
v2_diffusion_fixed,diffusionnostateh48_n100_s50k,diffusionnostateh48,100,50000,19600,0.012,0.179
v2_diffusion_fixed,diffusionnostateh48_n100_s50k,diffusionnostateh48,100,50000,19700,0.012,0.187
v2_diffusion_fixed,diffusionnostateh48_n100_s50k,diffusionnostateh48,100,50000,19800,0.012,0.2
v2_diffusion_fixed,diffusionnostateh48_n100_s50k,diffusionnostateh48,100,50000,19900,0.012,0.205
v2_diffusion_fixed,diffusionnostateh48_n100_s50k,diffusionnostateh48,100,50000,20000,0.012,0.203
v2_diffusion_fixed,diffusionnostateh48_n100_s50k,diffusionnostateh48,100,50000,20100,0.012,0.183
v2_diffusion_fixed,diffusionnostateh48_n100_s50k,diffusionnostateh48,100,50000,20200,0.011,0.186
v2_diffusion_fixed,diffusionnostateh48_n100_s50k,diffusionnostateh48,100,50000,20300,0.012,0.186
v2_diffusion_fixed,diffusionnostateh48_n100_s50k,diffusionnostateh48,100,50000,20400,0.012,0.168
v2_diffusion_fixed,diffusionnostateh48_n100_s50k,diffusionnostateh48,100,50000,20500,0.011,0.195
v2_diffusion_fixed,diffusionnostateh48_n100_s50k,diffusionnostateh48,100,50000,20600,0.012,0.197
v2_diffusion_fixed,diffusionnostateh48_n100_s50k,diffusionnostateh48,100,50000,20700,0.012,0.195
v2_diffusion_fixed,diffusionnostateh48_n100_s50k,diffusionnostateh48,100,50000,20800,0.011,0.167
v2_diffusion_fixed,diffusionnostateh48_n100_s50k,diffusionnostateh48,100,50000,20900,0.012,0.187
v2_diffusion_fixed,diffusionnostateh48_n100_s50k,diffusionnostateh48,100,50000,21000,0.012,0.18
v2_diffusion_fixed,diffusionnostateh48_n100_s50k,diffusionnostateh48,100,50000,21100,0.011,0.169
v2_diffusion_fixed,diffusionnostateh48_n100_s50k,diffusionnostateh48,100,50000,21200,0.012,0.209
v2_diffusion_fixed,diffusionnostateh48_n100_s50k,diffusionnostateh48,100,50000,21300,0.012,0.184
v2_diffusion_fixed,diffusionnostateh48_n100_s50k,diffusionnostateh48,100,50000,21400,0.011,0.189
v2_diffusion_fixed,diffusionnostateh48_n100_s50k,diffusionnostateh48,100,50000,21500,0.011,0.18
v2_diffusion_fixed,diffusionnostateh48_n100_s50k,diffusionnostateh48,100,50000,21600,0.011,0.18
v2_diffusion_fixed,diffusionnostateh48_n100_s50k,diffusionnostateh48,100,50000,21700,0.011,0.185
v2_diffusion_fixed,diffusionnostateh48_n100_s50k,diffusionnostateh48,100,50000,21800,0.011,0.178
v2_diffusion_fixed,diffusionnostateh48_n100_s50k,diffusionnostateh48,100,50000,21900,0.012,0.189
v2_diffusion_fixed,diffusionnostateh48_n100_s50k,diffusionnostateh48,100,50000,22000,0.011,0.182
v2_diffusion_fixed,diffusionnostateh48_n100_s50k,diffusionnostateh48,100,50000,22100,0.011,0.173
v2_diffusion_fixed,diffusionnostateh48_n100_s50k,diffusionnostateh48,100,50000,22200,0.012,0.195
v2_diffusion_fixed,diffusionnostateh48_n100_s50k,diffusionnostateh48,100,50000,22300,0.011,0.178
v2_diffusion_fixed,diffusionnostateh48_n100_s50k,diffusionnostateh48,100,50000,22400,0.011,0.166
v2_diffusion_fixed,diffusionnostateh48_n100_s50k,diffusionnostateh48,100,50000,22500,0.01,0.174
v2_diffusion_fixed,diffusionnostateh48_n100_s50k,diffusionnostateh48,100,50000,22600,0.01,0.161
v2_diffusion_fixed,diffusionnostateh48_n100_s50k,diffusionnostateh48,100,50000,22700,0.012,0.202
v2_diffusion_fixed,diffusionnostateh48_n100_s50k,diffusionnostateh48,100,50000,22800,0.011,0.195
v2_diffusion_fixed,diffusionnostateh48_n100_s50k,diffusionnostateh48,100,50000,22900,0.01,0.16
v2_diffusion_fixed,diffusionnostateh48_n100_s50k,diffusionnostateh48,100,50000,23000,0.011,0.157
v2_diffusion_fixed,diffusionnostateh48_n100_s50k,diffusionnostateh48,100,50000,23100,0.011,0.173
v2_diffusion_fixed,diffusionnostateh48_n100_s50k,diffusionnostateh48,100,50000,23200,0.011,0.182
v2_diffusion_fixed,diffusionnostateh48_n100_s50k,diffusionnostateh48,100,50000,23300,0.01,0.187
v2_diffusion_fixed,diffusionnostateh48_n100_s50k,diffusionnostateh48,100,50000,23400,0.011,0.181
v2_diffusion_fixed,diffusionnostateh48_n100_s50k,diffusionnostateh48,100,50000,23500,0.01,0.168
v2_diffusion_fixed,diffusionnostateh48_n100_s50k,diffusionnostateh48,100,50000,23600,0.011,0.187
v2_diffusion_fixed,diffusionnostateh48_n100_s50k,diffusionnostateh48,100,50000,23700,0.011,0.163
v2_diffusion_fixed,diffusionnostateh48_n100_s50k,diffusionnostateh48,100,50000,23800,0.01,0.219
v2_diffusion_fixed,diffusionnostateh48_n100_s50k,diffusionnostateh48,100,50000,23900,0.011,0.169
v2_diffusion_fixed,diffusionnostateh48_n100_s50k,diffusionnostateh48,100,50000,24000,0.011,0.191
v2_diffusion_fixed,diffusionnostateh48_n100_s50k,diffusionnostateh48,100,50000,24100,0.011,0.191
v2_diffusion_fixed,diffusionnostateh48_n100_s50k,diffusionnostateh48,100,50000,24200,0.011,0.174
v2_diffusion_fixed,diffusionnostateh48_n100_s50k,diffusionnostateh48,100,50000,24300,0.011,0.195
v2_diffusion_fixed,diffusionnostateh48_n100_s50k,diffusionnostateh48,100,50000,24400,0.01,0.163
v2_diffusion_fixed,diffusionnostateh48_n100_s50k,diffusionnostateh48,100,50000,24500,0.01,0.173
v2_diffusion_fixed,diffusionnostateh48_n100_s50k,diffusionnostateh48,100,50000,24600,0.011,0.181
v2_diffusion_fixed,diffusionnostateh48_n100_s50k,diffusionnostateh48,100,50000,24700,0.01,0.164
v2_diffusion_fixed,diffusionnostateh48_n100_s50k,diffusionnostateh48,100,50000,24800,0.01,0.172
v2_diffusion_fixed,diffusionnostateh48_n100_s50k,diffusionnostateh48,100,50000,24900,0.01,0.166
v2_diffusion_fixed,diffusionnostateh48_n100_s50k,diffusionnostateh48,100,50000,25000,0.01,0.164
v2_diffusion_fixed,diffusionnostateh48_n100_s50k,diffusionnostateh48,100,50000,25100,0.011,0.178
v2_diffusion_fixed,diffusionnostateh48_n100_s50k,diffusionnostateh48,100,50000,25200,0.01,0.189
v2_diffusion_fixed,diffusionnostateh48_n100_s50k,diffusionnostateh48,100,50000,25300,0.01,0.164
v2_diffusion_fixed,diffusionnostateh48_n100_s50k,diffusionnostateh48,100,50000,25400,0.01,0.168
v2_diffusion_fixed,diffusionnostateh48_n100_s50k,diffusionnostateh48,100,50000,25500,0.01,0.167
v2_diffusion_fixed,diffusionnostateh48_n100_s50k,diffusionnostateh48,100,50000,25600,0.011,0.187
v2_diffusion_fixed,diffusionnostateh48_n100_s50k,diffusionnostateh48,100,50000,25700,0.011,0.183
v2_diffusion_fixed,diffusionnostateh48_n100_s50k,diffusionnostateh48,100,50000,25800,0.01,0.152
v2_diffusion_fixed,diffusionnostateh48_n100_s50k,diffusionnostateh48,100,50000,25900,0.009,0.14
v2_diffusion_fixed,diffusionnostateh48_n100_s50k,diffusionnostateh48,100,50000,26000,0.01,0.169
v2_diffusion_fixed,diffusionnostateh48_n100_s50k,diffusionnostateh48,100,50000,26100,0.009,0.169
v2_diffusion_fixed,diffusionnostateh48_n100_s50k,diffusionnostateh48,100,50000,26200,0.01,0.18
v2_diffusion_fixed,diffusionnostateh48_n100_s50k,diffusionnostateh48,100,50000,26300,0.01,0.158
v2_diffusion_fixed,diffusionnostateh48_n100_s50k,diffusionnostateh48,100,50000,26400,0.01,0.187
v2_diffusion_fixed,diffusionnostateh48_n100_s50k,diffusionnostateh48,100,50000,26500,0.009,0.151
v2_diffusion_fixed,diffusionnostateh48_n100_s50k,diffusionnostateh48,100,50000,26600,0.009,0.151
v2_diffusion_fixed,diffusionnostateh48_n100_s50k,diffusionnostateh48,100,50000,26700,0.009,0.161
v2_diffusion_fixed,diffusionnostateh48_n100_s50k,diffusionnostateh48,100,50000,26800,0.01,0.184
v2_diffusion_fixed,diffusionnostateh48_n100_s50k,diffusionnostateh48,100,50000,26900,0.009,0.146
v2_diffusion_fixed,diffusionnostateh48_n100_s50k,diffusionnostateh48,100,50000,27000,0.009,0.16
v2_diffusion_fixed,diffusionnostateh48_n100_s50k,diffusionnostateh48,100,50000,27100,0.01,0.153
v2_diffusion_fixed,diffusionnostateh48_n100_s50k,diffusionnostateh48,100,50000,27200,0.01,0.153
v2_diffusion_fixed,diffusionnostateh48_n100_s50k,diffusionnostateh48,100,50000,27300,0.009,0.156
v2_diffusion_fixed,diffusionnostateh48_n100_s50k,diffusionnostateh48,100,50000,27400,0.009,0.171
v2_diffusion_fixed,diffusionnostateh48_n100_s50k,diffusionnostateh48,100,50000,27500,0.01,0.174
v2_diffusion_fixed,diffusionnostateh48_n100_s50k,diffusionnostateh48,100,50000,27600,0.009,0.163
v2_diffusion_fixed,diffusionnostateh48_n100_s50k,diffusionnostateh48,100,50000,27700,0.01,0.152
v2_diffusion_fixed,diffusionnostateh48_n100_s50k,diffusionnostateh48,100,50000,27800,0.01,0.161
v2_diffusion_fixed,diffusionnostateh48_n100_s50k,diffusionnostateh48,100,50000,27900,0.009,0.165
v2_diffusion_fixed,diffusionnostateh48_n100_s50k,diffusionnostateh48,100,50000,28000,0.01,0.165
v2_diffusion_fixed,diffusionnostateh48_n100_s50k,diffusionnostateh48,100,50000,28100,0.009,0.15
v2_diffusion_fixed,diffusionnostateh48_n100_s50k,diffusionnostateh48,100,50000,28200,0.01,0.173
v2_diffusion_fixed,diffusionnostateh48_n100_s50k,diffusionnostateh48,100,50000,28300,0.01,0.189
v2_diffusion_fixed,diffusionnostateh48_n100_s50k,diffusionnostateh48,100,50000,28400,0.009,0.151
v2_diffusion_fixed,diffusionnostateh48_n100_s50k,diffusionnostateh48,100,50000,28500,0.01,0.176
v2_diffusion_fixed,diffusionnostateh48_n100_s50k,diffusionnostateh48,100,50000,28600,0.008,0.152
v2_diffusion_fixed,diffusionnostateh48_n100_s50k,diffusionnostateh48,100,50000,28700,0.01,0.161
v2_diffusion_fixed,diffusionnostateh48_n100_s50k,diffusionnostateh48,100,50000,28800,0.009,0.143
v2_diffusion_fixed,diffusionnostateh48_n100_s50k,diffusionnostateh48,100,50000,28900,0.009,0.166
v2_diffusion_fixed,diffusionnostateh48_n100_s50k,diffusionnostateh48,100,50000,29000,0.009,0.165
v2_diffusion_fixed,diffusionnostateh48_n100_s50k,diffusionnostateh48,100,50000,29100,0.009,0.159
v2_diffusion_fixed,diffusionnostateh48_n100_s50k,diffusionnostateh48,100,50000,29200,0.01,0.165
v2_diffusion_fixed,diffusionnostateh48_n100_s50k,diffusionnostateh48,100,50000,29300,0.009,0.155
v2_diffusion_fixed,diffusionnostateh48_n100_s50k,diffusionnostateh48,100,50000,29400,0.009,0.158
v2_diffusion_fixed,diffusionnostateh48_n100_s50k,diffusionnostateh48,100,50000,29500,0.009,0.163
v2_diffusion_fixed,diffusionnostateh48_n100_s50k,diffusionnostateh48,100,50000,29600,0.01,0.171
v2_diffusion_fixed,diffusionnostateh48_n100_s50k,diffusionnostateh48,100,50000,29700,0.009,0.148
v2_diffusion_fixed,diffusionnostateh48_n100_s50k,diffusionnostateh48,100,50000,29800,0.008,0.143
v2_diffusion_fixed,diffusionnostateh48_n100_s50k,diffusionnostateh48,100,50000,29900,0.009,0.144
v2_diffusion_fixed,diffusionnostateh48_n100_s50k,diffusionnostateh48,100,50000,30000,0.01,0.156
v2_diffusion_fixed,diffusionnostateh48_n100_s50k,diffusionnostateh48,100,50000,30100,0.009,0.153
v2_diffusion_fixed,diffusionnostateh48_n100_s50k,diffusionnostateh48,100,50000,30200,0.008,0.144
v2_diffusion_fixed,diffusionnostateh48_n100_s50k,diffusionnostateh48,100,50000,30300,0.009,0.144
v2_diffusion_fixed,diffusionnostateh48_n100_s50k,diffusionnostateh48,100,50000,30400,0.009,0.14
v2_diffusion_fixed,diffusionnostateh48_n100_s50k,diffusionnostateh48,100,50000,30500,0.009,0.165
v2_diffusion_fixed,diffusionnostateh48_n100_s50k,diffusionnostateh48,100,50000,30600,0.009,0.151
v2_diffusion_fixed,diffusionnostateh48_n100_s50k,diffusionnostateh48,100,50000,30700,0.009,0.155
v2_diffusion_fixed,diffusionnostateh48_n100_s50k,diffusionnostateh48,100,50000,30800,0.009,0.167
v2_diffusion_fixed,diffusionnostateh48_n100_s50k,diffusionnostateh48,100,50000,30900,0.008,0.135
v2_diffusion_fixed,diffusionnostateh48_n100_s50k,diffusionnostateh48,100,50000,31000,0.009,0.147
v2_diffusion_fixed,diffusionnostateh48_n100_s50k,diffusionnostateh48,100,50000,31100,0.009,0.151
v2_diffusion_fixed,diffusionnostateh48_n100_s50k,diffusionnostateh48,100,50000,31200,0.009,0.152
v2_diffusion_fixed,diffusionnostateh48_n100_s50k,diffusionnostateh48,100,50000,31300,0.009,0.149
v2_diffusion_fixed,diffusionnostateh48_n100_s50k,diffusionnostateh48,100,50000,31400,0.009,0.141
v2_diffusion_fixed,diffusionnostateh48_n100_s50k,diffusionnostateh48,100,50000,31500,0.008,0.135
v2_diffusion_fixed,diffusionnostateh48_n100_s50k,diffusionnostateh48,100,50000,31600,0.009,0.166
v2_diffusion_fixed,diffusionnostateh48_n100_s50k,diffusionnostateh48,100,50000,31700,0.008,0.142
v2_diffusion_fixed,diffusionnostateh48_n100_s50k,diffusionnostateh48,100,50000,31800,0.009,0.151
v2_diffusion_fixed,diffusionnostateh48_n100_s50k,diffusionnostateh48,100,50000,31900,0.009,0.141
v2_diffusion_fixed,diffusionnostateh48_n100_s50k,diffusionnostateh48,100,50000,32000,0.008,0.156
v2_diffusion_fixed,diffusionnostateh48_n100_s50k,diffusionnostateh48,100,50000,32100,0.009,0.16
v2_diffusion_fixed,diffusionnostateh48_n100_s50k,diffusionnostateh48,100,50000,32200,0.008,0.134
v2_diffusion_fixed,diffusionnostateh48_n100_s50k,diffusionnostateh48,100,50000,32300,0.009,0.147
v2_diffusion_fixed,diffusionnostateh48_n100_s50k,diffusionnostateh48,100,50000,32400,0.008,0.14
v2_diffusion_fixed,diffusionnostateh48_n100_s50k,diffusionnostateh48,100,50000,32500,0.008,0.138
v2_diffusion_fixed,diffusionnostateh48_n100_s50k,diffusionnostateh48,100,50000,32600,0.008,0.156
v2_diffusion_fixed,diffusionnostateh48_n100_s50k,diffusionnostateh48,100,50000,32700,0.008,0.14
v2_diffusion_fixed,diffusionnostateh48_n100_s50k,diffusionnostateh48,100,50000,32800,0.009,0.144
v2_diffusion_fixed,diffusionnostateh48_n100_s50k,diffusionnostateh48,100,50000,32900,0.008,0.13
v2_diffusion_fixed,diffusionnostateh48_n100_s50k,diffusionnostateh48,100,50000,33000,0.008,0.138
v2_diffusion_fixed,diffusionnostateh48_n100_s50k,diffusionnostateh48,100,50000,33100,0.008,0.15
v2_diffusion_fixed,diffusionnostateh48_n100_s50k,diffusionnostateh48,100,50000,33200,0.008,0.14
v2_diffusion_fixed,diffusionnostateh48_n100_s50k,diffusionnostateh48,100,50000,33300,0.008,0.143
v2_diffusion_fixed,diffusionnostateh48_n100_s50k,diffusionnostateh48,100,50000,33400,0.008,0.148
v2_diffusion_fixed,diffusionnostateh48_n100_s50k,diffusionnostateh48,100,50000,33500,0.008,0.14
v2_diffusion_fixed,diffusionnostateh48_n100_s50k,diffusionnostateh48,100,50000,33600,0.008,0.135
v2_diffusion_fixed,diffusionnostateh48_n100_s50k,diffusionnostateh48,100,50000,33700,0.008,0.143
v2_diffusion_fixed,diffusionnostateh48_n100_s50k,diffusionnostateh48,100,50000,33800,0.008,0.143
v2_diffusion_fixed,diffusionnostateh48_n100_s50k,diffusionnostateh48,100,50000,33900,0.008,0.137
v2_diffusion_fixed,diffusionnostateh48_n100_s50k,diffusionnostateh48,100,50000,34000,0.008,0.137
v2_diffusion_fixed,diffusionnostateh48_n100_s50k,diffusionnostateh48,100,50000,34100,0.008,0.139
v2_diffusion_fixed,diffusionnostateh48_n100_s50k,diffusionnostateh48,100,50000,34200,0.008,0.146
v2_diffusion_fixed,diffusionnostateh48_n100_s50k,diffusionnostateh48,100,50000,34300,0.008,0.14
v2_diffusion_fixed,diffusionnostateh48_n100_s50k,diffusionnostateh48,100,50000,34400,0.008,0.158
v2_diffusion_fixed,diffusionnostateh48_n100_s50k,diffusionnostateh48,100,50000,34500,0.008,0.132
v2_diffusion_fixed,diffusionnostateh48_n100_s50k,diffusionnostateh48,100,50000,34600,0.007,0.13
v2_diffusion_fixed,diffusionnostateh48_n100_s50k,diffusionnostateh48,100,50000,34700,0.008,0.134
v2_diffusion_fixed,diffusionnostateh48_n100_s50k,diffusionnostateh48,100,50000,34800,0.009,0.148
v2_diffusion_fixed,diffusionnostateh48_n100_s50k,diffusionnostateh48,100,50000,34900,0.008,0.144
v2_diffusion_fixed,diffusionnostateh48_n100_s50k,diffusionnostateh48,100,50000,35000,0.008,0.129
v2_diffusion_fixed,diffusionnostateh48_n100_s50k,diffusionnostateh48,100,50000,35100,0.008,0.141
v2_diffusion_fixed,diffusionnostateh48_n100_s50k,diffusionnostateh48,100,50000,35200,0.008,0.139
v2_diffusion_fixed,diffusionnostateh48_n100_s50k,diffusionnostateh48,100,50000,35300,0.008,0.143
v2_diffusion_fixed,diffusionnostateh48_n100_s50k,diffusionnostateh48,100,50000,35400,0.008,0.139
v2_diffusion_fixed,diffusionnostateh48_n100_s50k,diffusionnostateh48,100,50000,35500,0.008,0.134
v2_diffusion_fixed,diffusionnostateh48_n100_s50k,diffusionnostateh48,100,50000,35600,0.007,0.134
v2_diffusion_fixed,diffusionnostateh48_n100_s50k,diffusionnostateh48,100,50000,35700,0.008,0.131
v2_diffusion_fixed,diffusionnostateh48_n100_s50k,diffusionnostateh48,100,50000,35800,0.007,0.125
v2_diffusion_fixed,diffusionnostateh48_n100_s50k,diffusionnostateh48,100,50000,35900,0.007,0.134
v2_diffusion_fixed,diffusionnostateh48_n100_s50k,diffusionnostateh48,100,50000,36000,0.008,0.129
v2_diffusion_fixed,diffusionnostateh48_n100_s50k,diffusionnostateh48,100,50000,36100,0.007,0.128
v2_diffusion_fixed,diffusionnostateh48_n100_s50k,diffusionnostateh48,100,50000,36200,0.008,0.148
v2_diffusion_fixed,diffusionnostateh48_n100_s50k,diffusionnostateh48,100,50000,36300,0.007,0.131
v2_diffusion_fixed,diffusionnostateh48_n100_s50k,diffusionnostateh48,100,50000,36400,0.008,0.133
v2_diffusion_fixed,diffusionnostateh48_n100_s50k,diffusionnostateh48,100,50000,36500,0.008,0.13
v2_diffusion_fixed,diffusionnostateh48_n100_s50k,diffusionnostateh48,100,50000,36600,0.008,0.137
v2_diffusion_fixed,diffusionnostateh48_n100_s50k,diffusionnostateh48,100,50000,36700,0.008,0.143
v2_diffusion_fixed,diffusionnostateh48_n100_s50k,diffusionnostateh48,100,50000,36800,0.007,0.129
v2_diffusion_fixed,diffusionnostateh48_n100_s50k,diffusionnostateh48,100,50000,36900,0.007,0.128
v2_diffusion_fixed,diffusionnostateh48_n100_s50k,diffusionnostateh48,100,50000,37000,0.007,0.129
v2_diffusion_fixed,diffusionnostateh48_n100_s50k,diffusionnostateh48,100,50000,37100,0.007,0.133
v2_diffusion_fixed,diffusionnostateh48_n100_s50k,diffusionnostateh48,100,50000,37200,0.008,0.145
v2_diffusion_fixed,diffusionnostateh48_n100_s50k,diffusionnostateh48,100,50000,37300,0.007,0.135
v2_diffusion_fixed,diffusionnostateh48_n100_s50k,diffusionnostateh48,100,50000,37400,0.008,0.132
v2_diffusion_fixed,diffusionnostateh48_n100_s50k,diffusionnostateh48,100,50000,37500,0.007,0.124
v2_diffusion_fixed,diffusionnostateh48_n100_s50k,diffusionnostateh48,100,50000,37600,0.007,0.128
v2_diffusion_fixed,diffusionnostateh48_n100_s50k,diffusionnostateh48,100,50000,37700,0.007,0.128
v2_diffusion_fixed,diffusionnostateh48_n100_s50k,diffusionnostateh48,100,50000,37800,0.007,0.123
v2_diffusion_fixed,diffusionnostateh48_n100_s50k,diffusionnostateh48,100,50000,37900,0.007,0.129
v2_diffusion_fixed,diffusionnostateh48_n100_s50k,diffusionnostateh48,100,50000,38000,0.007,0.125
v2_diffusion_fixed,diffusionnostateh48_n100_s50k,diffusionnostateh48,100,50000,38100,0.007,0.13
v2_diffusion_fixed,diffusionnostateh48_n100_s50k,diffusionnostateh48,100,50000,38200,0.007,0.125
v2_diffusion_fixed,diffusionnostateh48_n100_s50k,diffusionnostateh48,100,50000,38300,0.007,0.12
v2_diffusion_fixed,diffusionnostateh48_n100_s50k,diffusionnostateh48,100,50000,38400,0.007,0.127
v2_diffusion_fixed,diffusionnostateh48_n100_s50k,diffusionnostateh48,100,50000,38500,0.007,0.13
v2_diffusion_fixed,diffusionnostateh48_n100_s50k,diffusionnostateh48,100,50000,38600,0.007,0.119
v2_diffusion_fixed,diffusionnostateh48_n100_s50k,diffusionnostateh48,100,50000,38700,0.007,0.135
v2_diffusion_fixed,diffusionnostateh48_n100_s50k,diffusionnostateh48,100,50000,38800,0.007,0.126
v2_diffusion_fixed,diffusionnostateh48_n100_s50k,diffusionnostateh48,100,50000,38900,0.007,0.124
v2_diffusion_fixed,diffusionnostateh48_n100_s50k,diffusionnostateh48,100,50000,39000,0.007,0.125
v2_diffusion_fixed,diffusionnostateh48_n100_s50k,diffusionnostateh48,100,50000,39100,0.007,0.127
v2_diffusion_fixed,diffusionnostateh48_n100_s50k,diffusionnostateh48,100,50000,39200,0.007,0.119
v2_diffusion_fixed,diffusionnostateh48_n100_s50k,diffusionnostateh48,100,50000,39300,0.007,0.13
v2_diffusion_fixed,diffusionnostateh48_n100_s50k,diffusionnostateh48,100,50000,39400,0.007,0.122
v2_diffusion_fixed,diffusionnostateh48_n100_s50k,diffusionnostateh48,100,50000,39500,0.007,0.123
v2_diffusion_fixed,diffusionnostateh48_n100_s50k,diffusionnostateh48,100,50000,39600,0.007,0.121
v2_diffusion_fixed,diffusionnostateh48_n100_s50k,diffusionnostateh48,100,50000,39700,0.007,0.112
v2_diffusion_fixed,diffusionnostateh48_n100_s50k,diffusionnostateh48,100,50000,39800,0.007,0.114
v2_diffusion_fixed,diffusionnostateh48_n100_s50k,diffusionnostateh48,100,50000,39900,0.007,0.124
v2_diffusion_fixed,diffusionnostateh48_n100_s50k,diffusionnostateh48,100,50000,40000,0.006,0.119
v2_diffusion_fixed,diffusionnostateh48_n100_s50k,diffusionnostateh48,100,50000,40100,0.007,0.121
v2_diffusion_fixed,diffusionnostateh48_n100_s50k,diffusionnostateh48,100,50000,40200,0.007,0.123
v2_diffusion_fixed,diffusionnostateh48_n100_s50k,diffusionnostateh48,100,50000,40300,0.007,0.125
v2_diffusion_fixed,diffusionnostateh48_n100_s50k,diffusionnostateh48,100,50000,40400,0.007,0.119
v2_diffusion_fixed,diffusionnostateh48_n100_s50k,diffusionnostateh48,100,50000,40500,0.007,0.117
v2_diffusion_fixed,diffusionnostateh48_n100_s50k,diffusionnostateh48,100,50000,40600,0.007,0.123
v2_diffusion_fixed,diffusionnostateh48_n100_s50k,diffusionnostateh48,100,50000,40700,0.007,0.117
v2_diffusion_fixed,diffusionnostateh48_n100_s50k,diffusionnostateh48,100,50000,40800,0.007,0.112
v2_diffusion_fixed,diffusionnostateh48_n100_s50k,diffusionnostateh48,100,50000,40900,0.007,0.118
v2_diffusion_fixed,diffusionnostateh48_n100_s50k,diffusionnostateh48,100,50000,41000,0.007,0.124
v2_diffusion_fixed,diffusionnostateh48_n100_s50k,diffusionnostateh48,100,50000,41100,0.007,0.124
v2_diffusion_fixed,diffusionnostateh48_n100_s50k,diffusionnostateh48,100,50000,41200,0.007,0.118
v2_diffusion_fixed,diffusionnostateh48_n100_s50k,diffusionnostateh48,100,50000,41300,0.007,0.127
v2_diffusion_fixed,diffusionnostateh48_n100_s50k,diffusionnostateh48,100,50000,41400,0.007,0.127
v2_diffusion_fixed,diffusionnostateh48_n100_s50k,diffusionnostateh48,100,50000,41500,0.007,0.128
v2_diffusion_fixed,diffusionnostateh48_n100_s50k,diffusionnostateh48,100,50000,41600,0.007,0.126
v2_diffusion_fixed,diffusionnostateh48_n100_s50k,diffusionnostateh48,100,50000,41700,0.006,0.115
v2_diffusion_fixed,diffusionnostateh48_n100_s50k,diffusionnostateh48,100,50000,41800,0.006,0.119
v2_diffusion_fixed,diffusionnostateh48_n100_s50k,diffusionnostateh48,100,50000,41900,0.007,0.118
v2_diffusion_fixed,diffusionnostateh48_n100_s50k,diffusionnostateh48,100,50000,42000,0.006,0.112
v2_diffusion_fixed,diffusionnostateh48_n100_s50k,diffusionnostateh48,100,50000,42100,0.006,0.113
v2_diffusion_fixed,diffusionnostateh48_n100_s50k,diffusionnostateh48,100,50000,42200,0.006,0.114
v2_diffusion_fixed,diffusionnostateh48_n100_s50k,diffusionnostateh48,100,50000,42300,0.007,0.119
v2_diffusion_fixed,diffusionnostateh48_n100_s50k,diffusionnostateh48,100,50000,42400,0.006,0.117
v2_diffusion_fixed,diffusionnostateh48_n100_s50k,diffusionnostateh48,100,50000,42500,0.006,0.121
v2_diffusion_fixed,diffusionnostateh48_n100_s50k,diffusionnostateh48,100,50000,42600,0.006,0.123
v2_diffusion_fixed,diffusionnostateh48_n100_s50k,diffusionnostateh48,100,50000,42700,0.007,0.125
v2_diffusion_fixed,diffusionnostateh48_n100_s50k,diffusionnostateh48,100,50000,42800,0.006,0.109
v2_diffusion_fixed,diffusionnostateh48_n100_s50k,diffusionnostateh48,100,50000,42900,0.006,0.115
v2_diffusion_fixed,diffusionnostateh48_n100_s50k,diffusionnostateh48,100,50000,43000,0.007,0.119
v2_diffusion_fixed,diffusionnostateh48_n100_s50k,diffusionnostateh48,100,50000,43100,0.006,0.117
v2_diffusion_fixed,diffusionnostateh48_n100_s50k,diffusionnostateh48,100,50000,43200,0.006,0.112
v2_diffusion_fixed,diffusionnostateh48_n100_s50k,diffusionnostateh48,100,50000,43300,0.006,0.121
v2_diffusion_fixed,diffusionnostateh48_n100_s50k,diffusionnostateh48,100,50000,43400,0.006,0.118
v2_diffusion_fixed,diffusionnostateh48_n100_s50k,diffusionnostateh48,100,50000,43500,0.006,0.105
v2_diffusion_fixed,diffusionnostateh48_n100_s50k,diffusionnostateh48,100,50000,43600,0.006,0.113
v2_diffusion_fixed,diffusionnostateh48_n100_s50k,diffusionnostateh48,100,50000,43700,0.006,0.106
v2_diffusion_fixed,diffusionnostateh48_n100_s50k,diffusionnostateh48,100,50000,43800,0.007,0.121
v2_diffusion_fixed,diffusionnostateh48_n100_s50k,diffusionnostateh48,100,50000,43900,0.006,0.113
v2_diffusion_fixed,diffusionnostateh48_n100_s50k,diffusionnostateh48,100,50000,44000,0.006,0.113
v2_diffusion_fixed,diffusionnostateh48_n100_s50k,diffusionnostateh48,100,50000,44100,0.006,0.112
v2_diffusion_fixed,diffusionnostateh48_n100_s50k,diffusionnostateh48,100,50000,44200,0.006,0.111
v2_diffusion_fixed,diffusionnostateh48_n100_s50k,diffusionnostateh48,100,50000,44300,0.007,0.11
v2_diffusion_fixed,diffusionnostateh48_n100_s50k,diffusionnostateh48,100,50000,44400,0.006,0.108
v2_diffusion_fixed,diffusionnostateh48_n100_s50k,diffusionnostateh48,100,50000,44500,0.006,0.11
v2_diffusion_fixed,diffusionnostateh48_n100_s50k,diffusionnostateh48,100,50000,44600,0.006,0.109
v2_diffusion_fixed,diffusionnostateh48_n100_s50k,diffusionnostateh48,100,50000,44700,0.006,0.113
v2_diffusion_fixed,diffusionnostateh48_n100_s50k,diffusionnostateh48,100,50000,44800,0.006,0.112
v2_diffusion_fixed,diffusionnostateh48_n100_s50k,diffusionnostateh48,100,50000,44900,0.006,0.117
v2_diffusion_fixed,diffusionnostateh48_n100_s50k,diffusionnostateh48,100,50000,45000,0.006,0.109
v2_diffusion_fixed,diffusionnostateh48_n100_s50k,diffusionnostateh48,100,50000,45100,0.006,0.116
v2_diffusion_fixed,diffusionnostateh48_n100_s50k,diffusionnostateh48,100,50000,45200,0.006,0.116
v2_diffusion_fixed,diffusionnostateh48_n100_s50k,diffusionnostateh48,100,50000,45300,0.006,0.112
v2_diffusion_fixed,diffusionnostateh48_n100_s50k,diffusionnostateh48,100,50000,45400,0.006,0.116
v2_diffusion_fixed,diffusionnostateh48_n100_s50k,diffusionnostateh48,100,50000,45500,0.006,0.113
v2_diffusion_fixed,diffusionnostateh48_n100_s50k,diffusionnostateh48,100,50000,45600,0.006,0.117
v2_diffusion_fixed,diffusionnostateh48_n100_s50k,diffusionnostateh48,100,50000,45700,0.006,0.111
v2_diffusion_fixed,diffusionnostateh48_n100_s50k,diffusionnostateh48,100,50000,45800,0.006,0.111
v2_diffusion_fixed,diffusionnostateh48_n100_s50k,diffusionnostateh48,100,50000,45900,0.006,0.11
v2_diffusion_fixed,diffusionnostateh48_n100_s50k,diffusionnostateh48,100,50000,46000,0.006,0.111
v2_diffusion_fixed,diffusionnostateh48_n100_s50k,diffusionnostateh48,100,50000,46100,0.006,0.11
v2_diffusion_fixed,diffusionnostateh48_n100_s50k,diffusionnostateh48,100,50000,46200,0.006,0.106
v2_diffusion_fixed,diffusionnostateh48_n100_s50k,diffusionnostateh48,100,50000,46300,0.006,0.112
v2_diffusion_fixed,diffusionnostateh48_n100_s50k,diffusionnostateh48,100,50000,46400,0.006,0.108
v2_diffusion_fixed,diffusionnostateh48_n100_s50k,diffusionnostateh48,100,50000,46500,0.006,0.105
v2_diffusion_fixed,diffusionnostateh48_n100_s50k,diffusionnostateh48,100,50000,46600,0.006,0.109
v2_diffusion_fixed,diffusionnostateh48_n100_s50k,diffusionnostateh48,100,50000,46700,0.006,0.109
v2_diffusion_fixed,diffusionnostateh48_n100_s50k,diffusionnostateh48,100,50000,46800,0.006,0.106
v2_diffusion_fixed,diffusionnostateh48_n100_s50k,diffusionnostateh48,100,50000,46900,0.006,0.112
v2_diffusion_fixed,diffusionnostateh48_n100_s50k,diffusionnostateh48,100,50000,47000,0.006,0.107
v2_diffusion_fixed,diffusionnostateh48_n100_s50k,diffusionnostateh48,100,50000,47100,0.006,0.105
v2_diffusion_fixed,diffusionnostateh48_n100_s50k,diffusionnostateh48,100,50000,47200,0.006,0.108
v2_diffusion_fixed,diffusionnostateh48_n100_s50k,diffusionnostateh48,100,50000,47300,0.006,0.109
v2_diffusion_fixed,diffusionnostateh48_n100_s50k,diffusionnostateh48,100,50000,47400,0.006,0.113
v2_diffusion_fixed,diffusionnostateh48_n100_s50k,diffusionnostateh48,100,50000,47500,0.006,0.106
v2_diffusion_fixed,diffusionnostateh48_n100_s50k,diffusionnostateh48,100,50000,47600,0.006,0.104
v2_diffusion_fixed,diffusionnostateh48_n100_s50k,diffusionnostateh48,100,50000,47700,0.006,0.108
v2_diffusion_fixed,diffusionnostateh48_n100_s50k,diffusionnostateh48,100,50000,47800,0.006,0.108
v2_diffusion_fixed,diffusionnostateh48_n100_s50k,diffusionnostateh48,100,50000,47900,0.006,0.107
v2_diffusion_fixed,diffusionnostateh48_n100_s50k,diffusionnostateh48,100,50000,48000,0.006,0.108
v2_diffusion_fixed,diffusionnostateh48_n100_s50k,diffusionnostateh48,100,50000,48100,0.006,0.109
v2_diffusion_fixed,diffusionnostateh48_n100_s50k,diffusionnostateh48,100,50000,48200,0.006,0.108
v2_diffusion_fixed,diffusionnostateh48_n100_s50k,diffusionnostateh48,100,50000,48300,0.006,0.109
v2_diffusion_fixed,diffusionnostateh48_n100_s50k,diffusionnostateh48,100,50000,48400,0.006,0.104
v2_diffusion_fixed,diffusionnostateh48_n100_s50k,diffusionnostateh48,100,50000,48500,0.006,0.108
v2_diffusion_fixed,diffusionnostateh48_n100_s50k,diffusionnostateh48,100,50000,48600,0.006,0.111
v2_diffusion_fixed,diffusionnostateh48_n100_s50k,diffusionnostateh48,100,50000,48700,0.006,0.103
v2_diffusion_fixed,diffusionnostateh48_n100_s50k,diffusionnostateh48,100,50000,48800,0.006,0.11
v2_diffusion_fixed,diffusionnostateh48_n100_s50k,diffusionnostateh48,100,50000,48900,0.006,0.11
v2_diffusion_fixed,diffusionnostateh48_n100_s50k,diffusionnostateh48,100,50000,49000,0.006,0.108
v2_diffusion_fixed,diffusionnostateh48_n100_s50k,diffusionnostateh48,100,50000,49100,0.006,0.11
v2_diffusion_fixed,diffusionnostateh48_n100_s50k,diffusionnostateh48,100,50000,49200,0.007,0.115
v2_diffusion_fixed,diffusionnostateh48_n100_s50k,diffusionnostateh48,100,50000,49300,0.006,0.11
v2_diffusion_fixed,diffusionnostateh48_n100_s50k,diffusionnostateh48,100,50000,49400,0.006,0.102
v2_diffusion_fixed,diffusionnostateh48_n100_s50k,diffusionnostateh48,100,50000,49500,0.006,0.108
v2_diffusion_fixed,diffusionnostateh48_n100_s50k,diffusionnostateh48,100,50000,49600,0.006,0.104
v2_diffusion_fixed,diffusionnostateh48_n100_s50k,diffusionnostateh48,100,50000,49700,0.006,0.109
v2_diffusion_fixed,diffusionnostateh48_n100_s50k,diffusionnostateh48,100,50000,49800,0.006,0.103
v2_diffusion_fixed,diffusionnostateh48_n100_s50k,diffusionnostateh48,100,50000,49900,0.006,0.106
v2_diffusion_fixed,diffusionnostateh48_n100_s50k,diffusionnostateh48,100,50000,50000,0.006,0.104
v2_diffusion_fixed,diffusionnostateh48_n100_s5k,diffusionnostateh48,100,5000,100,0.699,5.744
v2_diffusion_fixed,diffusionnostateh48_n100_s5k,diffusionnostateh48,100,5000,200,0.148,3.601
v2_diffusion_fixed,diffusionnostateh48_n100_s5k,diffusionnostateh48,100,5000,300,0.098,2.769
v2_diffusion_fixed,diffusionnostateh48_n100_s5k,diffusionnostateh48,100,5000,400,0.072,2.313
v2_diffusion_fixed,diffusionnostateh48_n100_s5k,diffusionnostateh48,100,5000,500,0.057,1.571
v2_diffusion_fixed,diffusionnostateh48_n100_s5k,diffusionnostateh48,100,5000,600,0.048,1.201
v2_diffusion_fixed,diffusionnostateh48_n100_s5k,diffusionnostateh48,100,5000,700,0.04,1.109
v2_diffusion_fixed,diffusionnostateh48_n100_s5k,diffusionnostateh48,100,5000,800,0.037,0.979
v2_diffusion_fixed,diffusionnostateh48_n100_s5k,diffusionnostateh48,100,5000,900,0.035,0.983
v2_diffusion_fixed,diffusionnostateh48_n100_s5k,diffusionnostateh48,100,5000,1000,0.035,0.857
v2_diffusion_fixed,diffusionnostateh48_n100_s5k,diffusionnostateh48,100,5000,1100,0.031,0.812
v2_diffusion_fixed,diffusionnostateh48_n100_s5k,diffusionnostateh48,100,5000,1200,0.031,0.806
v2_diffusion_fixed,diffusionnostateh48_n100_s5k,diffusionnostateh48,100,5000,1300,0.028,0.756
v2_diffusion_fixed,diffusionnostateh48_n100_s5k,diffusionnostateh48,100,5000,1400,0.028,0.679
v2_diffusion_fixed,diffusionnostateh48_n100_s5k,diffusionnostateh48,100,5000,1500,0.027,0.674
v2_diffusion_fixed,diffusionnostateh48_n100_s5k,diffusionnostateh48,100,5000,1600,0.024,0.604
v2_diffusion_fixed,diffusionnostateh48_n100_s5k,diffusionnostateh48,100,5000,1700,0.025,0.673
v2_diffusion_fixed,diffusionnostateh48_n100_s5k,diffusionnostateh48,100,5000,1800,0.024,0.555
v2_diffusion_fixed,diffusionnostateh48_n100_s5k,diffusionnostateh48,100,5000,1900,0.023,0.593
v2_diffusion_fixed,diffusionnostateh48_n100_s5k,diffusionnostateh48,100,5000,2000,0.023,0.574
v2_diffusion_fixed,diffusionnostateh48_n100_s5k,diffusionnostateh48,100,5000,2100,0.023,0.569
v2_diffusion_fixed,diffusionnostateh48_n100_s5k,diffusionnostateh48,100,5000,2200,0.021,0.51
v2_diffusion_fixed,diffusionnostateh48_n100_s5k,diffusionnostateh48,100,5000,2300,0.023,0.607
v2_diffusion_fixed,diffusionnostateh48_n100_s5k,diffusionnostateh48,100,5000,2400,0.021,0.504
v2_diffusion_fixed,diffusionnostateh48_n100_s5k,diffusionnostateh48,100,5000,2500,0.022,0.536
v2_diffusion_fixed,diffusionnostateh48_n100_s5k,diffusionnostateh48,100,5000,2600,0.02,0.485
v2_diffusion_fixed,diffusionnostateh48_n100_s5k,diffusionnostateh48,100,5000,2700,0.02,0.47
v2_diffusion_fixed,diffusionnostateh48_n100_s5k,diffusionnostateh48,100,5000,2800,0.019,0.446
v2_diffusion_fixed,diffusionnostateh48_n100_s5k,diffusionnostateh48,100,5000,2900,0.018,0.403
v2_diffusion_fixed,diffusionnostateh48_n100_s5k,diffusionnostateh48,100,5000,3000,0.019,0.405
v2_diffusion_fixed,diffusionnostateh48_n100_s5k,diffusionnostateh48,100,5000,3100,0.018,0.425
v2_diffusion_fixed,diffusionnostateh48_n100_s5k,diffusionnostateh48,100,5000,3200,0.019,0.517
v2_diffusion_fixed,diffusionnostateh48_n100_s5k,diffusionnostateh48,100,5000,3300,0.018,0.408
v2_diffusion_fixed,diffusionnostateh48_n100_s5k,diffusionnostateh48,100,5000,3400,0.016,0.338
v2_diffusion_fixed,diffusionnostateh48_n100_s5k,diffusionnostateh48,100,5000,3500,0.017,0.41
v2_diffusion_fixed,diffusionnostateh48_n100_s5k,diffusionnostateh48,100,5000,3600,0.017,0.371
v2_diffusion_fixed,diffusionnostateh48_n100_s5k,diffusionnostateh48,100,5000,3700,0.016,0.347
v2_diffusion_fixed,diffusionnostateh48_n100_s5k,diffusionnostateh48,100,5000,3800,0.016,0.334
v2_diffusion_fixed,diffusionnostateh48_n100_s5k,diffusionnostateh48,100,5000,3900,0.015,0.328
v2_diffusion_fixed,diffusionnostateh48_n100_s5k,diffusionnostateh48,100,5000,4000,0.016,0.346
v2_diffusion_fixed,diffusionnostateh48_n100_s5k,diffusionnostateh48,100,5000,4100,0.015,0.289
v2_diffusion_fixed,diffusionnostateh48_n100_s5k,diffusionnostateh48,100,5000,4200,0.014,0.274
v2_diffusion_fixed,diffusionnostateh48_n100_s5k,diffusionnostateh48,100,5000,4300,0.014,0.281
v2_diffusion_fixed,diffusionnostateh48_n100_s5k,diffusionnostateh48,100,5000,4400,0.014,0.262
v2_diffusion_fixed,diffusionnostateh48_n100_s5k,diffusionnostateh48,100,5000,4500,0.014,0.253
v2_diffusion_fixed,diffusionnostateh48_n100_s5k,diffusionnostateh48,100,5000,4600,0.014,0.254
v2_diffusion_fixed,diffusionnostateh48_n100_s5k,diffusionnostateh48,100,5000,4700,0.014,0.238
v2_diffusion_fixed,diffusionnostateh48_n100_s5k,diffusionnostateh48,100,5000,4800,0.013,0.221
v2_diffusion_fixed,diffusionnostateh48_n100_s5k,diffusionnostateh48,100,5000,4900,0.013,0.233
v2_diffusion_fixed,diffusionnostateh48_n100_s5k,diffusionnostateh48,100,5000,5000,0.013,0.219
v2_diffusion_fixed,diffusionnostateh48_n10_s20k,diffusionnostateh48,10,20000,100,0.695,5.43
v2_diffusion_fixed,diffusionnostateh48_n10_s20k,diffusionnostateh48,10,20000,200,0.146,3.745
v2_diffusion_fixed,diffusionnostateh48_n10_s20k,diffusionnostateh48,10,20000,300,0.105,3.018
v2_diffusion_fixed,diffusionnostateh48_n10_s20k,diffusionnostateh48,10,20000,400,0.072,2.119
v2_diffusion_fixed,diffusionnostateh48_n10_s20k,diffusionnostateh48,10,20000,500,0.064,1.701
v2_diffusion_fixed,diffusionnostateh48_n10_s20k,diffusionnostateh48,10,20000,600,0.051,1.241
v2_diffusion_fixed,diffusionnostateh48_n10_s20k,diffusionnostateh48,10,20000,700,0.043,1.057
v2_diffusion_fixed,diffusionnostateh48_n10_s20k,diffusionnostateh48,10,20000,800,0.04,1.067
v2_diffusion_fixed,diffusionnostateh48_n10_s20k,diffusionnostateh48,10,20000,900,0.037,0.898
v2_diffusion_fixed,diffusionnostateh48_n10_s20k,diffusionnostateh48,10,20000,1000,0.035,0.905
v2_diffusion_fixed,diffusionnostateh48_n10_s20k,diffusionnostateh48,10,20000,1100,0.032,0.776
v2_diffusion_fixed,diffusionnostateh48_n10_s20k,diffusionnostateh48,10,20000,1200,0.03,0.757
v2_diffusion_fixed,diffusionnostateh48_n10_s20k,diffusionnostateh48,10,20000,1300,0.03,0.858
v2_diffusion_fixed,diffusionnostateh48_n10_s20k,diffusionnostateh48,10,20000,1400,0.028,0.743
v2_diffusion_fixed,diffusionnostateh48_n10_s20k,diffusionnostateh48,10,20000,1500,0.025,0.635
v2_diffusion_fixed,diffusionnostateh48_n10_s20k,diffusionnostateh48,10,20000,1600,0.025,0.697
v2_diffusion_fixed,diffusionnostateh48_n10_s20k,diffusionnostateh48,10,20000,1700,0.027,0.791
v2_diffusion_fixed,diffusionnostateh48_n10_s20k,diffusionnostateh48,10,20000,1800,0.025,0.576
v2_diffusion_fixed,diffusionnostateh48_n10_s20k,diffusionnostateh48,10,20000,1900,0.023,0.62
v2_diffusion_fixed,diffusionnostateh48_n10_s20k,diffusionnostateh48,10,20000,2000,0.023,0.612
v2_diffusion_fixed,diffusionnostateh48_n10_s20k,diffusionnostateh48,10,20000,2100,0.023,0.555
v2_diffusion_fixed,diffusionnostateh48_n10_s20k,diffusionnostateh48,10,20000,2200,0.02,0.544
v2_diffusion_fixed,diffusionnostateh48_n10_s20k,diffusionnostateh48,10,20000,2300,0.023,0.607
v2_diffusion_fixed,diffusionnostateh48_n10_s20k,diffusionnostateh48,10,20000,2400,0.02,0.497
v2_diffusion_fixed,diffusionnostateh48_n10_s20k,diffusionnostateh48,10,20000,2500,0.02,0.488
v2_diffusion_fixed,diffusionnostateh48_n10_s20k,diffusionnostateh48,10,20000,2600,0.02,0.566
v2_diffusion_fixed,diffusionnostateh48_n10_s20k,diffusionnostateh48,10,20000,2700,0.02,0.515
v2_diffusion_fixed,diffusionnostateh48_n10_s20k,diffusionnostateh48,10,20000,2800,0.018,0.489
v2_diffusion_fixed,diffusionnostateh48_n10_s20k,diffusionnostateh48,10,20000,2900,0.017,0.428
v2_diffusion_fixed,diffusionnostateh48_n10_s20k,diffusionnostateh48,10,20000,3000,0.018,0.483
v2_diffusion_fixed,diffusionnostateh48_n10_s20k,diffusionnostateh48,10,20000,3100,0.019,0.531
v2_diffusion_fixed,diffusionnostateh48_n10_s20k,diffusionnostateh48,10,20000,3200,0.018,0.487
v2_diffusion_fixed,diffusionnostateh48_n10_s20k,diffusionnostateh48,10,20000,3300,0.017,0.461
v2_diffusion_fixed,diffusionnostateh48_n10_s20k,diffusionnostateh48,10,20000,3400,0.018,0.487
v2_diffusion_fixed,diffusionnostateh48_n10_s20k,diffusionnostateh48,10,20000,3500,0.018,0.478
v2_diffusion_fixed,diffusionnostateh48_n10_s20k,diffusionnostateh48,10,20000,3600,0.017,0.418
v2_diffusion_fixed,diffusionnostateh48_n10_s20k,diffusionnostateh48,10,20000,3700,0.016,0.412
v2_diffusion_fixed,diffusionnostateh48_n10_s20k,diffusionnostateh48,10,20000,3800,0.017,0.434
v2_diffusion_fixed,diffusionnostateh48_n10_s20k,diffusionnostateh48,10,20000,3900,0.015,0.363
v2_diffusion_fixed,diffusionnostateh48_n10_s20k,diffusionnostateh48,10,20000,4000,0.015,0.351
v2_diffusion_fixed,diffusionnostateh48_n10_s20k,diffusionnostateh48,10,20000,4100,0.016,0.403
v2_diffusion_fixed,diffusionnostateh48_n10_s20k,diffusionnostateh48,10,20000,4200,0.015,0.396
v2_diffusion_fixed,diffusionnostateh48_n10_s20k,diffusionnostateh48,10,20000,4300,0.015,0.418
v2_diffusion_fixed,diffusionnostateh48_n10_s20k,diffusionnostateh48,10,20000,4400,0.016,0.414
v2_diffusion_fixed,diffusionnostateh48_n10_s20k,diffusionnostateh48,10,20000,4500,0.015,0.374
v2_diffusion_fixed,diffusionnostateh48_n10_s20k,diffusionnostateh48,10,20000,4600,0.015,0.345
v2_diffusion_fixed,diffusionnostateh48_n10_s20k,diffusionnostateh48,10,20000,4700,0.014,0.371
v2_diffusion_fixed,diffusionnostateh48_n10_s20k,diffusionnostateh48,10,20000,4800,0.015,0.421
v2_diffusion_fixed,diffusionnostateh48_n10_s20k,diffusionnostateh48,10,20000,4900,0.017,0.451
v2_diffusion_fixed,diffusionnostateh48_n10_s20k,diffusionnostateh48,10,20000,5000,0.014,0.376
v2_diffusion_fixed,diffusionnostateh48_n10_s20k,diffusionnostateh48,10,20000,5100,0.015,0.343
v2_diffusion_fixed,diffusionnostateh48_n10_s20k,diffusionnostateh48,10,20000,5200,0.013,0.378
v2_diffusion_fixed,diffusionnostateh48_n10_s20k,diffusionnostateh48,10,20000,5300,0.014,0.388
v2_diffusion_fixed,diffusionnostateh48_n10_s20k,diffusionnostateh48,10,20000,5400,0.013,0.32
v2_diffusion_fixed,diffusionnostateh48_n10_s20k,diffusionnostateh48,10,20000,5500,0.013,0.299
v2_diffusion_fixed,diffusionnostateh48_n10_s20k,diffusionnostateh48,10,20000,5600,0.014,0.364
v2_diffusion_fixed,diffusionnostateh48_n10_s20k,diffusionnostateh48,10,20000,5700,0.014,0.417
v2_diffusion_fixed,diffusionnostateh48_n10_s20k,diffusionnostateh48,10,20000,5800,0.013,0.355
v2_diffusion_fixed,diffusionnostateh48_n10_s20k,diffusionnostateh48,10,20000,5900,0.015,0.35
v2_diffusion_fixed,diffusionnostateh48_n10_s20k,diffusionnostateh48,10,20000,6000,0.013,0.348
v2_diffusion_fixed,diffusionnostateh48_n10_s20k,diffusionnostateh48,10,20000,6100,0.013,0.288
v2_diffusion_fixed,diffusionnostateh48_n10_s20k,diffusionnostateh48,10,20000,6200,0.011,0.299
v2_diffusion_fixed,diffusionnostateh48_n10_s20k,diffusionnostateh48,10,20000,6300,0.013,0.377
v2_diffusion_fixed,diffusionnostateh48_n10_s20k,diffusionnostateh48,10,20000,6400,0.014,0.374
v2_diffusion_fixed,diffusionnostateh48_n10_s20k,diffusionnostateh48,10,20000,6500,0.011,0.261
v2_diffusion_fixed,diffusionnostateh48_n10_s20k,diffusionnostateh48,10,20000,6600,0.012,0.316
v2_diffusion_fixed,diffusionnostateh48_n10_s20k,diffusionnostateh48,10,20000,6700,0.012,0.315
v2_diffusion_fixed,diffusionnostateh48_n10_s20k,diffusionnostateh48,10,20000,6800,0.011,0.278
v2_diffusion_fixed,diffusionnostateh48_n10_s20k,diffusionnostateh48,10,20000,6900,0.012,0.324
v2_diffusion_fixed,diffusionnostateh48_n10_s20k,diffusionnostateh48,10,20000,7000,0.012,0.282
v2_diffusion_fixed,diffusionnostateh48_n10_s20k,diffusionnostateh48,10,20000,7100,0.01,0.28
v2_diffusion_fixed,diffusionnostateh48_n10_s20k,diffusionnostateh48,10,20000,7200,0.012,0.304
v2_diffusion_fixed,diffusionnostateh48_n10_s20k,diffusionnostateh48,10,20000,7300,0.011,0.286
v2_diffusion_fixed,diffusionnostateh48_n10_s20k,diffusionnostateh48,10,20000,7400,0.01,0.285
v2_diffusion_fixed,diffusionnostateh48_n10_s20k,diffusionnostateh48,10,20000,7500,0.011,0.294
v2_diffusion_fixed,diffusionnostateh48_n10_s20k,diffusionnostateh48,10,20000,7600,0.011,0.303
v2_diffusion_fixed,diffusionnostateh48_n10_s20k,diffusionnostateh48,10,20000,7700,0.01,0.259
v2_diffusion_fixed,diffusionnostateh48_n10_s20k,diffusionnostateh48,10,20000,7800,0.011,0.268
v2_diffusion_fixed,diffusionnostateh48_n10_s20k,diffusionnostateh48,10,20000,7900,0.01,0.277
v2_diffusion_fixed,diffusionnostateh48_n10_s20k,diffusionnostateh48,10,20000,8000,0.009,0.268
v2_diffusion_fixed,diffusionnostateh48_n10_s20k,diffusionnostateh48,10,20000,8100,0.01,0.293
v2_diffusion_fixed,diffusionnostateh48_n10_s20k,diffusionnostateh48,10,20000,8200,0.011,0.271
v2_diffusion_fixed,diffusionnostateh48_n10_s20k,diffusionnostateh48,10,20000,8300,0.01,0.297
v2_diffusion_fixed,diffusionnostateh48_n10_s20k,diffusionnostateh48,10,20000,8400,0.009,0.271
v2_diffusion_fixed,diffusionnostateh48_n10_s20k,diffusionnostateh48,10,20000,8500,0.011,0.314
v2_diffusion_fixed,diffusionnostateh48_n10_s20k,diffusionnostateh48,10,20000,8600,0.009,0.252
v2_diffusion_fixed,diffusionnostateh48_n10_s20k,diffusionnostateh48,10,20000,8700,0.011,0.267
v2_diffusion_fixed,diffusionnostateh48_n10_s20k,diffusionnostateh48,10,20000,8800,0.01,0.256
v2_diffusion_fixed,diffusionnostateh48_n10_s20k,diffusionnostateh48,10,20000,8900,0.01,0.262
v2_diffusion_fixed,diffusionnostateh48_n10_s20k,diffusionnostateh48,10,20000,9000,0.009,0.246
v2_diffusion_fixed,diffusionnostateh48_n10_s20k,diffusionnostateh48,10,20000,9100,0.009,0.259
v2_diffusion_fixed,diffusionnostateh48_n10_s20k,diffusionnostateh48,10,20000,9200,0.009,0.23
v2_diffusion_fixed,diffusionnostateh48_n10_s20k,diffusionnostateh48,10,20000,9300,0.009,0.241
v2_diffusion_fixed,diffusionnostateh48_n10_s20k,diffusionnostateh48,10,20000,9400,0.009,0.246
v2_diffusion_fixed,diffusionnostateh48_n10_s20k,diffusionnostateh48,10,20000,9500,0.009,0.262
v2_diffusion_fixed,diffusionnostateh48_n10_s20k,diffusionnostateh48,10,20000,9600,0.009,0.23
v2_diffusion_fixed,diffusionnostateh48_n10_s20k,diffusionnostateh48,10,20000,9700,0.008,0.237
v2_diffusion_fixed,diffusionnostateh48_n10_s20k,diffusionnostateh48,10,20000,9800,0.009,0.257
v2_diffusion_fixed,diffusionnostateh48_n10_s20k,diffusionnostateh48,10,20000,9900,0.011,0.311
v2_diffusion_fixed,diffusionnostateh48_n10_s20k,diffusionnostateh48,10,20000,10000,0.01,0.267
v2_diffusion_fixed,diffusionnostateh48_n10_s20k,diffusionnostateh48,10,20000,10100,0.008,0.223
v2_diffusion_fixed,diffusionnostateh48_n10_s20k,diffusionnostateh48,10,20000,10200,0.008,0.222
v2_diffusion_fixed,diffusionnostateh48_n10_s20k,diffusionnostateh48,10,20000,10300,0.008,0.227
v2_diffusion_fixed,diffusionnostateh48_n10_s20k,diffusionnostateh48,10,20000,10400,0.01,0.265
v2_diffusion_fixed,diffusionnostateh48_n10_s20k,diffusionnostateh48,10,20000,10500,0.008,0.211
v2_diffusion_fixed,diffusionnostateh48_n10_s20k,diffusionnostateh48,10,20000,10600,0.008,0.248
v2_diffusion_fixed,diffusionnostateh48_n10_s20k,diffusionnostateh48,10,20000,10700,0.008,0.218
v2_diffusion_fixed,diffusionnostateh48_n10_s20k,diffusionnostateh48,10,20000,10800,0.008,0.227
v2_diffusion_fixed,diffusionnostateh48_n10_s20k,diffusionnostateh48,10,20000,10900,0.008,0.226
v2_diffusion_fixed,diffusionnostateh48_n10_s20k,diffusionnostateh48,10,20000,11000,0.008,0.251
v2_diffusion_fixed,diffusionnostateh48_n10_s20k,diffusionnostateh48,10,20000,11100,0.008,0.255
v2_diffusion_fixed,diffusionnostateh48_n10_s20k,diffusionnostateh48,10,20000,11200,0.008,0.254
v2_diffusion_fixed,diffusionnostateh48_n10_s20k,diffusionnostateh48,10,20000,11300,0.008,0.253
v2_diffusion_fixed,diffusionnostateh48_n10_s20k,diffusionnostateh48,10,20000,11400,0.007,0.23
v2_diffusion_fixed,diffusionnostateh48_n10_s20k,diffusionnostateh48,10,20000,11500,0.008,0.237
v2_diffusion_fixed,diffusionnostateh48_n10_s20k,diffusionnostateh48,10,20000,11600,0.008,0.236
v2_diffusion_fixed,diffusionnostateh48_n10_s20k,diffusionnostateh48,10,20000,11700,0.007,0.199
v2_diffusion_fixed,diffusionnostateh48_n10_s20k,diffusionnostateh48,10,20000,11800,0.007,0.211
v2_diffusion_fixed,diffusionnostateh48_n10_s20k,diffusionnostateh48,10,20000,11900,0.007,0.194
v2_diffusion_fixed,diffusionnostateh48_n10_s20k,diffusionnostateh48,10,20000,12000,0.007,0.233
v2_diffusion_fixed,diffusionnostateh48_n10_s20k,diffusionnostateh48,10,20000,12100,0.007,0.222
v2_diffusion_fixed,diffusionnostateh48_n10_s20k,diffusionnostateh48,10,20000,12200,0.006,0.201
v2_diffusion_fixed,diffusionnostateh48_n10_s20k,diffusionnostateh48,10,20000,12300,0.007,0.208
v2_diffusion_fixed,diffusionnostateh48_n10_s20k,diffusionnostateh48,10,20000,12400,0.006,0.188
v2_diffusion_fixed,diffusionnostateh48_n10_s20k,diffusionnostateh48,10,20000,12500,0.006,0.195
v2_diffusion_fixed,diffusionnostateh48_n10_s20k,diffusionnostateh48,10,20000,12600,0.006,0.212
v2_diffusion_fixed,diffusionnostateh48_n10_s20k,diffusionnostateh48,10,20000,12700,0.007,0.233
v2_diffusion_fixed,diffusionnostateh48_n10_s20k,diffusionnostateh48,10,20000,12800,0.006,0.203
v2_diffusion_fixed,diffusionnostateh48_n10_s20k,diffusionnostateh48,10,20000,12900,0.006,0.209
v2_diffusion_fixed,diffusionnostateh48_n10_s20k,diffusionnostateh48,10,20000,13000,0.006,0.19
v2_diffusion_fixed,diffusionnostateh48_n10_s20k,diffusionnostateh48,10,20000,13100,0.006,0.199
v2_diffusion_fixed,diffusionnostateh48_n10_s20k,diffusionnostateh48,10,20000,13200,0.007,0.223
v2_diffusion_fixed,diffusionnostateh48_n10_s20k,diffusionnostateh48,10,20000,13300,0.005,0.173
v2_diffusion_fixed,diffusionnostateh48_n10_s20k,diffusionnostateh48,10,20000,13400,0.006,0.208
v2_diffusion_fixed,diffusionnostateh48_n10_s20k,diffusionnostateh48,10,20000,13500,0.005,0.17
v2_diffusion_fixed,diffusionnostateh48_n10_s20k,diffusionnostateh48,10,20000,13600,0.005,0.211
v2_diffusion_fixed,diffusionnostateh48_n10_s20k,diffusionnostateh48,10,20000,13700,0.006,0.213
v2_diffusion_fixed,diffusionnostateh48_n10_s20k,diffusionnostateh48,10,20000,13800,0.005,0.169
v2_diffusion_fixed,diffusionnostateh48_n10_s20k,diffusionnostateh48,10,20000,13900,0.006,0.178
v2_diffusion_fixed,diffusionnostateh48_n10_s20k,diffusionnostateh48,10,20000,14000,0.005,0.167
v2_diffusion_fixed,diffusionnostateh48_n10_s20k,diffusionnostateh48,10,20000,14100,0.005,0.179
v2_diffusion_fixed,diffusionnostateh48_n10_s20k,diffusionnostateh48,10,20000,14200,0.005,0.163
v2_diffusion_fixed,diffusionnostateh48_n10_s20k,diffusionnostateh48,10,20000,14300,0.005,0.181
v2_diffusion_fixed,diffusionnostateh48_n10_s20k,diffusionnostateh48,10,20000,14400,0.005,0.194
v2_diffusion_fixed,diffusionnostateh48_n10_s20k,diffusionnostateh48,10,20000,14500,0.005,0.163
v2_diffusion_fixed,diffusionnostateh48_n10_s20k,diffusionnostateh48,10,20000,14600,0.005,0.158
v2_diffusion_fixed,diffusionnostateh48_n10_s20k,diffusionnostateh48,10,20000,14700,0.004,0.163
v2_diffusion_fixed,diffusionnostateh48_n10_s20k,diffusionnostateh48,10,20000,14800,0.004,0.177
v2_diffusion_fixed,diffusionnostateh48_n10_s20k,diffusionnostateh48,10,20000,14900,0.004,0.152
v2_diffusion_fixed,diffusionnostateh48_n10_s20k,diffusionnostateh48,10,20000,15000,0.005,0.189
v2_diffusion_fixed,diffusionnostateh48_n10_s20k,diffusionnostateh48,10,20000,15100,0.004,0.172
v2_diffusion_fixed,diffusionnostateh48_n10_s20k,diffusionnostateh48,10,20000,15200,0.005,0.216
v2_diffusion_fixed,diffusionnostateh48_n10_s20k,diffusionnostateh48,10,20000,15300,0.004,0.154
v2_diffusion_fixed,diffusionnostateh48_n10_s20k,diffusionnostateh48,10,20000,15400,0.004,0.144
v2_diffusion_fixed,diffusionnostateh48_n10_s20k,diffusionnostateh48,10,20000,15500,0.004,0.164
v2_diffusion_fixed,diffusionnostateh48_n10_s20k,diffusionnostateh48,10,20000,15600,0.004,0.172
v2_diffusion_fixed,diffusionnostateh48_n10_s20k,diffusionnostateh48,10,20000,15700,0.004,0.156
v2_diffusion_fixed,diffusionnostateh48_n10_s20k,diffusionnostateh48,10,20000,15800,0.004,0.158
v2_diffusion_fixed,diffusionnostateh48_n10_s20k,diffusionnostateh48,10,20000,15900,0.004,0.165
v2_diffusion_fixed,diffusionnostateh48_n10_s20k,diffusionnostateh48,10,20000,16000,0.004,0.15
v2_diffusion_fixed,diffusionnostateh48_n10_s20k,diffusionnostateh48,10,20000,16100,0.004,0.175
v2_diffusion_fixed,diffusionnostateh48_n10_s20k,diffusionnostateh48,10,20000,16200,0.004,0.148
v2_diffusion_fixed,diffusionnostateh48_n10_s20k,diffusionnostateh48,10,20000,16300,0.004,0.149
v2_diffusion_fixed,diffusionnostateh48_n10_s20k,diffusionnostateh48,10,20000,16400,0.004,0.142
v2_diffusion_fixed,diffusionnostateh48_n10_s20k,diffusionnostateh48,10,20000,16500,0.004,0.157
v2_diffusion_fixed,diffusionnostateh48_n10_s20k,diffusionnostateh48,10,20000,16600,0.004,0.163
v2_diffusion_fixed,diffusionnostateh48_n10_s20k,diffusionnostateh48,10,20000,16700,0.004,0.137
v2_diffusion_fixed,diffusionnostateh48_n10_s20k,diffusionnostateh48,10,20000,16800,0.004,0.141
v2_diffusion_fixed,diffusionnostateh48_n10_s20k,diffusionnostateh48,10,20000,16900,0.003,0.144
v2_diffusion_fixed,diffusionnostateh48_n10_s20k,diffusionnostateh48,10,20000,17000,0.003,0.138
v2_diffusion_fixed,diffusionnostateh48_n10_s20k,diffusionnostateh48,10,20000,17100,0.003,0.135
v2_diffusion_fixed,diffusionnostateh48_n10_s20k,diffusionnostateh48,10,20000,17200,0.003,0.127
v2_diffusion_fixed,diffusionnostateh48_n10_s20k,diffusionnostateh48,10,20000,17300,0.003,0.117
v2_diffusion_fixed,diffusionnostateh48_n10_s20k,diffusionnostateh48,10,20000,17400,0.003,0.128
v2_diffusion_fixed,diffusionnostateh48_n10_s20k,diffusionnostateh48,10,20000,17500,0.003,0.121
v2_diffusion_fixed,diffusionnostateh48_n10_s20k,diffusionnostateh48,10,20000,17600,0.003,0.132
v2_diffusion_fixed,diffusionnostateh48_n10_s20k,diffusionnostateh48,10,20000,17700,0.003,0.127
v2_diffusion_fixed,diffusionnostateh48_n10_s20k,diffusionnostateh48,10,20000,17800,0.003,0.121
v2_diffusion_fixed,diffusionnostateh48_n10_s20k,diffusionnostateh48,10,20000,17900,0.003,0.13
v2_diffusion_fixed,diffusionnostateh48_n10_s20k,diffusionnostateh48,10,20000,18000,0.003,0.137
v2_diffusion_fixed,diffusionnostateh48_n10_s20k,diffusionnostateh48,10,20000,18100,0.003,0.115
v2_diffusion_fixed,diffusionnostateh48_n10_s20k,diffusionnostateh48,10,20000,18200,0.003,0.127
v2_diffusion_fixed,diffusionnostateh48_n10_s20k,diffusionnostateh48,10,20000,18300,0.003,0.134
v2_diffusion_fixed,diffusionnostateh48_n10_s20k,diffusionnostateh48,10,20000,18400,0.003,0.117
v2_diffusion_fixed,diffusionnostateh48_n10_s20k,diffusionnostateh48,10,20000,18500,0.003,0.112
v2_diffusion_fixed,diffusionnostateh48_n10_s20k,diffusionnostateh48,10,20000,18600,0.003,0.111
v2_diffusion_fixed,diffusionnostateh48_n10_s20k,diffusionnostateh48,10,20000,18700,0.003,0.121
v2_diffusion_fixed,diffusionnostateh48_n10_s20k,diffusionnostateh48,10,20000,18800,0.003,0.119
v2_diffusion_fixed,diffusionnostateh48_n10_s20k,diffusionnostateh48,10,20000,18900,0.003,0.117
v2_diffusion_fixed,diffusionnostateh48_n10_s20k,diffusionnostateh48,10,20000,19000,0.003,0.103
v2_diffusion_fixed,diffusionnostateh48_n10_s20k,diffusionnostateh48,10,20000,19100,0.003,0.115
v2_diffusion_fixed,diffusionnostateh48_n10_s20k,diffusionnostateh48,10,20000,19200,0.003,0.105
v2_diffusion_fixed,diffusionnostateh48_n10_s20k,diffusionnostateh48,10,20000,19300,0.003,0.113
v2_diffusion_fixed,diffusionnostateh48_n10_s20k,diffusionnostateh48,10,20000,19400,0.003,0.115
v2_diffusion_fixed,diffusionnostateh48_n10_s20k,diffusionnostateh48,10,20000,19500,0.003,0.103
v2_diffusion_fixed,diffusionnostateh48_n10_s20k,diffusionnostateh48,10,20000,19600,0.003,0.103
v2_diffusion_fixed,diffusionnostateh48_n10_s20k,diffusionnostateh48,10,20000,19700,0.003,0.106
v2_diffusion_fixed,diffusionnostateh48_n10_s20k,diffusionnostateh48,10,20000,19800,0.003,0.109
v2_diffusion_fixed,diffusionnostateh48_n10_s20k,diffusionnostateh48,10,20000,19900,0.003,0.11
v2_diffusion_fixed,diffusionnostateh48_n10_s20k,diffusionnostateh48,10,20000,20000,0.003,0.105
v2_diffusion_fixed,diffusionnostateh48_n10_s50k,diffusionnostateh48,10,50000,100,0.695,5.433
v2_diffusion_fixed,diffusionnostateh48_n10_s50k,diffusionnostateh48,10,50000,200,0.146,3.738
v2_diffusion_fixed,diffusionnostateh48_n10_s50k,diffusionnostateh48,10,50000,300,0.104,2.991
v2_diffusion_fixed,diffusionnostateh48_n10_s50k,diffusionnostateh48,10,50000,400,0.07,1.983
v2_diffusion_fixed,diffusionnostateh48_n10_s50k,diffusionnostateh48,10,50000,500,0.064,1.753
v2_diffusion_fixed,diffusionnostateh48_n10_s50k,diffusionnostateh48,10,50000,600,0.053,1.341
v2_diffusion_fixed,diffusionnostateh48_n10_s50k,diffusionnostateh48,10,50000,700,0.044,1.14
v2_diffusion_fixed,diffusionnostateh48_n10_s50k,diffusionnostateh48,10,50000,800,0.04,1.097
v2_diffusion_fixed,diffusionnostateh48_n10_s50k,diffusionnostateh48,10,50000,900,0.037,0.924
v2_diffusion_fixed,diffusionnostateh48_n10_s50k,diffusionnostateh48,10,50000,1000,0.035,0.915
v2_diffusion_fixed,diffusionnostateh48_n10_s50k,diffusionnostateh48,10,50000,1100,0.031,0.731
v2_diffusion_fixed,diffusionnostateh48_n10_s50k,diffusionnostateh48,10,50000,1200,0.03,0.723
v2_diffusion_fixed,diffusionnostateh48_n10_s50k,diffusionnostateh48,10,50000,1300,0.029,0.785
v2_diffusion_fixed,diffusionnostateh48_n10_s50k,diffusionnostateh48,10,50000,1400,0.028,0.755
v2_diffusion_fixed,diffusionnostateh48_n10_s50k,diffusionnostateh48,10,50000,1500,0.026,0.685
v2_diffusion_fixed,diffusionnostateh48_n10_s50k,diffusionnostateh48,10,50000,1600,0.024,0.652
v2_diffusion_fixed,diffusionnostateh48_n10_s50k,diffusionnostateh48,10,50000,1700,0.026,0.77
v2_diffusion_fixed,diffusionnostateh48_n10_s50k,diffusionnostateh48,10,50000,1800,0.025,0.639
v2_diffusion_fixed,diffusionnostateh48_n10_s50k,diffusionnostateh48,10,50000,1900,0.023,0.621
v2_diffusion_fixed,diffusionnostateh48_n10_s50k,diffusionnostateh48,10,50000,2000,0.023,0.598
v2_diffusion_fixed,diffusionnostateh48_n10_s50k,diffusionnostateh48,10,50000,2100,0.023,0.548
v2_diffusion_fixed,diffusionnostateh48_n10_s50k,diffusionnostateh48,10,50000,2200,0.02,0.518
v2_diffusion_fixed,diffusionnostateh48_n10_s50k,diffusionnostateh48,10,50000,2300,0.024,0.625
v2_diffusion_fixed,diffusionnostateh48_n10_s50k,diffusionnostateh48,10,50000,2400,0.02,0.472
v2_diffusion_fixed,diffusionnostateh48_n10_s50k,diffusionnostateh48,10,50000,2500,0.02,0.472
v2_diffusion_fixed,diffusionnostateh48_n10_s50k,diffusionnostateh48,10,50000,2600,0.021,0.598
v2_diffusion_fixed,diffusionnostateh48_n10_s50k,diffusionnostateh48,10,50000,2700,0.021,0.541
v2_diffusion_fixed,diffusionnostateh48_n10_s50k,diffusionnostateh48,10,50000,2800,0.018,0.446
v2_diffusion_fixed,diffusionnostateh48_n10_s50k,diffusionnostateh48,10,50000,2900,0.017,0.425
v2_diffusion_fixed,diffusionnostateh48_n10_s50k,diffusionnostateh48,10,50000,3000,0.019,0.487
v2_diffusion_fixed,diffusionnostateh48_n10_s50k,diffusionnostateh48,10,50000,3100,0.019,0.508
v2_diffusion_fixed,diffusionnostateh48_n10_s50k,diffusionnostateh48,10,50000,3200,0.018,0.442
v2_diffusion_fixed,diffusionnostateh48_n10_s50k,diffusionnostateh48,10,50000,3300,0.018,0.455
v2_diffusion_fixed,diffusionnostateh48_n10_s50k,diffusionnostateh48,10,50000,3400,0.018,0.497
v2_diffusion_fixed,diffusionnostateh48_n10_s50k,diffusionnostateh48,10,50000,3500,0.018,0.465
v2_diffusion_fixed,diffusionnostateh48_n10_s50k,diffusionnostateh48,10,50000,3600,0.018,0.434
v2_diffusion_fixed,diffusionnostateh48_n10_s50k,diffusionnostateh48,10,50000,3700,0.017,0.439
v2_diffusion_fixed,diffusionnostateh48_n10_s50k,diffusionnostateh48,10,50000,3800,0.017,0.451
v2_diffusion_fixed,diffusionnostateh48_n10_s50k,diffusionnostateh48,10,50000,3900,0.015,0.361
v2_diffusion_fixed,diffusionnostateh48_n10_s50k,diffusionnostateh48,10,50000,4000,0.016,0.357
v2_diffusion_fixed,diffusionnostateh48_n10_s50k,diffusionnostateh48,10,50000,4100,0.016,0.421
v2_diffusion_fixed,diffusionnostateh48_n10_s50k,diffusionnostateh48,10,50000,4200,0.015,0.384
v2_diffusion_fixed,diffusionnostateh48_n10_s50k,diffusionnostateh48,10,50000,4300,0.016,0.463
v2_diffusion_fixed,diffusionnostateh48_n10_s50k,diffusionnostateh48,10,50000,4400,0.017,0.416
v2_diffusion_fixed,diffusionnostateh48_n10_s50k,diffusionnostateh48,10,50000,4500,0.016,0.373
v2_diffusion_fixed,diffusionnostateh48_n10_s50k,diffusionnostateh48,10,50000,4600,0.015,0.352
v2_diffusion_fixed,diffusionnostateh48_n10_s50k,diffusionnostateh48,10,50000,4700,0.015,0.375
v2_diffusion_fixed,diffusionnostateh48_n10_s50k,diffusionnostateh48,10,50000,4800,0.016,0.441
v2_diffusion_fixed,diffusionnostateh48_n10_s50k,diffusionnostateh48,10,50000,4900,0.017,0.445
v2_diffusion_fixed,diffusionnostateh48_n10_s50k,diffusionnostateh48,10,50000,5000,0.015,0.362
v2_diffusion_fixed,diffusionnostateh48_n10_s50k,diffusionnostateh48,10,50000,5100,0.015,0.356
v2_diffusion_fixed,diffusionnostateh48_n10_s50k,diffusionnostateh48,10,50000,5200,0.015,0.391
v2_diffusion_fixed,diffusionnostateh48_n10_s50k,diffusionnostateh48,10,50000,5300,0.014,0.408
v2_diffusion_fixed,diffusionnostateh48_n10_s50k,diffusionnostateh48,10,50000,5400,0.014,0.325
v2_diffusion_fixed,diffusionnostateh48_n10_s50k,diffusionnostateh48,10,50000,5500,0.013,0.308
v2_diffusion_fixed,diffusionnostateh48_n10_s50k,diffusionnostateh48,10,50000,5600,0.014,0.391
v2_diffusion_fixed,diffusionnostateh48_n10_s50k,diffusionnostateh48,10,50000,5700,0.016,0.425
v2_diffusion_fixed,diffusionnostateh48_n10_s50k,diffusionnostateh48,10,50000,5800,0.014,0.362
v2_diffusion_fixed,diffusionnostateh48_n10_s50k,diffusionnostateh48,10,50000,5900,0.016,0.374
v2_diffusion_fixed,diffusionnostateh48_n10_s50k,diffusionnostateh48,10,50000,6000,0.013,0.344
v2_diffusion_fixed,diffusionnostateh48_n10_s50k,diffusionnostateh48,10,50000,6100,0.014,0.306
v2_diffusion_fixed,diffusionnostateh48_n10_s50k,diffusionnostateh48,10,50000,6200,0.012,0.291
v2_diffusion_fixed,diffusionnostateh48_n10_s50k,diffusionnostateh48,10,50000,6300,0.013,0.35
v2_diffusion_fixed,diffusionnostateh48_n10_s50k,diffusionnostateh48,10,50000,6400,0.014,0.336
v2_diffusion_fixed,diffusionnostateh48_n10_s50k,diffusionnostateh48,10,50000,6500,0.012,0.297
v2_diffusion_fixed,diffusionnostateh48_n10_s50k,diffusionnostateh48,10,50000,6600,0.013,0.326
v2_diffusion_fixed,diffusionnostateh48_n10_s50k,diffusionnostateh48,10,50000,6700,0.013,0.329
v2_diffusion_fixed,diffusionnostateh48_n10_s50k,diffusionnostateh48,10,50000,6800,0.012,0.303
v2_diffusion_fixed,diffusionnostateh48_n10_s50k,diffusionnostateh48,10,50000,6900,0.013,0.314
v2_diffusion_fixed,diffusionnostateh48_n10_s50k,diffusionnostateh48,10,50000,7000,0.013,0.274
v2_diffusion_fixed,diffusionnostateh48_n10_s50k,diffusionnostateh48,10,50000,7100,0.011,0.298
v2_diffusion_fixed,diffusionnostateh48_n10_s50k,diffusionnostateh48,10,50000,7200,0.013,0.353
v2_diffusion_fixed,diffusionnostateh48_n10_s50k,diffusionnostateh48,10,50000,7300,0.012,0.309
v2_diffusion_fixed,diffusionnostateh48_n10_s50k,diffusionnostateh48,10,50000,7400,0.012,0.273
v2_diffusion_fixed,diffusionnostateh48_n10_s50k,diffusionnostateh48,10,50000,7500,0.012,0.285
v2_diffusion_fixed,diffusionnostateh48_n10_s50k,diffusionnostateh48,10,50000,7600,0.012,0.292
v2_diffusion_fixed,diffusionnostateh48_n10_s50k,diffusionnostateh48,10,50000,7700,0.011,0.29
v2_diffusion_fixed,diffusionnostateh48_n10_s50k,diffusionnostateh48,10,50000,7800,0.011,0.244
v2_diffusion_fixed,diffusionnostateh48_n10_s50k,diffusionnostateh48,10,50000,7900,0.011,0.275
v2_diffusion_fixed,diffusionnostateh48_n10_s50k,diffusionnostateh48,10,50000,8000,0.01,0.288
v2_diffusion_fixed,diffusionnostateh48_n10_s50k,diffusionnostateh48,10,50000,8100,0.011,0.289
v2_diffusion_fixed,diffusionnostateh48_n10_s50k,diffusionnostateh48,10,50000,8200,0.012,0.29
v2_diffusion_fixed,diffusionnostateh48_n10_s50k,diffusionnostateh48,10,50000,8300,0.011,0.303
v2_diffusion_fixed,diffusionnostateh48_n10_s50k,diffusionnostateh48,10,50000,8400,0.011,0.29
v2_diffusion_fixed,diffusionnostateh48_n10_s50k,diffusionnostateh48,10,50000,8500,0.013,0.303
v2_diffusion_fixed,diffusionnostateh48_n10_s50k,diffusionnostateh48,10,50000,8600,0.011,0.262
v2_diffusion_fixed,diffusionnostateh48_n10_s50k,diffusionnostateh48,10,50000,8700,0.012,0.264
v2_diffusion_fixed,diffusionnostateh48_n10_s50k,diffusionnostateh48,10,50000,8800,0.011,0.255
v2_diffusion_fixed,diffusionnostateh48_n10_s50k,diffusionnostateh48,10,50000,8900,0.011,0.266
v2_diffusion_fixed,diffusionnostateh48_n10_s50k,diffusionnostateh48,10,50000,9000,0.011,0.271
v2_diffusion_fixed,diffusionnostateh48_n10_s50k,diffusionnostateh48,10,50000,9100,0.011,0.279
v2_diffusion_fixed,diffusionnostateh48_n10_s50k,diffusionnostateh48,10,50000,9200,0.01,0.24
v2_diffusion_fixed,diffusionnostateh48_n10_s50k,diffusionnostateh48,10,50000,9300,0.011,0.243
v2_diffusion_fixed,diffusionnostateh48_n10_s50k,diffusionnostateh48,10,50000,9400,0.011,0.288
v2_diffusion_fixed,diffusionnostateh48_n10_s50k,diffusionnostateh48,10,50000,9500,0.011,0.276
v2_diffusion_fixed,diffusionnostateh48_n10_s50k,diffusionnostateh48,10,50000,9600,0.011,0.277
v2_diffusion_fixed,diffusionnostateh48_n10_s50k,diffusionnostateh48,10,50000,9700,0.01,0.289
v2_diffusion_fixed,diffusionnostateh48_n10_s50k,diffusionnostateh48,10,50000,9800,0.011,0.301
v2_diffusion_fixed,diffusionnostateh48_n10_s50k,diffusionnostateh48,10,50000,9900,0.012,0.289
v2_diffusion_fixed,diffusionnostateh48_n10_s50k,diffusionnostateh48,10,50000,10000,0.011,0.238
v2_diffusion_fixed,diffusionnostateh48_n10_s50k,diffusionnostateh48,10,50000,10100,0.011,0.25
v2_diffusion_fixed,diffusionnostateh48_n10_s50k,diffusionnostateh48,10,50000,10200,0.01,0.249
v2_diffusion_fixed,diffusionnostateh48_n10_s50k,diffusionnostateh48,10,50000,10300,0.01,0.231
v2_diffusion_fixed,diffusionnostateh48_n10_s50k,diffusionnostateh48,10,50000,10400,0.012,0.279
v2_diffusion_fixed,diffusionnostateh48_n10_s50k,diffusionnostateh48,10,50000,10500,0.01,0.204
v2_diffusion_fixed,diffusionnostateh48_n10_s50k,diffusionnostateh48,10,50000,10600,0.011,0.277
v2_diffusion_fixed,diffusionnostateh48_n10_s50k,diffusionnostateh48,10,50000,10700,0.009,0.25
v2_diffusion_fixed,diffusionnostateh48_n10_s50k,diffusionnostateh48,10,50000,10800,0.01,0.267
v2_diffusion_fixed,diffusionnostateh48_n10_s50k,diffusionnostateh48,10,50000,10900,0.01,0.255
v2_diffusion_fixed,diffusionnostateh48_n10_s50k,diffusionnostateh48,10,50000,11000,0.011,0.272
v2_diffusion_fixed,diffusionnostateh48_n10_s50k,diffusionnostateh48,10,50000,11100,0.01,0.258
v2_diffusion_fixed,diffusionnostateh48_n10_s50k,diffusionnostateh48,10,50000,11200,0.01,0.237
v2_diffusion_fixed,diffusionnostateh48_n10_s50k,diffusionnostateh48,10,50000,11300,0.01,0.264
v2_diffusion_fixed,diffusionnostateh48_n10_s50k,diffusionnostateh48,10,50000,11400,0.009,0.228
v2_diffusion_fixed,diffusionnostateh48_n10_s50k,diffusionnostateh48,10,50000,11500,0.011,0.255
v2_diffusion_fixed,diffusionnostateh48_n10_s50k,diffusionnostateh48,10,50000,11600,0.01,0.233
v2_diffusion_fixed,diffusionnostateh48_n10_s50k,diffusionnostateh48,10,50000,11700,0.009,0.212
v2_diffusion_fixed,diffusionnostateh48_n10_s50k,diffusionnostateh48,10,50000,11800,0.01,0.253
v2_diffusion_fixed,diffusionnostateh48_n10_s50k,diffusionnostateh48,10,50000,11900,0.009,0.246
v2_diffusion_fixed,diffusionnostateh48_n10_s50k,diffusionnostateh48,10,50000,12000,0.009,0.259
v2_diffusion_fixed,diffusionnostateh48_n10_s50k,diffusionnostateh48,10,50000,12100,0.01,0.237
v2_diffusion_fixed,diffusionnostateh48_n10_s50k,diffusionnostateh48,10,50000,12200,0.009,0.202
v2_diffusion_fixed,diffusionnostateh48_n10_s50k,diffusionnostateh48,10,50000,12300,0.009,0.231
v2_diffusion_fixed,diffusionnostateh48_n10_s50k,diffusionnostateh48,10,50000,12400,0.009,0.218
v2_diffusion_fixed,diffusionnostateh48_n10_s50k,diffusionnostateh48,10,50000,12500,0.009,0.241
v2_diffusion_fixed,diffusionnostateh48_n10_s50k,diffusionnostateh48,10,50000,12600,0.009,0.261
v2_diffusion_fixed,diffusionnostateh48_n10_s50k,diffusionnostateh48,10,50000,12700,0.009,0.254
v2_diffusion_fixed,diffusionnostateh48_n10_s50k,diffusionnostateh48,10,50000,12800,0.008,0.213
v2_diffusion_fixed,diffusionnostateh48_n10_s50k,diffusionnostateh48,10,50000,12900,0.009,0.248
v2_diffusion_fixed,diffusionnostateh48_n10_s50k,diffusionnostateh48,10,50000,13000,0.009,0.242
v2_diffusion_fixed,diffusionnostateh48_n10_s50k,diffusionnostateh48,10,50000,13100,0.009,0.241
v2_diffusion_fixed,diffusionnostateh48_n10_s50k,diffusionnostateh48,10,50000,13200,0.011,0.262
v2_diffusion_fixed,diffusionnostateh48_n10_s50k,diffusionnostateh48,10,50000,13300,0.009,0.226
v2_diffusion_fixed,diffusionnostateh48_n10_s50k,diffusionnostateh48,10,50000,13400,0.009,0.24
v2_diffusion_fixed,diffusionnostateh48_n10_s50k,diffusionnostateh48,10,50000,13500,0.008,0.238
v2_diffusion_fixed,diffusionnostateh48_n10_s50k,diffusionnostateh48,10,50000,13600,0.008,0.211
v2_diffusion_fixed,diffusionnostateh48_n10_s50k,diffusionnostateh48,10,50000,13700,0.009,0.238
v2_diffusion_fixed,diffusionnostateh48_n10_s50k,diffusionnostateh48,10,50000,13800,0.008,0.198
v2_diffusion_fixed,diffusionnostateh48_n10_s50k,diffusionnostateh48,10,50000,13900,0.009,0.202
v2_diffusion_fixed,diffusionnostateh48_n10_s50k,diffusionnostateh48,10,50000,14000,0.009,0.187
v2_diffusion_fixed,diffusionnostateh48_n10_s50k,diffusionnostateh48,10,50000,14100,0.009,0.224
v2_diffusion_fixed,diffusionnostateh48_n10_s50k,diffusionnostateh48,10,50000,14200,0.008,0.237
v2_diffusion_fixed,diffusionnostateh48_n10_s50k,diffusionnostateh48,10,50000,14300,0.008,0.198
v2_diffusion_fixed,diffusionnostateh48_n10_s50k,diffusionnostateh48,10,50000,14400,0.009,0.224
v2_diffusion_fixed,diffusionnostateh48_n10_s50k,diffusionnostateh48,10,50000,14500,0.008,0.201
v2_diffusion_fixed,diffusionnostateh48_n10_s50k,diffusionnostateh48,10,50000,14600,0.008,0.193
v2_diffusion_fixed,diffusionnostateh48_n10_s50k,diffusionnostateh48,10,50000,14700,0.008,0.219
v2_diffusion_fixed,diffusionnostateh48_n10_s50k,diffusionnostateh48,10,50000,14800,0.008,0.218
v2_diffusion_fixed,diffusionnostateh48_n10_s50k,diffusionnostateh48,10,50000,14900,0.008,0.208
v2_diffusion_fixed,diffusionnostateh48_n10_s50k,diffusionnostateh48,10,50000,15000,0.008,0.211
v2_diffusion_fixed,diffusionnostateh48_n10_s50k,diffusionnostateh48,10,50000,15100,0.008,0.202
v2_diffusion_fixed,diffusionnostateh48_n10_s50k,diffusionnostateh48,10,50000,15200,0.011,0.228
v2_diffusion_fixed,diffusionnostateh48_n10_s50k,diffusionnostateh48,10,50000,15300,0.009,0.208
v2_diffusion_fixed,diffusionnostateh48_n10_s50k,diffusionnostateh48,10,50000,15400,0.008,0.215
v2_diffusion_fixed,diffusionnostateh48_n10_s50k,diffusionnostateh48,10,50000,15500,0.009,0.233
v2_diffusion_fixed,diffusionnostateh48_n10_s50k,diffusionnostateh48,10,50000,15600,0.008,0.203
v2_diffusion_fixed,diffusionnostateh48_n10_s50k,diffusionnostateh48,10,50000,15700,0.008,0.222
v2_diffusion_fixed,diffusionnostateh48_n10_s50k,diffusionnostateh48,10,50000,15800,0.009,0.229
v2_diffusion_fixed,diffusionnostateh48_n10_s50k,diffusionnostateh48,10,50000,15900,0.008,0.226
v2_diffusion_fixed,diffusionnostateh48_n10_s50k,diffusionnostateh48,10,50000,16000,0.008,0.22
v2_diffusion_fixed,diffusionnostateh48_n10_s50k,diffusionnostateh48,10,50000,16100,0.009,0.222
v2_diffusion_fixed,diffusionnostateh48_n10_s50k,diffusionnostateh48,10,50000,16200,0.008,0.181
v2_diffusion_fixed,diffusionnostateh48_n10_s50k,diffusionnostateh48,10,50000,16300,0.008,0.21
v2_diffusion_fixed,diffusionnostateh48_n10_s50k,diffusionnostateh48,10,50000,16400,0.008,0.19
v2_diffusion_fixed,diffusionnostateh48_n10_s50k,diffusionnostateh48,10,50000,16500,0.008,0.22
v2_diffusion_fixed,diffusionnostateh48_n10_s50k,diffusionnostateh48,10,50000,16600,0.01,0.284
v2_diffusion_fixed,diffusionnostateh48_n10_s50k,diffusionnostateh48,10,50000,16700,0.008,0.182
v2_diffusion_fixed,diffusionnostateh48_n10_s50k,diffusionnostateh48,10,50000,16800,0.008,0.188
v2_diffusion_fixed,diffusionnostateh48_n10_s50k,diffusionnostateh48,10,50000,16900,0.007,0.17
v2_diffusion_fixed,diffusionnostateh48_n10_s50k,diffusionnostateh48,10,50000,17000,0.007,0.203
v2_diffusion_fixed,diffusionnostateh48_n10_s50k,diffusionnostateh48,10,50000,17100,0.007,0.192
v2_diffusion_fixed,diffusionnostateh48_n10_s50k,diffusionnostateh48,10,50000,17200,0.007,0.184
v2_diffusion_fixed,diffusionnostateh48_n10_s50k,diffusionnostateh48,10,50000,17300,0.006,0.171
v2_diffusion_fixed,diffusionnostateh48_n10_s50k,diffusionnostateh48,10,50000,17400,0.006,0.193
v2_diffusion_fixed,diffusionnostateh48_n10_s50k,diffusionnostateh48,10,50000,17500,0.007,0.179
v2_diffusion_fixed,diffusionnostateh48_n10_s50k,diffusionnostateh48,10,50000,17600,0.008,0.199
v2_diffusion_fixed,diffusionnostateh48_n10_s50k,diffusionnostateh48,10,50000,17700,0.007,0.197
v2_diffusion_fixed,diffusionnostateh48_n10_s50k,diffusionnostateh48,10,50000,17800,0.007,0.204
v2_diffusion_fixed,diffusionnostateh48_n10_s50k,diffusionnostateh48,10,50000,17900,0.007,0.19
v2_diffusion_fixed,diffusionnostateh48_n10_s50k,diffusionnostateh48,10,50000,18000,0.008,0.201
v2_diffusion_fixed,diffusionnostateh48_n10_s50k,diffusionnostateh48,10,50000,18100,0.007,0.215
v2_diffusion_fixed,diffusionnostateh48_n10_s50k,diffusionnostateh48,10,50000,18200,0.007,0.186
v2_diffusion_fixed,diffusionnostateh48_n10_s50k,diffusionnostateh48,10,50000,18300,0.008,0.228
v2_diffusion_fixed,diffusionnostateh48_n10_s50k,diffusionnostateh48,10,50000,18400,0.007,0.192
v2_diffusion_fixed,diffusionnostateh48_n10_s50k,diffusionnostateh48,10,50000,18500,0.006,0.172
v2_diffusion_fixed,diffusionnostateh48_n10_s50k,diffusionnostateh48,10,50000,18600,0.007,0.175
v2_diffusion_fixed,diffusionnostateh48_n10_s50k,diffusionnostateh48,10,50000,18700,0.007,0.204
v2_diffusion_fixed,diffusionnostateh48_n10_s50k,diffusionnostateh48,10,50000,18800,0.007,0.177
v2_diffusion_fixed,diffusionnostateh48_n10_s50k,diffusionnostateh48,10,50000,18900,0.007,0.183
v2_diffusion_fixed,diffusionnostateh48_n10_s50k,diffusionnostateh48,10,50000,19000,0.007,0.192
v2_diffusion_fixed,diffusionnostateh48_n10_s50k,diffusionnostateh48,10,50000,19100,0.007,0.199
v2_diffusion_fixed,diffusionnostateh48_n10_s50k,diffusionnostateh48,10,50000,19200,0.006,0.171
v2_diffusion_fixed,diffusionnostateh48_n10_s50k,diffusionnostateh48,10,50000,19300,0.007,0.199
v2_diffusion_fixed,diffusionnostateh48_n10_s50k,diffusionnostateh48,10,50000,19400,0.007,0.224
v2_diffusion_fixed,diffusionnostateh48_n10_s50k,diffusionnostateh48,10,50000,19500,0.006,0.201
v2_diffusion_fixed,diffusionnostateh48_n10_s50k,diffusionnostateh48,10,50000,19600,0.006,0.186
v2_diffusion_fixed,diffusionnostateh48_n10_s50k,diffusionnostateh48,10,50000,19700,0.006,0.183
v2_diffusion_fixed,diffusionnostateh48_n10_s50k,diffusionnostateh48,10,50000,19800,0.007,0.199
v2_diffusion_fixed,diffusionnostateh48_n10_s50k,diffusionnostateh48,10,50000,19900,0.007,0.219
v2_diffusion_fixed,diffusionnostateh48_n10_s50k,diffusionnostateh48,10,50000,20000,0.007,0.211
v2_diffusion_fixed,diffusionnostateh48_n10_s50k,diffusionnostateh48,10,50000,20100,0.006,0.183
v2_diffusion_fixed,diffusionnostateh48_n10_s50k,diffusionnostateh48,10,50000,20200,0.007,0.182
v2_diffusion_fixed,diffusionnostateh48_n10_s50k,diffusionnostateh48,10,50000,20300,0.007,0.191
v2_diffusion_fixed,diffusionnostateh48_n10_s50k,diffusionnostateh48,10,50000,20400,0.006,0.172
v2_diffusion_fixed,diffusionnostateh48_n10_s50k,diffusionnostateh48,10,50000,20500,0.006,0.173
v2_diffusion_fixed,diffusionnostateh48_n10_s50k,diffusionnostateh48,10,50000,20600,0.006,0.159
v2_diffusion_fixed,diffusionnostateh48_n10_s50k,diffusionnostateh48,10,50000,20700,0.007,0.19
v2_diffusion_fixed,diffusionnostateh48_n10_s50k,diffusionnostateh48,10,50000,20800,0.005,0.18
v2_diffusion_fixed,diffusionnostateh48_n10_s50k,diffusionnostateh48,10,50000,20900,0.007,0.194
v2_diffusion_fixed,diffusionnostateh48_n10_s50k,diffusionnostateh48,10,50000,21000,0.007,0.219
v2_diffusion_fixed,diffusionnostateh48_n10_s50k,diffusionnostateh48,10,50000,21100,0.007,0.222
v2_diffusion_fixed,diffusionnostateh48_n10_s50k,diffusionnostateh48,10,50000,21200,0.006,0.176
v2_diffusion_fixed,diffusionnostateh48_n10_s50k,diffusionnostateh48,10,50000,21300,0.007,0.173
v2_diffusion_fixed,diffusionnostateh48_n10_s50k,diffusionnostateh48,10,50000,21400,0.006,0.167
v2_diffusion_fixed,diffusionnostateh48_n10_s50k,diffusionnostateh48,10,50000,21500,0.006,0.167
v2_diffusion_fixed,diffusionnostateh48_n10_s50k,diffusionnostateh48,10,50000,21600,0.006,0.169
v2_diffusion_fixed,diffusionnostateh48_n10_s50k,diffusionnostateh48,10,50000,21700,0.007,0.188
v2_diffusion_fixed,diffusionnostateh48_n10_s50k,diffusionnostateh48,10,50000,21800,0.008,0.251
v2_diffusion_fixed,diffusionnostateh48_n10_s50k,diffusionnostateh48,10,50000,21900,0.006,0.19
v2_diffusion_fixed,diffusionnostateh48_n10_s50k,diffusionnostateh48,10,50000,22000,0.006,0.168
v2_diffusion_fixed,diffusionnostateh48_n10_s50k,diffusionnostateh48,10,50000,22100,0.006,0.175
v2_diffusion_fixed,diffusionnostateh48_n10_s50k,diffusionnostateh48,10,50000,22200,0.006,0.21
v2_diffusion_fixed,diffusionnostateh48_n10_s50k,diffusionnostateh48,10,50000,22300,0.005,0.163
v2_diffusion_fixed,diffusionnostateh48_n10_s50k,diffusionnostateh48,10,50000,22400,0.006,0.195
v2_diffusion_fixed,diffusionnostateh48_n10_s50k,diffusionnostateh48,10,50000,22500,0.005,0.164
v2_diffusion_fixed,diffusionnostateh48_n10_s50k,diffusionnostateh48,10,50000,22600,0.005,0.172
v2_diffusion_fixed,diffusionnostateh48_n10_s50k,diffusionnostateh48,10,50000,22700,0.006,0.196
v2_diffusion_fixed,diffusionnostateh48_n10_s50k,diffusionnostateh48,10,50000,22800,0.006,0.182
v2_diffusion_fixed,diffusionnostateh48_n10_s50k,diffusionnostateh48,10,50000,22900,0.005,0.156
v2_diffusion_fixed,diffusionnostateh48_n10_s50k,diffusionnostateh48,10,50000,23000,0.005,0.168
v2_diffusion_fixed,diffusionnostateh48_n10_s50k,diffusionnostateh48,10,50000,23100,0.006,0.181
v2_diffusion_fixed,diffusionnostateh48_n10_s50k,diffusionnostateh48,10,50000,23200,0.006,0.187
v2_diffusion_fixed,diffusionnostateh48_n10_s50k,diffusionnostateh48,10,50000,23300,0.005,0.155
v2_diffusion_fixed,diffusionnostateh48_n10_s50k,diffusionnostateh48,10,50000,23400,0.006,0.203
v2_diffusion_fixed,diffusionnostateh48_n10_s50k,diffusionnostateh48,10,50000,23500,0.005,0.169
v2_diffusion_fixed,diffusionnostateh48_n10_s50k,diffusionnostateh48,10,50000,23600,0.005,0.168
v2_diffusion_fixed,diffusionnostateh48_n10_s50k,diffusionnostateh48,10,50000,23700,0.005,0.138
v2_diffusion_fixed,diffusionnostateh48_n10_s50k,diffusionnostateh48,10,50000,23800,0.005,0.199
v2_diffusion_fixed,diffusionnostateh48_n10_s50k,diffusionnostateh48,10,50000,23900,0.005,0.182
v2_diffusion_fixed,diffusionnostateh48_n10_s50k,diffusionnostateh48,10,50000,24000,0.008,0.218
v2_diffusion_fixed,diffusionnostateh48_n10_s50k,diffusionnostateh48,10,50000,24100,0.005,0.172
v2_diffusion_fixed,diffusionnostateh48_n10_s50k,diffusionnostateh48,10,50000,24200,0.005,0.16
v2_diffusion_fixed,diffusionnostateh48_n10_s50k,diffusionnostateh48,10,50000,24300,0.005,0.179
v2_diffusion_fixed,diffusionnostateh48_n10_s50k,diffusionnostateh48,10,50000,24400,0.005,0.158
v2_diffusion_fixed,diffusionnostateh48_n10_s50k,diffusionnostateh48,10,50000,24500,0.005,0.166
v2_diffusion_fixed,diffusionnostateh48_n10_s50k,diffusionnostateh48,10,50000,24600,0.007,0.181
v2_diffusion_fixed,diffusionnostateh48_n10_s50k,diffusionnostateh48,10,50000,24700,0.006,0.155
v2_diffusion_fixed,diffusionnostateh48_n10_s50k,diffusionnostateh48,10,50000,24800,0.005,0.159
v2_diffusion_fixed,diffusionnostateh48_n10_s50k,diffusionnostateh48,10,50000,24900,0.005,0.154
v2_diffusion_fixed,diffusionnostateh48_n10_s50k,diffusionnostateh48,10,50000,25000,0.005,0.157
v2_diffusion_fixed,diffusionnostateh48_n10_s50k,diffusionnostateh48,10,50000,25100,0.005,0.17
v2_diffusion_fixed,diffusionnostateh48_n10_s50k,diffusionnostateh48,10,50000,25200,0.005,0.16
v2_diffusion_fixed,diffusionnostateh48_n10_s50k,diffusionnostateh48,10,50000,25300,0.006,0.161
v2_diffusion_fixed,diffusionnostateh48_n10_s50k,diffusionnostateh48,10,50000,25400,0.006,0.168
v2_diffusion_fixed,diffusionnostateh48_n10_s50k,diffusionnostateh48,10,50000,25500,0.005,0.168
v2_diffusion_fixed,diffusionnostateh48_n10_s50k,diffusionnostateh48,10,50000,25600,0.005,0.173
v2_diffusion_fixed,diffusionnostateh48_n10_s50k,diffusionnostateh48,10,50000,25700,0.005,0.182
v2_diffusion_fixed,diffusionnostateh48_n10_s50k,diffusionnostateh48,10,50000,25800,0.005,0.155
v2_diffusion_fixed,diffusionnostateh48_n10_s50k,diffusionnostateh48,10,50000,25900,0.004,0.152
v2_diffusion_fixed,diffusionnostateh48_n10_s50k,diffusionnostateh48,10,50000,26000,0.005,0.175
v2_diffusion_fixed,diffusionnostateh48_n10_s50k,diffusionnostateh48,10,50000,26100,0.004,0.153
v2_diffusion_fixed,diffusionnostateh48_n10_s50k,diffusionnostateh48,10,50000,26200,0.005,0.152
v2_diffusion_fixed,diffusionnostateh48_n10_s50k,diffusionnostateh48,10,50000,26300,0.006,0.177
v2_diffusion_fixed,diffusionnostateh48_n10_s50k,diffusionnostateh48,10,50000,26400,0.005,0.144
v2_diffusion_fixed,diffusionnostateh48_n10_s50k,diffusionnostateh48,10,50000,26500,0.005,0.156
v2_diffusion_fixed,diffusionnostateh48_n10_s50k,diffusionnostateh48,10,50000,26600,0.005,0.152
v2_diffusion_fixed,diffusionnostateh48_n10_s50k,diffusionnostateh48,10,50000,26700,0.005,0.172
v2_diffusion_fixed,diffusionnostateh48_n10_s50k,diffusionnostateh48,10,50000,26800,0.005,0.16
v2_diffusion_fixed,diffusionnostateh48_n10_s50k,diffusionnostateh48,10,50000,26900,0.004,0.144
v2_diffusion_fixed,diffusionnostateh48_n10_s50k,diffusionnostateh48,10,50000,27000,0.004,0.144
v2_diffusion_fixed,diffusionnostateh48_n10_s50k,diffusionnostateh48,10,50000,27100,0.005,0.156
v2_diffusion_fixed,diffusionnostateh48_n10_s50k,diffusionnostateh48,10,50000,27200,0.005,0.154
v2_diffusion_fixed,diffusionnostateh48_n10_s50k,diffusionnostateh48,10,50000,27300,0.005,0.142
v2_diffusion_fixed,diffusionnostateh48_n10_s50k,diffusionnostateh48,10,50000,27400,0.005,0.153
v2_diffusion_fixed,diffusionnostateh48_n10_s50k,diffusionnostateh48,10,50000,27500,0.004,0.156
v2_diffusion_fixed,diffusionnostateh48_n10_s50k,diffusionnostateh48,10,50000,27600,0.004,0.147
v2_diffusion_fixed,diffusionnostateh48_n10_s50k,diffusionnostateh48,10,50000,27700,0.004,0.127
v2_diffusion_fixed,diffusionnostateh48_n10_s50k,diffusionnostateh48,10,50000,27800,0.005,0.193
v2_diffusion_fixed,diffusionnostateh48_n10_s50k,diffusionnostateh48,10,50000,27900,0.004,0.157
v2_diffusion_fixed,diffusionnostateh48_n10_s50k,diffusionnostateh48,10,50000,28000,0.005,0.158
v2_diffusion_fixed,diffusionnostateh48_n10_s50k,diffusionnostateh48,10,50000,28100,0.004,0.136
v2_diffusion_fixed,diffusionnostateh48_n10_s50k,diffusionnostateh48,10,50000,28200,0.005,0.154
v2_diffusion_fixed,diffusionnostateh48_n10_s50k,diffusionnostateh48,10,50000,28300,0.005,0.193
v2_diffusion_fixed,diffusionnostateh48_n10_s50k,diffusionnostateh48,10,50000,28400,0.005,0.159
v2_diffusion_fixed,diffusionnostateh48_n10_s50k,diffusionnostateh48,10,50000,28500,0.005,0.153
v2_diffusion_fixed,diffusionnostateh48_n10_s50k,diffusionnostateh48,10,50000,28600,0.004,0.145
v2_diffusion_fixed,diffusionnostateh48_n10_s50k,diffusionnostateh48,10,50000,28700,0.004,0.153
v2_diffusion_fixed,diffusionnostateh48_n10_s50k,diffusionnostateh48,10,50000,28800,0.004,0.13
v2_diffusion_fixed,diffusionnostateh48_n10_s50k,diffusionnostateh48,10,50000,28900,0.004,0.156
v2_diffusion_fixed,diffusionnostateh48_n10_s50k,diffusionnostateh48,10,50000,29000,0.005,0.171
v2_diffusion_fixed,diffusionnostateh48_n10_s50k,diffusionnostateh48,10,50000,29100,0.004,0.16
v2_diffusion_fixed,diffusionnostateh48_n10_s50k,diffusionnostateh48,10,50000,29200,0.004,0.149
v2_diffusion_fixed,diffusionnostateh48_n10_s50k,diffusionnostateh48,10,50000,29300,0.004,0.147
v2_diffusion_fixed,diffusionnostateh48_n10_s50k,diffusionnostateh48,10,50000,29400,0.004,0.149
v2_diffusion_fixed,diffusionnostateh48_n10_s50k,diffusionnostateh48,10,50000,29500,0.005,0.169
v2_diffusion_fixed,diffusionnostateh48_n10_s50k,diffusionnostateh48,10,50000,29600,0.005,0.16
v2_diffusion_fixed,diffusionnostateh48_n10_s50k,diffusionnostateh48,10,50000,29700,0.004,0.132
v2_diffusion_fixed,diffusionnostateh48_n10_s50k,diffusionnostateh48,10,50000,29800,0.004,0.152
v2_diffusion_fixed,diffusionnostateh48_n10_s50k,diffusionnostateh48,10,50000,29900,0.005,0.183
v2_diffusion_fixed,diffusionnostateh48_n10_s50k,diffusionnostateh48,10,50000,30000,0.005,0.164
v2_diffusion_fixed,diffusionnostateh48_n10_s50k,diffusionnostateh48,10,50000,30100,0.004,0.176
v2_diffusion_fixed,diffusionnostateh48_n10_s50k,diffusionnostateh48,10,50000,30200,0.004,0.138
v2_diffusion_fixed,diffusionnostateh48_n10_s50k,diffusionnostateh48,10,50000,30300,0.004,0.133
v2_diffusion_fixed,diffusionnostateh48_n10_s50k,diffusionnostateh48,10,50000,30400,0.004,0.13
v2_diffusion_fixed,diffusionnostateh48_n10_s50k,diffusionnostateh48,10,50000,30500,0.004,0.172
v2_diffusion_fixed,diffusionnostateh48_n10_s50k,diffusionnostateh48,10,50000,30600,0.004,0.144
v2_diffusion_fixed,diffusionnostateh48_n10_s50k,diffusionnostateh48,10,50000,30700,0.004,0.146
v2_diffusion_fixed,diffusionnostateh48_n10_s50k,diffusionnostateh48,10,50000,30800,0.004,0.139
v2_diffusion_fixed,diffusionnostateh48_n10_s50k,diffusionnostateh48,10,50000,30900,0.004,0.134
v2_diffusion_fixed,diffusionnostateh48_n10_s50k,diffusionnostateh48,10,50000,31000,0.004,0.142
v2_diffusion_fixed,diffusionnostateh48_n10_s50k,diffusionnostateh48,10,50000,31100,0.004,0.138
v2_diffusion_fixed,diffusionnostateh48_n10_s50k,diffusionnostateh48,10,50000,31200,0.004,0.143
v2_diffusion_fixed,diffusionnostateh48_n10_s50k,diffusionnostateh48,10,50000,31300,0.004,0.147
v2_diffusion_fixed,diffusionnostateh48_n10_s50k,diffusionnostateh48,10,50000,31400,0.004,0.17
v2_diffusion_fixed,diffusionnostateh48_n10_s50k,diffusionnostateh48,10,50000,31500,0.004,0.135
v2_diffusion_fixed,diffusionnostateh48_n10_s50k,diffusionnostateh48,10,50000,31600,0.004,0.129
v2_diffusion_fixed,diffusionnostateh48_n10_s50k,diffusionnostateh48,10,50000,31700,0.003,0.112
v2_diffusion_fixed,diffusionnostateh48_n10_s50k,diffusionnostateh48,10,50000,31800,0.004,0.142
v2_diffusion_fixed,diffusionnostateh48_n10_s50k,diffusionnostateh48,10,50000,31900,0.004,0.14
v2_diffusion_fixed,diffusionnostateh48_n10_s50k,diffusionnostateh48,10,50000,32000,0.003,0.126
v2_diffusion_fixed,diffusionnostateh48_n10_s50k,diffusionnostateh48,10,50000,32100,0.004,0.164
v2_diffusion_fixed,diffusionnostateh48_n10_s50k,diffusionnostateh48,10,50000,32200,0.003,0.131
v2_diffusion_fixed,diffusionnostateh48_n10_s50k,diffusionnostateh48,10,50000,32300,0.004,0.152
v2_diffusion_fixed,diffusionnostateh48_n10_s50k,diffusionnostateh48,10,50000,32400,0.004,0.132
v2_diffusion_fixed,diffusionnostateh48_n10_s50k,diffusionnostateh48,10,50000,32500,0.004,0.148
v2_diffusion_fixed,diffusionnostateh48_n10_s50k,diffusionnostateh48,10,50000,32600,0.004,0.197
v2_diffusion_fixed,diffusionnostateh48_n10_s50k,diffusionnostateh48,10,50000,32700,0.003,0.115
v2_diffusion_fixed,diffusionnostateh48_n10_s50k,diffusionnostateh48,10,50000,32800,0.004,0.156
v2_diffusion_fixed,diffusionnostateh48_n10_s50k,diffusionnostateh48,10,50000,32900,0.003,0.131
v2_diffusion_fixed,diffusionnostateh48_n10_s50k,diffusionnostateh48,10,50000,33000,0.003,0.124
v2_diffusion_fixed,diffusionnostateh48_n10_s50k,diffusionnostateh48,10,50000,33100,0.003,0.147
v2_diffusion_fixed,diffusionnostateh48_n10_s50k,diffusionnostateh48,10,50000,33200,0.003,0.136
v2_diffusion_fixed,diffusionnostateh48_n10_s50k,diffusionnostateh48,10,50000,33300,0.003,0.119
v2_diffusion_fixed,diffusionnostateh48_n10_s50k,diffusionnostateh48,10,50000,33400,0.004,0.171
v2_diffusion_fixed,diffusionnostateh48_n10_s50k,diffusionnostateh48,10,50000,33500,0.003,0.131
v2_diffusion_fixed,diffusionnostateh48_n10_s50k,diffusionnostateh48,10,50000,33600,0.004,0.147
v2_diffusion_fixed,diffusionnostateh48_n10_s50k,diffusionnostateh48,10,50000,33700,0.003,0.132
v2_diffusion_fixed,diffusionnostateh48_n10_s50k,diffusionnostateh48,10,50000,33800,0.003,0.141
v2_diffusion_fixed,diffusionnostateh48_n10_s50k,diffusionnostateh48,10,50000,33900,0.003,0.14
v2_diffusion_fixed,diffusionnostateh48_n10_s50k,diffusionnostateh48,10,50000,34000,0.003,0.113
v2_diffusion_fixed,diffusionnostateh48_n10_s50k,diffusionnostateh48,10,50000,34100,0.004,0.139
v2_diffusion_fixed,diffusionnostateh48_n10_s50k,diffusionnostateh48,10,50000,34200,0.003,0.15
v2_diffusion_fixed,diffusionnostateh48_n10_s50k,diffusionnostateh48,10,50000,34300,0.003,0.138
v2_diffusion_fixed,diffusionnostateh48_n10_s50k,diffusionnostateh48,10,50000,34400,0.003,0.134
v2_diffusion_fixed,diffusionnostateh48_n10_s50k,diffusionnostateh48,10,50000,34500,0.003,0.116
v2_diffusion_fixed,diffusionnostateh48_n10_s50k,diffusionnostateh48,10,50000,34600,0.003,0.107
v2_diffusion_fixed,diffusionnostateh48_n10_s50k,diffusionnostateh48,10,50000,34700,0.003,0.113
v2_diffusion_fixed,diffusionnostateh48_n10_s50k,diffusionnostateh48,10,50000,34800,0.003,0.127
v2_diffusion_fixed,diffusionnostateh48_n10_s50k,diffusionnostateh48,10,50000,34900,0.003,0.12
v2_diffusion_fixed,diffusionnostateh48_n10_s50k,diffusionnostateh48,10,50000,35000,0.003,0.131
v2_diffusion_fixed,diffusionnostateh48_n10_s50k,diffusionnostateh48,10,50000,35100,0.003,0.134
v2_diffusion_fixed,diffusionnostateh48_n10_s50k,diffusionnostateh48,10,50000,35200,0.003,0.126
v2_diffusion_fixed,diffusionnostateh48_n10_s50k,diffusionnostateh48,10,50000,35300,0.003,0.146
v2_diffusion_fixed,diffusionnostateh48_n10_s50k,diffusionnostateh48,10,50000,35400,0.003,0.129
v2_diffusion_fixed,diffusionnostateh48_n10_s50k,diffusionnostateh48,10,50000,35500,0.003,0.132
v2_diffusion_fixed,diffusionnostateh48_n10_s50k,diffusionnostateh48,10,50000,35600,0.003,0.125
v2_diffusion_fixed,diffusionnostateh48_n10_s50k,diffusionnostateh48,10,50000,35700,0.003,0.144
v2_diffusion_fixed,diffusionnostateh48_n10_s50k,diffusionnostateh48,10,50000,35800,0.003,0.109
v2_diffusion_fixed,diffusionnostateh48_n10_s50k,diffusionnostateh48,10,50000,35900,0.003,0.126
v2_diffusion_fixed,diffusionnostateh48_n10_s50k,diffusionnostateh48,10,50000,36000,0.003,0.117
v2_diffusion_fixed,diffusionnostateh48_n10_s50k,diffusionnostateh48,10,50000,36100,0.003,0.129
v2_diffusion_fixed,diffusionnostateh48_n10_s50k,diffusionnostateh48,10,50000,36200,0.003,0.132
v2_diffusion_fixed,diffusionnostateh48_n10_s50k,diffusionnostateh48,10,50000,36300,0.003,0.123
v2_diffusion_fixed,diffusionnostateh48_n10_s50k,diffusionnostateh48,10,50000,36400,0.003,0.119
v2_diffusion_fixed,diffusionnostateh48_n10_s50k,diffusionnostateh48,10,50000,36500,0.003,0.139
v2_diffusion_fixed,diffusionnostateh48_n10_s50k,diffusionnostateh48,10,50000,36600,0.003,0.123
v2_diffusion_fixed,diffusionnostateh48_n10_s50k,diffusionnostateh48,10,50000,36700,0.003,0.144
v2_diffusion_fixed,diffusionnostateh48_n10_s50k,diffusionnostateh48,10,50000,36800,0.003,0.127
v2_diffusion_fixed,diffusionnostateh48_n10_s50k,diffusionnostateh48,10,50000,36900,0.003,0.12
v2_diffusion_fixed,diffusionnostateh48_n10_s50k,diffusionnostateh48,10,50000,37000,0.002,0.127
v2_diffusion_fixed,diffusionnostateh48_n10_s50k,diffusionnostateh48,10,50000,37100,0.003,0.171
v2_diffusion_fixed,diffusionnostateh48_n10_s50k,diffusionnostateh48,10,50000,37200,0.003,0.154
v2_diffusion_fixed,diffusionnostateh48_n10_s50k,diffusionnostateh48,10,50000,37300,0.003,0.108
v2_diffusion_fixed,diffusionnostateh48_n10_s50k,diffusionnostateh48,10,50000,37400,0.003,0.134
v2_diffusion_fixed,diffusionnostateh48_n10_s50k,diffusionnostateh48,10,50000,37500,0.002,0.105
v2_diffusion_fixed,diffusionnostateh48_n10_s50k,diffusionnostateh48,10,50000,37600,0.003,0.127
v2_diffusion_fixed,diffusionnostateh48_n10_s50k,diffusionnostateh48,10,50000,37700,0.002,0.11
v2_diffusion_fixed,diffusionnostateh48_n10_s50k,diffusionnostateh48,10,50000,37800,0.003,0.115
v2_diffusion_fixed,diffusionnostateh48_n10_s50k,diffusionnostateh48,10,50000,37900,0.003,0.123
v2_diffusion_fixed,diffusionnostateh48_n10_s50k,diffusionnostateh48,10,50000,38000,0.002,0.126
v2_diffusion_fixed,diffusionnostateh48_n10_s50k,diffusionnostateh48,10,50000,38100,0.002,0.106
v2_diffusion_fixed,diffusionnostateh48_n10_s50k,diffusionnostateh48,10,50000,38200,0.002,0.112
v2_diffusion_fixed,diffusionnostateh48_n10_s50k,diffusionnostateh48,10,50000,38300,0.002,0.106
v2_diffusion_fixed,diffusionnostateh48_n10_s50k,diffusionnostateh48,10,50000,38400,0.003,0.108
v2_diffusion_fixed,diffusionnostateh48_n10_s50k,diffusionnostateh48,10,50000,38500,0.002,0.104
v2_diffusion_fixed,diffusionnostateh48_n10_s50k,diffusionnostateh48,10,50000,38600,0.002,0.124
v2_diffusion_fixed,diffusionnostateh48_n10_s50k,diffusionnostateh48,10,50000,38700,0.003,0.116
v2_diffusion_fixed,diffusionnostateh48_n10_s50k,diffusionnostateh48,10,50000,38800,0.002,0.111
v2_diffusion_fixed,diffusionnostateh48_n10_s50k,diffusionnostateh48,10,50000,38900,0.002,0.108
v2_diffusion_fixed,diffusionnostateh48_n10_s50k,diffusionnostateh48,10,50000,39000,0.002,0.106
v2_diffusion_fixed,diffusionnostateh48_n10_s50k,diffusionnostateh48,10,50000,39100,0.002,0.104
v2_diffusion_fixed,diffusionnostateh48_n10_s50k,diffusionnostateh48,10,50000,39200,0.002,0.116
v2_diffusion_fixed,diffusionnostateh48_n10_s50k,diffusionnostateh48,10,50000,39300,0.002,0.122
v2_diffusion_fixed,diffusionnostateh48_n10_s50k,diffusionnostateh48,10,50000,39400,0.002,0.115
v2_diffusion_fixed,diffusionnostateh48_n10_s50k,diffusionnostateh48,10,50000,39500,0.002,0.103
v2_diffusion_fixed,diffusionnostateh48_n10_s50k,diffusionnostateh48,10,50000,39600,0.002,0.114
v2_diffusion_fixed,diffusionnostateh48_n10_s50k,diffusionnostateh48,10,50000,39700,0.002,0.101
v2_diffusion_fixed,diffusionnostateh48_n10_s50k,diffusionnostateh48,10,50000,39800,0.002,0.102
v2_diffusion_fixed,diffusionnostateh48_n10_s50k,diffusionnostateh48,10,50000,39900,0.002,0.119
v2_diffusion_fixed,diffusionnostateh48_n10_s50k,diffusionnostateh48,10,50000,40000,0.002,0.116
v2_diffusion_fixed,diffusionnostateh48_n10_s50k,diffusionnostateh48,10,50000,40100,0.002,0.112
v2_diffusion_fixed,diffusionnostateh48_n10_s50k,diffusionnostateh48,10,50000,40200,0.003,0.121
v2_diffusion_fixed,diffusionnostateh48_n10_s50k,diffusionnostateh48,10,50000,40300,0.002,0.106
v2_diffusion_fixed,diffusionnostateh48_n10_s50k,diffusionnostateh48,10,50000,40400,0.002,0.113
v2_diffusion_fixed,diffusionnostateh48_n10_s50k,diffusionnostateh48,10,50000,40500,0.002,0.097
v2_diffusion_fixed,diffusionnostateh48_n10_s50k,diffusionnostateh48,10,50000,40600,0.002,0.109
v2_diffusion_fixed,diffusionnostateh48_n10_s50k,diffusionnostateh48,10,50000,40700,0.002,0.104
v2_diffusion_fixed,diffusionnostateh48_n10_s50k,diffusionnostateh48,10,50000,40800,0.002,0.113
v2_diffusion_fixed,diffusionnostateh48_n10_s50k,diffusionnostateh48,10,50000,40900,0.002,0.104
v2_diffusion_fixed,diffusionnostateh48_n10_s50k,diffusionnostateh48,10,50000,41000,0.002,0.109
v2_diffusion_fixed,diffusionnostateh48_n10_s50k,diffusionnostateh48,10,50000,41100,0.002,0.101
v2_diffusion_fixed,diffusionnostateh48_n10_s50k,diffusionnostateh48,10,50000,41200,0.002,0.099
v2_diffusion_fixed,diffusionnostateh48_n10_s50k,diffusionnostateh48,10,50000,41300,0.002,0.109
v2_diffusion_fixed,diffusionnostateh48_n10_s50k,diffusionnostateh48,10,50000,41400,0.002,0.11
v2_diffusion_fixed,diffusionnostateh48_n10_s50k,diffusionnostateh48,10,50000,41500,0.002,0.134
v2_diffusion_fixed,diffusionnostateh48_n10_s50k,diffusionnostateh48,10,50000,41600,0.002,0.111
v2_diffusion_fixed,diffusionnostateh48_n10_s50k,diffusionnostateh48,10,50000,41700,0.002,0.094
v2_diffusion_fixed,diffusionnostateh48_n10_s50k,diffusionnostateh48,10,50000,41800,0.002,0.109
v2_diffusion_fixed,diffusionnostateh48_n10_s50k,diffusionnostateh48,10,50000,41900,0.002,0.105
v2_diffusion_fixed,diffusionnostateh48_n10_s50k,diffusionnostateh48,10,50000,42000,0.002,0.097
v2_diffusion_fixed,diffusionnostateh48_n10_s50k,diffusionnostateh48,10,50000,42100,0.002,0.096
v2_diffusion_fixed,diffusionnostateh48_n10_s50k,diffusionnostateh48,10,50000,42200,0.002,0.105
v2_diffusion_fixed,diffusionnostateh48_n10_s50k,diffusionnostateh48,10,50000,42300,0.002,0.114
v2_diffusion_fixed,diffusionnostateh48_n10_s50k,diffusionnostateh48,10,50000,42400,0.002,0.096
v2_diffusion_fixed,diffusionnostateh48_n10_s50k,diffusionnostateh48,10,50000,42500,0.002,0.104
v2_diffusion_fixed,diffusionnostateh48_n10_s50k,diffusionnostateh48,10,50000,42600,0.002,0.095
v2_diffusion_fixed,diffusionnostateh48_n10_s50k,diffusionnostateh48,10,50000,42700,0.002,0.102
v2_diffusion_fixed,diffusionnostateh48_n10_s50k,diffusionnostateh48,10,50000,42800,0.002,0.096
v2_diffusion_fixed,diffusionnostateh48_n10_s50k,diffusionnostateh48,10,50000,42900,0.002,0.1
v2_diffusion_fixed,diffusionnostateh48_n10_s50k,diffusionnostateh48,10,50000,43000,0.002,0.099
v2_diffusion_fixed,diffusionnostateh48_n10_s50k,diffusionnostateh48,10,50000,43100,0.002,0.102
v2_diffusion_fixed,diffusionnostateh48_n10_s50k,diffusionnostateh48,10,50000,43200,0.002,0.091
v2_diffusion_fixed,diffusionnostateh48_n10_s50k,diffusionnostateh48,10,50000,43300,0.002,0.092
v2_diffusion_fixed,diffusionnostateh48_n10_s50k,diffusionnostateh48,10,50000,43400,0.002,0.096
v2_diffusion_fixed,diffusionnostateh48_n10_s50k,diffusionnostateh48,10,50000,43500,0.002,0.092
v2_diffusion_fixed,diffusionnostateh48_n10_s50k,diffusionnostateh48,10,50000,43600,0.002,0.086
v2_diffusion_fixed,diffusionnostateh48_n10_s50k,diffusionnostateh48,10,50000,43700,0.002,0.082
v2_diffusion_fixed,diffusionnostateh48_n10_s50k,diffusionnostateh48,10,50000,43800,0.002,0.094
v2_diffusion_fixed,diffusionnostateh48_n10_s50k,diffusionnostateh48,10,50000,43900,0.002,0.1
v2_diffusion_fixed,diffusionnostateh48_n10_s50k,diffusionnostateh48,10,50000,44000,0.002,0.095
v2_diffusion_fixed,diffusionnostateh48_n10_s50k,diffusionnostateh48,10,50000,44100,0.002,0.109
v2_diffusion_fixed,diffusionnostateh48_n10_s50k,diffusionnostateh48,10,50000,44200,0.002,0.097
v2_diffusion_fixed,diffusionnostateh48_n10_s50k,diffusionnostateh48,10,50000,44300,0.002,0.097
v2_diffusion_fixed,diffusionnostateh48_n10_s50k,diffusionnostateh48,10,50000,44400,0.002,0.089
v2_diffusion_fixed,diffusionnostateh48_n10_s50k,diffusionnostateh48,10,50000,44500,0.002,0.091
v2_diffusion_fixed,diffusionnostateh48_n10_s50k,diffusionnostateh48,10,50000,44600,0.001,0.081
v2_diffusion_fixed,diffusionnostateh48_n10_s50k,diffusionnostateh48,10,50000,44700,0.002,0.093
v2_diffusion_fixed,diffusionnostateh48_n10_s50k,diffusionnostateh48,10,50000,44800,0.002,0.097
v2_diffusion_fixed,diffusionnostateh48_n10_s50k,diffusionnostateh48,10,50000,44900,0.002,0.129
v2_diffusion_fixed,diffusionnostateh48_n10_s50k,diffusionnostateh48,10,50000,45000,0.002,0.096
v2_diffusion_fixed,diffusionnostateh48_n10_s50k,diffusionnostateh48,10,50000,45100,0.002,0.095
v2_diffusion_fixed,diffusionnostateh48_n10_s50k,diffusionnostateh48,10,50000,45200,0.002,0.093
v2_diffusion_fixed,diffusionnostateh48_n10_s50k,diffusionnostateh48,10,50000,45300,0.002,0.084
v2_diffusion_fixed,diffusionnostateh48_n10_s50k,diffusionnostateh48,10,50000,45400,0.002,0.1
v2_diffusion_fixed,diffusionnostateh48_n10_s50k,diffusionnostateh48,10,50000,45500,0.002,0.096
v2_diffusion_fixed,diffusionnostateh48_n10_s50k,diffusionnostateh48,10,50000,45600,0.002,0.096
v2_diffusion_fixed,diffusionnostateh48_n10_s50k,diffusionnostateh48,10,50000,45700,0.002,0.098
v2_diffusion_fixed,diffusionnostateh48_n10_s50k,diffusionnostateh48,10,50000,45800,0.002,0.097
v2_diffusion_fixed,diffusionnostateh48_n10_s50k,diffusionnostateh48,10,50000,45900,0.002,0.112
v2_diffusion_fixed,diffusionnostateh48_n10_s50k,diffusionnostateh48,10,50000,46000,0.002,0.098
v2_diffusion_fixed,diffusionnostateh48_n10_s50k,diffusionnostateh48,10,50000,46100,0.002,0.081
v2_diffusion_fixed,diffusionnostateh48_n10_s50k,diffusionnostateh48,10,50000,46200,0.002,0.087
v2_diffusion_fixed,diffusionnostateh48_n10_s50k,diffusionnostateh48,10,50000,46300,0.002,0.093
v2_diffusion_fixed,diffusionnostateh48_n10_s50k,diffusionnostateh48,10,50000,46400,0.002,0.081
v2_diffusion_fixed,diffusionnostateh48_n10_s50k,diffusionnostateh48,10,50000,46500,0.002,0.08
v2_diffusion_fixed,diffusionnostateh48_n10_s50k,diffusionnostateh48,10,50000,46600,0.002,0.089
v2_diffusion_fixed,diffusionnostateh48_n10_s50k,diffusionnostateh48,10,50000,46700,0.002,0.082
v2_diffusion_fixed,diffusionnostateh48_n10_s50k,diffusionnostateh48,10,50000,46800,0.002,0.083
v2_diffusion_fixed,diffusionnostateh48_n10_s50k,diffusionnostateh48,10,50000,46900,0.002,0.087
v2_diffusion_fixed,diffusionnostateh48_n10_s50k,diffusionnostateh48,10,50000,47000,0.002,0.09
v2_diffusion_fixed,diffusionnostateh48_n10_s50k,diffusionnostateh48,10,50000,47100,0.002,0.086
v2_diffusion_fixed,diffusionnostateh48_n10_s50k,diffusionnostateh48,10,50000,47200,0.002,0.085
v2_diffusion_fixed,diffusionnostateh48_n10_s50k,diffusionnostateh48,10,50000,47300,0.002,0.084
v2_diffusion_fixed,diffusionnostateh48_n10_s50k,diffusionnostateh48,10,50000,47400,0.002,0.089
v2_diffusion_fixed,diffusionnostateh48_n10_s50k,diffusionnostateh48,10,50000,47500,0.002,0.084
v2_diffusion_fixed,diffusionnostateh48_n10_s50k,diffusionnostateh48,10,50000,47600,0.002,0.082
v2_diffusion_fixed,diffusionnostateh48_n10_s50k,diffusionnostateh48,10,50000,47700,0.002,0.086
v2_diffusion_fixed,diffusionnostateh48_n10_s50k,diffusionnostateh48,10,50000,47800,0.002,0.089
v2_diffusion_fixed,diffusionnostateh48_n10_s50k,diffusionnostateh48,10,50000,47900,0.002,0.081
v2_diffusion_fixed,diffusionnostateh48_n10_s50k,diffusionnostateh48,10,50000,48000,0.001,0.083
v2_diffusion_fixed,diffusionnostateh48_n10_s50k,diffusionnostateh48,10,50000,48100,0.002,0.094
v2_diffusion_fixed,diffusionnostateh48_n10_s50k,diffusionnostateh48,10,50000,48200,0.002,0.083
v2_diffusion_fixed,diffusionnostateh48_n10_s50k,diffusionnostateh48,10,50000,48300,0.002,0.084
v2_diffusion_fixed,diffusionnostateh48_n10_s50k,diffusionnostateh48,10,50000,48400,0.002,0.083
v2_diffusion_fixed,diffusionnostateh48_n10_s50k,diffusionnostateh48,10,50000,48500,0.002,0.09
v2_diffusion_fixed,diffusionnostateh48_n10_s50k,diffusionnostateh48,10,50000,48600,0.002,0.083
v2_diffusion_fixed,diffusionnostateh48_n10_s50k,diffusionnostateh48,10,50000,48700,0.001,0.072
v2_diffusion_fixed,diffusionnostateh48_n10_s50k,diffusionnostateh48,10,50000,48800,0.001,0.081
v2_diffusion_fixed,diffusionnostateh48_n10_s50k,diffusionnostateh48,10,50000,48900,0.002,0.088
v2_diffusion_fixed,diffusionnostateh48_n10_s50k,diffusionnostateh48,10,50000,49000,0.002,0.086
v2_diffusion_fixed,diffusionnostateh48_n10_s50k,diffusionnostateh48,10,50000,49100,0.002,0.092
v2_diffusion_fixed,diffusionnostateh48_n10_s50k,diffusionnostateh48,10,50000,49200,0.002,0.09
v2_diffusion_fixed,diffusionnostateh48_n10_s50k,diffusionnostateh48,10,50000,49300,0.001,0.077
v2_diffusion_fixed,diffusionnostateh48_n10_s50k,diffusionnostateh48,10,50000,49400,0.002,0.083
v2_diffusion_fixed,diffusionnostateh48_n10_s50k,diffusionnostateh48,10,50000,49500,0.002,0.087
v2_diffusion_fixed,diffusionnostateh48_n10_s50k,diffusionnostateh48,10,50000,49600,0.002,0.085
v2_diffusion_fixed,diffusionnostateh48_n10_s50k,diffusionnostateh48,10,50000,49700,0.002,0.082
v2_diffusion_fixed,diffusionnostateh48_n10_s50k,diffusionnostateh48,10,50000,49800,0.002,0.084
v2_diffusion_fixed,diffusionnostateh48_n10_s50k,diffusionnostateh48,10,50000,49900,0.002,0.087
v2_diffusion_fixed,diffusionnostateh48_n10_s50k,diffusionnostateh48,10,50000,50000,0.002,0.08
v2_diffusion_fixed,diffusionnostateh48_n10_s5k,diffusionnostateh48,10,5000,100,0.695,5.433
v2_diffusion_fixed,diffusionnostateh48_n10_s5k,diffusionnostateh48,10,5000,200,0.146,3.743
v2_diffusion_fixed,diffusionnostateh48_n10_s5k,diffusionnostateh48,10,5000,300,0.105,3.022
v2_diffusion_fixed,diffusionnostateh48_n10_s5k,diffusionnostateh48,10,5000,400,0.073,2.141
v2_diffusion_fixed,diffusionnostateh48_n10_s5k,diffusionnostateh48,10,5000,500,0.063,1.641
v2_diffusion_fixed,diffusionnostateh48_n10_s5k,diffusionnostateh48,10,5000,600,0.051,1.324
v2_diffusion_fixed,diffusionnostateh48_n10_s5k,diffusionnostateh48,10,5000,700,0.043,0.998
v2_diffusion_fixed,diffusionnostateh48_n10_s5k,diffusionnostateh48,10,5000,800,0.04,1.137
v2_diffusion_fixed,diffusionnostateh48_n10_s5k,diffusionnostateh48,10,5000,900,0.037,0.967
v2_diffusion_fixed,diffusionnostateh48_n10_s5k,diffusionnostateh48,10,5000,1000,0.034,0.907
v2_diffusion_fixed,diffusionnostateh48_n10_s5k,diffusionnostateh48,10,5000,1100,0.033,0.709
v2_diffusion_fixed,diffusionnostateh48_n10_s5k,diffusionnostateh48,10,5000,1200,0.031,0.802
v2_diffusion_fixed,diffusionnostateh48_n10_s5k,diffusionnostateh48,10,5000,1300,0.027,0.689
v2_diffusion_fixed,diffusionnostateh48_n10_s5k,diffusionnostateh48,10,5000,1400,0.025,0.626
v2_diffusion_fixed,diffusionnostateh48_n10_s5k,diffusionnostateh48,10,5000,1500,0.026,0.672
v2_diffusion_fixed,diffusionnostateh48_n10_s5k,diffusionnostateh48,10,5000,1600,0.024,0.681
v2_diffusion_fixed,diffusionnostateh48_n10_s5k,diffusionnostateh48,10,5000,1700,0.025,0.678
v2_diffusion_fixed,diffusionnostateh48_n10_s5k,diffusionnostateh48,10,5000,1800,0.023,0.601
v2_diffusion_fixed,diffusionnostateh48_n10_s5k,diffusionnostateh48,10,5000,1900,0.021,0.631
v2_diffusion_fixed,diffusionnostateh48_n10_s5k,diffusionnostateh48,10,5000,2000,0.02,0.545
v2_diffusion_fixed,diffusionnostateh48_n10_s5k,diffusionnostateh48,10,5000,2100,0.021,0.569
v2_diffusion_fixed,diffusionnostateh48_n10_s5k,diffusionnostateh48,10,5000,2200,0.02,0.469
v2_diffusion_fixed,diffusionnostateh48_n10_s5k,diffusionnostateh48,10,5000,2300,0.021,0.538
v2_diffusion_fixed,diffusionnostateh48_n10_s5k,diffusionnostateh48,10,5000,2400,0.02,0.483
v2_diffusion_fixed,diffusionnostateh48_n10_s5k,diffusionnostateh48,10,5000,2500,0.019,0.532
v2_diffusion_fixed,diffusionnostateh48_n10_s5k,diffusionnostateh48,10,5000,2600,0.018,0.499
v2_diffusion_fixed,diffusionnostateh48_n10_s5k,diffusionnostateh48,10,5000,2700,0.017,0.486
v2_diffusion_fixed,diffusionnostateh48_n10_s5k,diffusionnostateh48,10,5000,2800,0.018,0.484
v2_diffusion_fixed,diffusionnostateh48_n10_s5k,diffusionnostateh48,10,5000,2900,0.016,0.407
v2_diffusion_fixed,diffusionnostateh48_n10_s5k,diffusionnostateh48,10,5000,3000,0.015,0.382
v2_diffusion_fixed,diffusionnostateh48_n10_s5k,diffusionnostateh48,10,5000,3100,0.015,0.426
v2_diffusion_fixed,diffusionnostateh48_n10_s5k,diffusionnostateh48,10,5000,3200,0.014,0.42
v2_diffusion_fixed,diffusionnostateh48_n10_s5k,diffusionnostateh48,10,5000,3300,0.013,0.369
v2_diffusion_fixed,diffusionnostateh48_n10_s5k,diffusionnostateh48,10,5000,3400,0.013,0.429
v2_diffusion_fixed,diffusionnostateh48_n10_s5k,diffusionnostateh48,10,5000,3500,0.014,0.426
v2_diffusion_fixed,diffusionnostateh48_n10_s5k,diffusionnostateh48,10,5000,3600,0.013,0.358
v2_diffusion_fixed,diffusionnostateh48_n10_s5k,diffusionnostateh48,10,5000,3700,0.011,0.329
v2_diffusion_fixed,diffusionnostateh48_n10_s5k,diffusionnostateh48,10,5000,3800,0.012,0.358
v2_diffusion_fixed,diffusionnostateh48_n10_s5k,diffusionnostateh48,10,5000,3900,0.012,0.34
v2_diffusion_fixed,diffusionnostateh48_n10_s5k,diffusionnostateh48,10,5000,4000,0.011,0.324
v2_diffusion_fixed,diffusionnostateh48_n10_s5k,diffusionnostateh48,10,5000,4100,0.011,0.311
v2_diffusion_fixed,diffusionnostateh48_n10_s5k,diffusionnostateh48,10,5000,4200,0.01,0.307
v2_diffusion_fixed,diffusionnostateh48_n10_s5k,diffusionnostateh48,10,5000,4300,0.009,0.289
v2_diffusion_fixed,diffusionnostateh48_n10_s5k,diffusionnostateh48,10,5000,4400,0.009,0.306
v2_diffusion_fixed,diffusionnostateh48_n10_s5k,diffusionnostateh48,10,5000,4500,0.009,0.263
v2_diffusion_fixed,diffusionnostateh48_n10_s5k,diffusionnostateh48,10,5000,4600,0.008,0.236
v2_diffusion_fixed,diffusionnostateh48_n10_s5k,diffusionnostateh48,10,5000,4700,0.008,0.222
v2_diffusion_fixed,diffusionnostateh48_n10_s5k,diffusionnostateh48,10,5000,4800,0.008,0.215
v2_diffusion_fixed,diffusionnostateh48_n10_s5k,diffusionnostateh48,10,5000,4900,0.008,0.221
v2_diffusion_fixed,diffusionnostateh48_n10_s5k,diffusionnostateh48,10,5000,5000,0.008,0.208
v2_diffusion_fixed,diffusionnostateh48_n25_s20k,diffusionnostateh48,25,20000,100,0.7,5.589
v2_diffusion_fixed,diffusionnostateh48_n25_s20k,diffusionnostateh48,25,20000,200,0.148,3.754
v2_diffusion_fixed,diffusionnostateh48_n25_s20k,diffusionnostateh48,25,20000,300,0.101,2.827
v2_diffusion_fixed,diffusionnostateh48_n25_s20k,diffusionnostateh48,25,20000,400,0.068,1.963
v2_diffusion_fixed,diffusionnostateh48_n25_s20k,diffusionnostateh48,25,20000,500,0.061,1.779
v2_diffusion_fixed,diffusionnostateh48_n25_s20k,diffusionnostateh48,25,20000,600,0.048,1.222
v2_diffusion_fixed,diffusionnostateh48_n25_s20k,diffusionnostateh48,25,20000,700,0.042,1.153
v2_diffusion_fixed,diffusionnostateh48_n25_s20k,diffusionnostateh48,25,20000,800,0.037,0.934
v2_diffusion_fixed,diffusionnostateh48_n25_s20k,diffusionnostateh48,25,20000,900,0.035,0.91
v2_diffusion_fixed,diffusionnostateh48_n25_s20k,diffusionnostateh48,25,20000,1000,0.035,0.923
v2_diffusion_fixed,diffusionnostateh48_n25_s20k,diffusionnostateh48,25,20000,1100,0.034,0.953
v2_diffusion_fixed,diffusionnostateh48_n25_s20k,diffusionnostateh48,25,20000,1200,0.031,0.81
v2_diffusion_fixed,diffusionnostateh48_n25_s20k,diffusionnostateh48,25,20000,1300,0.027,0.739
v2_diffusion_fixed,diffusionnostateh48_n25_s20k,diffusionnostateh48,25,20000,1400,0.028,0.715
v2_diffusion_fixed,diffusionnostateh48_n25_s20k,diffusionnostateh48,25,20000,1500,0.027,0.633
v2_diffusion_fixed,diffusionnostateh48_n25_s20k,diffusionnostateh48,25,20000,1600,0.024,0.552
v2_diffusion_fixed,diffusionnostateh48_n25_s20k,diffusionnostateh48,25,20000,1700,0.026,0.65
v2_diffusion_fixed,diffusionnostateh48_n25_s20k,diffusionnostateh48,25,20000,1800,0.026,0.655
v2_diffusion_fixed,diffusionnostateh48_n25_s20k,diffusionnostateh48,25,20000,1900,0.024,0.648
v2_diffusion_fixed,diffusionnostateh48_n25_s20k,diffusionnostateh48,25,20000,2000,0.023,0.528
v2_diffusion_fixed,diffusionnostateh48_n25_s20k,diffusionnostateh48,25,20000,2100,0.022,0.505
v2_diffusion_fixed,diffusionnostateh48_n25_s20k,diffusionnostateh48,25,20000,2200,0.022,0.544
v2_diffusion_fixed,diffusionnostateh48_n25_s20k,diffusionnostateh48,25,20000,2300,0.023,0.606
v2_diffusion_fixed,diffusionnostateh48_n25_s20k,diffusionnostateh48,25,20000,2400,0.022,0.513
v2_diffusion_fixed,diffusionnostateh48_n25_s20k,diffusionnostateh48,25,20000,2500,0.021,0.457
v2_diffusion_fixed,diffusionnostateh48_n25_s20k,diffusionnostateh48,25,20000,2600,0.02,0.464
v2_diffusion_fixed,diffusionnostateh48_n25_s20k,diffusionnostateh48,25,20000,2700,0.022,0.53
v2_diffusion_fixed,diffusionnostateh48_n25_s20k,diffusionnostateh48,25,20000,2800,0.02,0.526
v2_diffusion_fixed,diffusionnostateh48_n25_s20k,diffusionnostateh48,25,20000,2900,0.02,0.5
v2_diffusion_fixed,diffusionnostateh48_n25_s20k,diffusionnostateh48,25,20000,3000,0.02,0.499
v2_diffusion_fixed,diffusionnostateh48_n25_s20k,diffusionnostateh48,25,20000,3100,0.02,0.517
v2_diffusion_fixed,diffusionnostateh48_n25_s20k,diffusionnostateh48,25,20000,3200,0.021,0.478
v2_diffusion_fixed,diffusionnostateh48_n25_s20k,diffusionnostateh48,25,20000,3300,0.019,0.434
v2_diffusion_fixed,diffusionnostateh48_n25_s20k,diffusionnostateh48,25,20000,3400,0.019,0.466
v2_diffusion_fixed,diffusionnostateh48_n25_s20k,diffusionnostateh48,25,20000,3500,0.018,0.389
v2_diffusion_fixed,diffusionnostateh48_n25_s20k,diffusionnostateh48,25,20000,3600,0.019,0.43
v2_diffusion_fixed,diffusionnostateh48_n25_s20k,diffusionnostateh48,25,20000,3700,0.018,0.431
v2_diffusion_fixed,diffusionnostateh48_n25_s20k,diffusionnostateh48,25,20000,3800,0.019,0.402
v2_diffusion_fixed,diffusionnostateh48_n25_s20k,diffusionnostateh48,25,20000,3900,0.018,0.426
v2_diffusion_fixed,diffusionnostateh48_n25_s20k,diffusionnostateh48,25,20000,4000,0.019,0.476
v2_diffusion_fixed,diffusionnostateh48_n25_s20k,diffusionnostateh48,25,20000,4100,0.018,0.41
v2_diffusion_fixed,diffusionnostateh48_n25_s20k,diffusionnostateh48,25,20000,4200,0.018,0.389
v2_diffusion_fixed,diffusionnostateh48_n25_s20k,diffusionnostateh48,25,20000,4300,0.017,0.424
v2_diffusion_fixed,diffusionnostateh48_n25_s20k,diffusionnostateh48,25,20000,4400,0.018,0.411
v2_diffusion_fixed,diffusionnostateh48_n25_s20k,diffusionnostateh48,25,20000,4500,0.018,0.417
v2_diffusion_fixed,diffusionnostateh48_n25_s20k,diffusionnostateh48,25,20000,4600,0.016,0.345
v2_diffusion_fixed,diffusionnostateh48_n25_s20k,diffusionnostateh48,25,20000,4700,0.017,0.397
v2_diffusion_fixed,diffusionnostateh48_n25_s20k,diffusionnostateh48,25,20000,4800,0.016,0.354
v2_diffusion_fixed,diffusionnostateh48_n25_s20k,diffusionnostateh48,25,20000,4900,0.016,0.324
v2_diffusion_fixed,diffusionnostateh48_n25_s20k,diffusionnostateh48,25,20000,5000,0.016,0.379
v2_diffusion_fixed,diffusionnostateh48_n25_s20k,diffusionnostateh48,25,20000,5100,0.017,0.377
v2_diffusion_fixed,diffusionnostateh48_n25_s20k,diffusionnostateh48,25,20000,5200,0.016,0.35
v2_diffusion_fixed,diffusionnostateh48_n25_s20k,diffusionnostateh48,25,20000,5300,0.016,0.314
v2_diffusion_fixed,diffusionnostateh48_n25_s20k,diffusionnostateh48,25,20000,5400,0.016,0.357
v2_diffusion_fixed,diffusionnostateh48_n25_s20k,diffusionnostateh48,25,20000,5500,0.016,0.315
v2_diffusion_fixed,diffusionnostateh48_n25_s20k,diffusionnostateh48,25,20000,5600,0.016,0.318
v2_diffusion_fixed,diffusionnostateh48_n25_s20k,diffusionnostateh48,25,20000,5700,0.014,0.311
v2_diffusion_fixed,diffusionnostateh48_n25_s20k,diffusionnostateh48,25,20000,5800,0.014,0.309
v2_diffusion_fixed,diffusionnostateh48_n25_s20k,diffusionnostateh48,25,20000,5900,0.016,0.37
v2_diffusion_fixed,diffusionnostateh48_n25_s20k,diffusionnostateh48,25,20000,6000,0.016,0.353
v2_diffusion_fixed,diffusionnostateh48_n25_s20k,diffusionnostateh48,25,20000,6100,0.015,0.337
v2_diffusion_fixed,diffusionnostateh48_n25_s20k,diffusionnostateh48,25,20000,6200,0.015,0.358
v2_diffusion_fixed,diffusionnostateh48_n25_s20k,diffusionnostateh48,25,20000,6300,0.015,0.293
v2_diffusion_fixed,diffusionnostateh48_n25_s20k,diffusionnostateh48,25,20000,6400,0.015,0.308
v2_diffusion_fixed,diffusionnostateh48_n25_s20k,diffusionnostateh48,25,20000,6500,0.014,0.295
v2_diffusion_fixed,diffusionnostateh48_n25_s20k,diffusionnostateh48,25,20000,6600,0.014,0.312
v2_diffusion_fixed,diffusionnostateh48_n25_s20k,diffusionnostateh48,25,20000,6700,0.014,0.328
v2_diffusion_fixed,diffusionnostateh48_n25_s20k,diffusionnostateh48,25,20000,6800,0.014,0.331
v2_diffusion_fixed,diffusionnostateh48_n25_s20k,diffusionnostateh48,25,20000,6900,0.014,0.305
v2_diffusion_fixed,diffusionnostateh48_n25_s20k,diffusionnostateh48,25,20000,7000,0.014,0.292
v2_diffusion_fixed,diffusionnostateh48_n25_s20k,diffusionnostateh48,25,20000,7100,0.014,0.315
v2_diffusion_fixed,diffusionnostateh48_n25_s20k,diffusionnostateh48,25,20000,7200,0.015,0.322
v2_diffusion_fixed,diffusionnostateh48_n25_s20k,diffusionnostateh48,25,20000,7300,0.013,0.292
v2_diffusion_fixed,diffusionnostateh48_n25_s20k,diffusionnostateh48,25,20000,7400,0.014,0.305
v2_diffusion_fixed,diffusionnostateh48_n25_s20k,diffusionnostateh48,25,20000,7500,0.014,0.304
v2_diffusion_fixed,diffusionnostateh48_n25_s20k,diffusionnostateh48,25,20000,7600,0.014,0.308
v2_diffusion_fixed,diffusionnostateh48_n25_s20k,diffusionnostateh48,25,20000,7700,0.013,0.293
v2_diffusion_fixed,diffusionnostateh48_n25_s20k,diffusionnostateh48,25,20000,7800,0.013,0.291
v2_diffusion_fixed,diffusionnostateh48_n25_s20k,diffusionnostateh48,25,20000,7900,0.013,0.297
v2_diffusion_fixed,diffusionnostateh48_n25_s20k,diffusionnostateh48,25,20000,8000,0.012,0.277
v2_diffusion_fixed,diffusionnostateh48_n25_s20k,diffusionnostateh48,25,20000,8100,0.012,0.266
v2_diffusion_fixed,diffusionnostateh48_n25_s20k,diffusionnostateh48,25,20000,8200,0.012,0.282
v2_diffusion_fixed,diffusionnostateh48_n25_s20k,diffusionnostateh48,25,20000,8300,0.013,0.288
v2_diffusion_fixed,diffusionnostateh48_n25_s20k,diffusionnostateh48,25,20000,8400,0.012,0.264
v2_diffusion_fixed,diffusionnostateh48_n25_s20k,diffusionnostateh48,25,20000,8500,0.014,0.321
v2_diffusion_fixed,diffusionnostateh48_n25_s20k,diffusionnostateh48,25,20000,8600,0.012,0.271
v2_diffusion_fixed,diffusionnostateh48_n25_s20k,diffusionnostateh48,25,20000,8700,0.013,0.277
v2_diffusion_fixed,diffusionnostateh48_n25_s20k,diffusionnostateh48,25,20000,8800,0.012,0.252
v2_diffusion_fixed,diffusionnostateh48_n25_s20k,diffusionnostateh48,25,20000,8900,0.012,0.259
v2_diffusion_fixed,diffusionnostateh48_n25_s20k,diffusionnostateh48,25,20000,9000,0.011,0.234
v2_diffusion_fixed,diffusionnostateh48_n25_s20k,diffusionnostateh48,25,20000,9100,0.013,0.287
v2_diffusion_fixed,diffusionnostateh48_n25_s20k,diffusionnostateh48,25,20000,9200,0.012,0.251
v2_diffusion_fixed,diffusionnostateh48_n25_s20k,diffusionnostateh48,25,20000,9300,0.011,0.25
v2_diffusion_fixed,diffusionnostateh48_n25_s20k,diffusionnostateh48,25,20000,9400,0.011,0.222
v2_diffusion_fixed,diffusionnostateh48_n25_s20k,diffusionnostateh48,25,20000,9500,0.011,0.274
v2_diffusion_fixed,diffusionnostateh48_n25_s20k,diffusionnostateh48,25,20000,9600,0.011,0.272
v2_diffusion_fixed,diffusionnostateh48_n25_s20k,diffusionnostateh48,25,20000,9700,0.01,0.212
v2_diffusion_fixed,diffusionnostateh48_n25_s20k,diffusionnostateh48,25,20000,9800,0.012,0.261
v2_diffusion_fixed,diffusionnostateh48_n25_s20k,diffusionnostateh48,25,20000,9900,0.011,0.254
v2_diffusion_fixed,diffusionnostateh48_n25_s20k,diffusionnostateh48,25,20000,10000,0.011,0.261
v2_diffusion_fixed,diffusionnostateh48_n25_s20k,diffusionnostateh48,25,20000,10100,0.012,0.263
v2_diffusion_fixed,diffusionnostateh48_n25_s20k,diffusionnostateh48,25,20000,10200,0.01,0.217
v2_diffusion_fixed,diffusionnostateh48_n25_s20k,diffusionnostateh48,25,20000,10300,0.01,0.215
v2_diffusion_fixed,diffusionnostateh48_n25_s20k,diffusionnostateh48,25,20000,10400,0.01,0.223
v2_diffusion_fixed,diffusionnostateh48_n25_s20k,diffusionnostateh48,25,20000,10500,0.01,0.253
v2_diffusion_fixed,diffusionnostateh48_n25_s20k,diffusionnostateh48,25,20000,10600,0.01,0.24
v2_diffusion_fixed,diffusionnostateh48_n25_s20k,diffusionnostateh48,25,20000,10700,0.01,0.239
v2_diffusion_fixed,diffusionnostateh48_n25_s20k,diffusionnostateh48,25,20000,10800,0.01,0.228
v2_diffusion_fixed,diffusionnostateh48_n25_s20k,diffusionnostateh48,25,20000,10900,0.01,0.247
v2_diffusion_fixed,diffusionnostateh48_n25_s20k,diffusionnostateh48,25,20000,11000,0.01,0.211
v2_diffusion_fixed,diffusionnostateh48_n25_s20k,diffusionnostateh48,25,20000,11100,0.01,0.242
v2_diffusion_fixed,diffusionnostateh48_n25_s20k,diffusionnostateh48,25,20000,11200,0.01,0.229
v2_diffusion_fixed,diffusionnostateh48_n25_s20k,diffusionnostateh48,25,20000,11300,0.01,0.238
v2_diffusion_fixed,diffusionnostateh48_n25_s20k,diffusionnostateh48,25,20000,11400,0.009,0.214
v2_diffusion_fixed,diffusionnostateh48_n25_s20k,diffusionnostateh48,25,20000,11500,0.01,0.238
v2_diffusion_fixed,diffusionnostateh48_n25_s20k,diffusionnostateh48,25,20000,11600,0.009,0.207
v2_diffusion_fixed,diffusionnostateh48_n25_s20k,diffusionnostateh48,25,20000,11700,0.009,0.213
v2_diffusion_fixed,diffusionnostateh48_n25_s20k,diffusionnostateh48,25,20000,11800,0.009,0.231
v2_diffusion_fixed,diffusionnostateh48_n25_s20k,diffusionnostateh48,25,20000,11900,0.009,0.218
v2_diffusion_fixed,diffusionnostateh48_n25_s20k,diffusionnostateh48,25,20000,12000,0.009,0.225
v2_diffusion_fixed,diffusionnostateh48_n25_s20k,diffusionnostateh48,25,20000,12100,0.009,0.251
v2_diffusion_fixed,diffusionnostateh48_n25_s20k,diffusionnostateh48,25,20000,12200,0.009,0.208
v2_diffusion_fixed,diffusionnostateh48_n25_s20k,diffusionnostateh48,25,20000,12300,0.01,0.231
v2_diffusion_fixed,diffusionnostateh48_n25_s20k,diffusionnostateh48,25,20000,12400,0.008,0.214
v2_diffusion_fixed,diffusionnostateh48_n25_s20k,diffusionnostateh48,25,20000,12500,0.008,0.213
v2_diffusion_fixed,diffusionnostateh48_n25_s20k,diffusionnostateh48,25,20000,12600,0.008,0.181
v2_diffusion_fixed,diffusionnostateh48_n25_s20k,diffusionnostateh48,25,20000,12700,0.008,0.202
v2_diffusion_fixed,diffusionnostateh48_n25_s20k,diffusionnostateh48,25,20000,12800,0.008,0.182
v2_diffusion_fixed,diffusionnostateh48_n25_s20k,diffusionnostateh48,25,20000,12900,0.008,0.194
v2_diffusion_fixed,diffusionnostateh48_n25_s20k,diffusionnostateh48,25,20000,13000,0.008,0.211
v2_diffusion_fixed,diffusionnostateh48_n25_s20k,diffusionnostateh48,25,20000,13100,0.008,0.2
v2_diffusion_fixed,diffusionnostateh48_n25_s20k,diffusionnostateh48,25,20000,13200,0.008,0.214
v2_diffusion_fixed,diffusionnostateh48_n25_s20k,diffusionnostateh48,25,20000,13300,0.007,0.194
v2_diffusion_fixed,diffusionnostateh48_n25_s20k,diffusionnostateh48,25,20000,13400,0.008,0.221
v2_diffusion_fixed,diffusionnostateh48_n25_s20k,diffusionnostateh48,25,20000,13500,0.008,0.233
v2_diffusion_fixed,diffusionnostateh48_n25_s20k,diffusionnostateh48,25,20000,13600,0.007,0.201
v2_diffusion_fixed,diffusionnostateh48_n25_s20k,diffusionnostateh48,25,20000,13700,0.007,0.202
v2_diffusion_fixed,diffusionnostateh48_n25_s20k,diffusionnostateh48,25,20000,13800,0.007,0.182
v2_diffusion_fixed,diffusionnostateh48_n25_s20k,diffusionnostateh48,25,20000,13900,0.007,0.19
v2_diffusion_fixed,diffusionnostateh48_n25_s20k,diffusionnostateh48,25,20000,14000,0.007,0.182
v2_diffusion_fixed,diffusionnostateh48_n25_s20k,diffusionnostateh48,25,20000,14100,0.007,0.187
v2_diffusion_fixed,diffusionnostateh48_n25_s20k,diffusionnostateh48,25,20000,14200,0.007,0.178
v2_diffusion_fixed,diffusionnostateh48_n25_s20k,diffusionnostateh48,25,20000,14300,0.006,0.165
v2_diffusion_fixed,diffusionnostateh48_n25_s20k,diffusionnostateh48,25,20000,14400,0.007,0.182
v2_diffusion_fixed,diffusionnostateh48_n25_s20k,diffusionnostateh48,25,20000,14500,0.007,0.184
v2_diffusion_fixed,diffusionnostateh48_n25_s20k,diffusionnostateh48,25,20000,14600,0.006,0.169
v2_diffusion_fixed,diffusionnostateh48_n25_s20k,diffusionnostateh48,25,20000,14700,0.006,0.173
v2_diffusion_fixed,diffusionnostateh48_n25_s20k,diffusionnostateh48,25,20000,14800,0.006,0.171
v2_diffusion_fixed,diffusionnostateh48_n25_s20k,diffusionnostateh48,25,20000,14900,0.006,0.159
v2_diffusion_fixed,diffusionnostateh48_n25_s20k,diffusionnostateh48,25,20000,15000,0.006,0.168
v2_diffusion_fixed,diffusionnostateh48_n25_s20k,diffusionnostateh48,25,20000,15100,0.006,0.166
v2_diffusion_fixed,diffusionnostateh48_n25_s20k,diffusionnostateh48,25,20000,15200,0.006,0.178
v2_diffusion_fixed,diffusionnostateh48_n25_s20k,diffusionnostateh48,25,20000,15300,0.006,0.169
v2_diffusion_fixed,diffusionnostateh48_n25_s20k,diffusionnostateh48,25,20000,15400,0.006,0.168
v2_diffusion_fixed,diffusionnostateh48_n25_s20k,diffusionnostateh48,25,20000,15500,0.006,0.173
v2_diffusion_fixed,diffusionnostateh48_n25_s20k,diffusionnostateh48,25,20000,15600,0.006,0.169
v2_diffusion_fixed,diffusionnostateh48_n25_s20k,diffusionnostateh48,25,20000,15700,0.006,0.16
v2_diffusion_fixed,diffusionnostateh48_n25_s20k,diffusionnostateh48,25,20000,15800,0.005,0.161
v2_diffusion_fixed,diffusionnostateh48_n25_s20k,diffusionnostateh48,25,20000,15900,0.006,0.18
v2_diffusion_fixed,diffusionnostateh48_n25_s20k,diffusionnostateh48,25,20000,16000,0.006,0.183
v2_diffusion_fixed,diffusionnostateh48_n25_s20k,diffusionnostateh48,25,20000,16100,0.005,0.15
v2_diffusion_fixed,diffusionnostateh48_n25_s20k,diffusionnostateh48,25,20000,16200,0.005,0.154
v2_diffusion_fixed,diffusionnostateh48_n25_s20k,diffusionnostateh48,25,20000,16300,0.005,0.152
v2_diffusion_fixed,diffusionnostateh48_n25_s20k,diffusionnostateh48,25,20000,16400,0.005,0.156
v2_diffusion_fixed,diffusionnostateh48_n25_s20k,diffusionnostateh48,25,20000,16500,0.005,0.158
v2_diffusion_fixed,diffusionnostateh48_n25_s20k,diffusionnostateh48,25,20000,16600,0.005,0.153
v2_diffusion_fixed,diffusionnostateh48_n25_s20k,diffusionnostateh48,25,20000,16700,0.005,0.162
v2_diffusion_fixed,diffusionnostateh48_n25_s20k,diffusionnostateh48,25,20000,16800,0.005,0.152
v2_diffusion_fixed,diffusionnostateh48_n25_s20k,diffusionnostateh48,25,20000,16900,0.005,0.144
v2_diffusion_fixed,diffusionnostateh48_n25_s20k,diffusionnostateh48,25,20000,17000,0.005,0.14
v2_diffusion_fixed,diffusionnostateh48_n25_s20k,diffusionnostateh48,25,20000,17100,0.005,0.145
v2_diffusion_fixed,diffusionnostateh48_n25_s20k,diffusionnostateh48,25,20000,17200,0.005,0.144
v2_diffusion_fixed,diffusionnostateh48_n25_s20k,diffusionnostateh48,25,20000,17300,0.005,0.13
v2_diffusion_fixed,diffusionnostateh48_n25_s20k,diffusionnostateh48,25,20000,17400,0.005,0.142
v2_diffusion_fixed,diffusionnostateh48_n25_s20k,diffusionnostateh48,25,20000,17500,0.005,0.133
v2_diffusion_fixed,diffusionnostateh48_n25_s20k,diffusionnostateh48,25,20000,17600,0.005,0.14
v2_diffusion_fixed,diffusionnostateh48_n25_s20k,diffusionnostateh48,25,20000,17700,0.005,0.142
v2_diffusion_fixed,diffusionnostateh48_n25_s20k,diffusionnostateh48,25,20000,17800,0.005,0.134
v2_diffusion_fixed,diffusionnostateh48_n25_s20k,diffusionnostateh48,25,20000,17900,0.005,0.137
v2_diffusion_fixed,diffusionnostateh48_n25_s20k,diffusionnostateh48,25,20000,18000,0.005,0.134
v2_diffusion_fixed,diffusionnostateh48_n25_s20k,diffusionnostateh48,25,20000,18100,0.004,0.125
v2_diffusion_fixed,diffusionnostateh48_n25_s20k,diffusionnostateh48,25,20000,18200,0.005,0.132
v2_diffusion_fixed,diffusionnostateh48_n25_s20k,diffusionnostateh48,25,20000,18300,0.005,0.137
v2_diffusion_fixed,diffusionnostateh48_n25_s20k,diffusionnostateh48,25,20000,18400,0.004,0.129
v2_diffusion_fixed,diffusionnostateh48_n25_s20k,diffusionnostateh48,25,20000,18500,0.004,0.123
v2_diffusion_fixed,diffusionnostateh48_n25_s20k,diffusionnostateh48,25,20000,18600,0.004,0.128
v2_diffusion_fixed,diffusionnostateh48_n25_s20k,diffusionnostateh48,25,20000,18700,0.004,0.131
v2_diffusion_fixed,diffusionnostateh48_n25_s20k,diffusionnostateh48,25,20000,18800,0.005,0.129
v2_diffusion_fixed,diffusionnostateh48_n25_s20k,diffusionnostateh48,25,20000,18900,0.005,0.133
v2_diffusion_fixed,diffusionnostateh48_n25_s20k,diffusionnostateh48,25,20000,19000,0.004,0.119
v2_diffusion_fixed,diffusionnostateh48_n25_s20k,diffusionnostateh48,25,20000,19100,0.005,0.131
v2_diffusion_fixed,diffusionnostateh48_n25_s20k,diffusionnostateh48,25,20000,19200,0.004,0.12
v2_diffusion_fixed,diffusionnostateh48_n25_s20k,diffusionnostateh48,25,20000,19300,0.004,0.118
v2_diffusion_fixed,diffusionnostateh48_n25_s20k,diffusionnostateh48,25,20000,19400,0.004,0.123
v2_diffusion_fixed,diffusionnostateh48_n25_s20k,diffusionnostateh48,25,20000,19500,0.004,0.116
v2_diffusion_fixed,diffusionnostateh48_n25_s20k,diffusionnostateh48,25,20000,19600,0.004,0.118
v2_diffusion_fixed,diffusionnostateh48_n25_s20k,diffusionnostateh48,25,20000,19700,0.004,0.117
v2_diffusion_fixed,diffusionnostateh48_n25_s20k,diffusionnostateh48,25,20000,19800,0.004,0.121
v2_diffusion_fixed,diffusionnostateh48_n25_s20k,diffusionnostateh48,25,20000,19900,0.005,0.123
v2_diffusion_fixed,diffusionnostateh48_n25_s20k,diffusionnostateh48,25,20000,20000,0.004,0.118
v2_diffusion_fixed,diffusionnostateh48_n25_s50k,diffusionnostateh48,25,50000,100,0.7,5.589
v2_diffusion_fixed,diffusionnostateh48_n25_s50k,diffusionnostateh48,25,50000,200,0.148,3.752
v2_diffusion_fixed,diffusionnostateh48_n25_s50k,diffusionnostateh48,25,50000,300,0.101,2.83
v2_diffusion_fixed,diffusionnostateh48_n25_s50k,diffusionnostateh48,25,50000,400,0.069,1.972
v2_diffusion_fixed,diffusionnostateh48_n25_s50k,diffusionnostateh48,25,50000,500,0.061,1.77
v2_diffusion_fixed,diffusionnostateh48_n25_s50k,diffusionnostateh48,25,50000,600,0.05,1.302
v2_diffusion_fixed,diffusionnostateh48_n25_s50k,diffusionnostateh48,25,50000,700,0.043,1.187
v2_diffusion_fixed,diffusionnostateh48_n25_s50k,diffusionnostateh48,25,50000,800,0.037,0.856
v2_diffusion_fixed,diffusionnostateh48_n25_s50k,diffusionnostateh48,25,50000,900,0.035,0.842
v2_diffusion_fixed,diffusionnostateh48_n25_s50k,diffusionnostateh48,25,50000,1000,0.035,0.905
v2_diffusion_fixed,diffusionnostateh48_n25_s50k,diffusionnostateh48,25,50000,1100,0.033,0.874
v2_diffusion_fixed,diffusionnostateh48_n25_s50k,diffusionnostateh48,25,50000,1200,0.031,0.816
v2_diffusion_fixed,diffusionnostateh48_n25_s50k,diffusionnostateh48,25,50000,1300,0.028,0.745
v2_diffusion_fixed,diffusionnostateh48_n25_s50k,diffusionnostateh48,25,50000,1400,0.027,0.657
v2_diffusion_fixed,diffusionnostateh48_n25_s50k,diffusionnostateh48,25,50000,1500,0.027,0.654
v2_diffusion_fixed,diffusionnostateh48_n25_s50k,diffusionnostateh48,25,50000,1600,0.024,0.582
v2_diffusion_fixed,diffusionnostateh48_n25_s50k,diffusionnostateh48,25,50000,1700,0.026,0.648
v2_diffusion_fixed,diffusionnostateh48_n25_s50k,diffusionnostateh48,25,50000,1800,0.026,0.664
v2_diffusion_fixed,diffusionnostateh48_n25_s50k,diffusionnostateh48,25,50000,1900,0.024,0.658
v2_diffusion_fixed,diffusionnostateh48_n25_s50k,diffusionnostateh48,25,50000,2000,0.023,0.546
v2_diffusion_fixed,diffusionnostateh48_n25_s50k,diffusionnostateh48,25,50000,2100,0.022,0.484
v2_diffusion_fixed,diffusionnostateh48_n25_s50k,diffusionnostateh48,25,50000,2200,0.022,0.533
v2_diffusion_fixed,diffusionnostateh48_n25_s50k,diffusionnostateh48,25,50000,2300,0.022,0.574
v2_diffusion_fixed,diffusionnostateh48_n25_s50k,diffusionnostateh48,25,50000,2400,0.022,0.525
v2_diffusion_fixed,diffusionnostateh48_n25_s50k,diffusionnostateh48,25,50000,2500,0.021,0.442
v2_diffusion_fixed,diffusionnostateh48_n25_s50k,diffusionnostateh48,25,50000,2600,0.02,0.486
v2_diffusion_fixed,diffusionnostateh48_n25_s50k,diffusionnostateh48,25,50000,2700,0.022,0.581
v2_diffusion_fixed,diffusionnostateh48_n25_s50k,diffusionnostateh48,25,50000,2800,0.021,0.546
v2_diffusion_fixed,diffusionnostateh48_n25_s50k,diffusionnostateh48,25,50000,2900,0.02,0.515
v2_diffusion_fixed,diffusionnostateh48_n25_s50k,diffusionnostateh48,25,50000,3000,0.02,0.478
v2_diffusion_fixed,diffusionnostateh48_n25_s50k,diffusionnostateh48,25,50000,3100,0.02,0.502
v2_diffusion_fixed,diffusionnostateh48_n25_s50k,diffusionnostateh48,25,50000,3200,0.021,0.513
v2_diffusion_fixed,diffusionnostateh48_n25_s50k,diffusionnostateh48,25,50000,3300,0.019,0.464
v2_diffusion_fixed,diffusionnostateh48_n25_s50k,diffusionnostateh48,25,50000,3400,0.019,0.459
v2_diffusion_fixed,diffusionnostateh48_n25_s50k,diffusionnostateh48,25,50000,3500,0.018,0.386
v2_diffusion_fixed,diffusionnostateh48_n25_s50k,diffusionnostateh48,25,50000,3600,0.019,0.444
v2_diffusion_fixed,diffusionnostateh48_n25_s50k,diffusionnostateh48,25,50000,3700,0.019,0.415
v2_diffusion_fixed,diffusionnostateh48_n25_s50k,diffusionnostateh48,25,50000,3800,0.019,0.411
v2_diffusion_fixed,diffusionnostateh48_n25_s50k,diffusionnostateh48,25,50000,3900,0.018,0.425
v2_diffusion_fixed,diffusionnostateh48_n25_s50k,diffusionnostateh48,25,50000,4000,0.02,0.464
v2_diffusion_fixed,diffusionnostateh48_n25_s50k,diffusionnostateh48,25,50000,4100,0.019,0.417
v2_diffusion_fixed,diffusionnostateh48_n25_s50k,diffusionnostateh48,25,50000,4200,0.018,0.389
v2_diffusion_fixed,diffusionnostateh48_n25_s50k,diffusionnostateh48,25,50000,4300,0.018,0.441
v2_diffusion_fixed,diffusionnostateh48_n25_s50k,diffusionnostateh48,25,50000,4400,0.018,0.427
v2_diffusion_fixed,diffusionnostateh48_n25_s50k,diffusionnostateh48,25,50000,4500,0.018,0.42
v2_diffusion_fixed,diffusionnostateh48_n25_s50k,diffusionnostateh48,25,50000,4600,0.016,0.354
v2_diffusion_fixed,diffusionnostateh48_n25_s50k,diffusionnostateh48,25,50000,4700,0.018,0.417
v2_diffusion_fixed,diffusionnostateh48_n25_s50k,diffusionnostateh48,25,50000,4800,0.017,0.365
v2_diffusion_fixed,diffusionnostateh48_n25_s50k,diffusionnostateh48,25,50000,4900,0.016,0.326
v2_diffusion_fixed,diffusionnostateh48_n25_s50k,diffusionnostateh48,25,50000,5000,0.016,0.362
v2_diffusion_fixed,diffusionnostateh48_n25_s50k,diffusionnostateh48,25,50000,5100,0.017,0.368
v2_diffusion_fixed,diffusionnostateh48_n25_s50k,diffusionnostateh48,25,50000,5200,0.016,0.354
v2_diffusion_fixed,diffusionnostateh48_n25_s50k,diffusionnostateh48,25,50000,5300,0.016,0.309
v2_diffusion_fixed,diffusionnostateh48_n25_s50k,diffusionnostateh48,25,50000,5400,0.016,0.347
v2_diffusion_fixed,diffusionnostateh48_n25_s50k,diffusionnostateh48,25,50000,5500,0.016,0.301
v2_diffusion_fixed,diffusionnostateh48_n25_s50k,diffusionnostateh48,25,50000,5600,0.017,0.326
v2_diffusion_fixed,diffusionnostateh48_n25_s50k,diffusionnostateh48,25,50000,5700,0.015,0.334
v2_diffusion_fixed,diffusionnostateh48_n25_s50k,diffusionnostateh48,25,50000,5800,0.015,0.281
v2_diffusion_fixed,diffusionnostateh48_n25_s50k,diffusionnostateh48,25,50000,5900,0.017,0.362
v2_diffusion_fixed,diffusionnostateh48_n25_s50k,diffusionnostateh48,25,50000,6000,0.016,0.343
v2_diffusion_fixed,diffusionnostateh48_n25_s50k,diffusionnostateh48,25,50000,6100,0.015,0.331
v2_diffusion_fixed,diffusionnostateh48_n25_s50k,diffusionnostateh48,25,50000,6200,0.015,0.356
v2_diffusion_fixed,diffusionnostateh48_n25_s50k,diffusionnostateh48,25,50000,6300,0.016,0.296
v2_diffusion_fixed,diffusionnostateh48_n25_s50k,diffusionnostateh48,25,50000,6400,0.016,0.316
v2_diffusion_fixed,diffusionnostateh48_n25_s50k,diffusionnostateh48,25,50000,6500,0.015,0.298
v2_diffusion_fixed,diffusionnostateh48_n25_s50k,diffusionnostateh48,25,50000,6600,0.015,0.309
v2_diffusion_fixed,diffusionnostateh48_n25_s50k,diffusionnostateh48,25,50000,6700,0.015,0.34
v2_diffusion_fixed,diffusionnostateh48_n25_s50k,diffusionnostateh48,25,50000,6800,0.015,0.322
v2_diffusion_fixed,diffusionnostateh48_n25_s50k,diffusionnostateh48,25,50000,6900,0.016,0.328
v2_diffusion_fixed,diffusionnostateh48_n25_s50k,diffusionnostateh48,25,50000,7000,0.015,0.287
v2_diffusion_fixed,diffusionnostateh48_n25_s50k,diffusionnostateh48,25,50000,7100,0.014,0.293
v2_diffusion_fixed,diffusionnostateh48_n25_s50k,diffusionnostateh48,25,50000,7200,0.016,0.351
v2_diffusion_fixed,diffusionnostateh48_n25_s50k,diffusionnostateh48,25,50000,7300,0.015,0.328
v2_diffusion_fixed,diffusionnostateh48_n25_s50k,diffusionnostateh48,25,50000,7400,0.015,0.32
v2_diffusion_fixed,diffusionnostateh48_n25_s50k,diffusionnostateh48,25,50000,7500,0.015,0.275
v2_diffusion_fixed,diffusionnostateh48_n25_s50k,diffusionnostateh48,25,50000,7600,0.015,0.331
v2_diffusion_fixed,diffusionnostateh48_n25_s50k,diffusionnostateh48,25,50000,7700,0.014,0.294
v2_diffusion_fixed,diffusionnostateh48_n25_s50k,diffusionnostateh48,25,50000,7800,0.014,0.287
v2_diffusion_fixed,diffusionnostateh48_n25_s50k,diffusionnostateh48,25,50000,7900,0.014,0.281
v2_diffusion_fixed,diffusionnostateh48_n25_s50k,diffusionnostateh48,25,50000,8000,0.014,0.283
v2_diffusion_fixed,diffusionnostateh48_n25_s50k,diffusionnostateh48,25,50000,8100,0.013,0.285
v2_diffusion_fixed,diffusionnostateh48_n25_s50k,diffusionnostateh48,25,50000,8200,0.013,0.294
v2_diffusion_fixed,diffusionnostateh48_n25_s50k,diffusionnostateh48,25,50000,8300,0.013,0.269
v2_diffusion_fixed,diffusionnostateh48_n25_s50k,diffusionnostateh48,25,50000,8400,0.013,0.274
v2_diffusion_fixed,diffusionnostateh48_n25_s50k,diffusionnostateh48,25,50000,8500,0.015,0.296
v2_diffusion_fixed,diffusionnostateh48_n25_s50k,diffusionnostateh48,25,50000,8600,0.014,0.292
v2_diffusion_fixed,diffusionnostateh48_n25_s50k,diffusionnostateh48,25,50000,8700,0.014,0.271
v2_diffusion_fixed,diffusionnostateh48_n25_s50k,diffusionnostateh48,25,50000,8800,0.013,0.255
v2_diffusion_fixed,diffusionnostateh48_n25_s50k,diffusionnostateh48,25,50000,8900,0.013,0.261
v2_diffusion_fixed,diffusionnostateh48_n25_s50k,diffusionnostateh48,25,50000,9000,0.013,0.241
v2_diffusion_fixed,diffusionnostateh48_n25_s50k,diffusionnostateh48,25,50000,9100,0.014,0.277
v2_diffusion_fixed,diffusionnostateh48_n25_s50k,diffusionnostateh48,25,50000,9200,0.013,0.252
v2_diffusion_fixed,diffusionnostateh48_n25_s50k,diffusionnostateh48,25,50000,9300,0.013,0.287
v2_diffusion_fixed,diffusionnostateh48_n25_s50k,diffusionnostateh48,25,50000,9400,0.013,0.254
v2_diffusion_fixed,diffusionnostateh48_n25_s50k,diffusionnostateh48,25,50000,9500,0.013,0.295
v2_diffusion_fixed,diffusionnostateh48_n25_s50k,diffusionnostateh48,25,50000,9600,0.013,0.262
v2_diffusion_fixed,diffusionnostateh48_n25_s50k,diffusionnostateh48,25,50000,9700,0.012,0.239
v2_diffusion_fixed,diffusionnostateh48_n25_s50k,diffusionnostateh48,25,50000,9800,0.014,0.306
v2_diffusion_fixed,diffusionnostateh48_n25_s50k,diffusionnostateh48,25,50000,9900,0.013,0.26
v2_diffusion_fixed,diffusionnostateh48_n25_s50k,diffusionnostateh48,25,50000,10000,0.012,0.269
v2_diffusion_fixed,diffusionnostateh48_n25_s50k,diffusionnostateh48,25,50000,10100,0.014,0.287
v2_diffusion_fixed,diffusionnostateh48_n25_s50k,diffusionnostateh48,25,50000,10200,0.012,0.246
v2_diffusion_fixed,diffusionnostateh48_n25_s50k,diffusionnostateh48,25,50000,10300,0.012,0.227
v2_diffusion_fixed,diffusionnostateh48_n25_s50k,diffusionnostateh48,25,50000,10400,0.012,0.235
v2_diffusion_fixed,diffusionnostateh48_n25_s50k,diffusionnostateh48,25,50000,10500,0.012,0.24
v2_diffusion_fixed,diffusionnostateh48_n25_s50k,diffusionnostateh48,25,50000,10600,0.012,0.259
v2_diffusion_fixed,diffusionnostateh48_n25_s50k,diffusionnostateh48,25,50000,10700,0.012,0.235
v2_diffusion_fixed,diffusionnostateh48_n25_s50k,diffusionnostateh48,25,50000,10800,0.012,0.252
v2_diffusion_fixed,diffusionnostateh48_n25_s50k,diffusionnostateh48,25,50000,10900,0.012,0.244
v2_diffusion_fixed,diffusionnostateh48_n25_s50k,diffusionnostateh48,25,50000,11000,0.012,0.262
v2_diffusion_fixed,diffusionnostateh48_n25_s50k,diffusionnostateh48,25,50000,11100,0.012,0.28
v2_diffusion_fixed,diffusionnostateh48_n25_s50k,diffusionnostateh48,25,50000,11200,0.012,0.252
v2_diffusion_fixed,diffusionnostateh48_n25_s50k,diffusionnostateh48,25,50000,11300,0.012,0.261
v2_diffusion_fixed,diffusionnostateh48_n25_s50k,diffusionnostateh48,25,50000,11400,0.011,0.248
v2_diffusion_fixed,diffusionnostateh48_n25_s50k,diffusionnostateh48,25,50000,11500,0.013,0.309
v2_diffusion_fixed,diffusionnostateh48_n25_s50k,diffusionnostateh48,25,50000,11600,0.012,0.222
v2_diffusion_fixed,diffusionnostateh48_n25_s50k,diffusionnostateh48,25,50000,11700,0.011,0.219
v2_diffusion_fixed,diffusionnostateh48_n25_s50k,diffusionnostateh48,25,50000,11800,0.011,0.23
v2_diffusion_fixed,diffusionnostateh48_n25_s50k,diffusionnostateh48,25,50000,11900,0.011,0.24
v2_diffusion_fixed,diffusionnostateh48_n25_s50k,diffusionnostateh48,25,50000,12000,0.012,0.264
v2_diffusion_fixed,diffusionnostateh48_n25_s50k,diffusionnostateh48,25,50000,12100,0.012,0.288
v2_diffusion_fixed,diffusionnostateh48_n25_s50k,diffusionnostateh48,25,50000,12200,0.011,0.232
v2_diffusion_fixed,diffusionnostateh48_n25_s50k,diffusionnostateh48,25,50000,12300,0.013,0.242
v2_diffusion_fixed,diffusionnostateh48_n25_s50k,diffusionnostateh48,25,50000,12400,0.01,0.221
v2_diffusion_fixed,diffusionnostateh48_n25_s50k,diffusionnostateh48,25,50000,12500,0.011,0.252
v2_diffusion_fixed,diffusionnostateh48_n25_s50k,diffusionnostateh48,25,50000,12600,0.01,0.211
v2_diffusion_fixed,diffusionnostateh48_n25_s50k,diffusionnostateh48,25,50000,12700,0.01,0.215
v2_diffusion_fixed,diffusionnostateh48_n25_s50k,diffusionnostateh48,25,50000,12800,0.01,0.216
v2_diffusion_fixed,diffusionnostateh48_n25_s50k,diffusionnostateh48,25,50000,12900,0.01,0.212
v2_diffusion_fixed,diffusionnostateh48_n25_s50k,diffusionnostateh48,25,50000,13000,0.011,0.25
v2_diffusion_fixed,diffusionnostateh48_n25_s50k,diffusionnostateh48,25,50000,13100,0.011,0.214
v2_diffusion_fixed,diffusionnostateh48_n25_s50k,diffusionnostateh48,25,50000,13200,0.011,0.24
v2_diffusion_fixed,diffusionnostateh48_n25_s50k,diffusionnostateh48,25,50000,13300,0.01,0.21
v2_diffusion_fixed,diffusionnostateh48_n25_s50k,diffusionnostateh48,25,50000,13400,0.011,0.249
v2_diffusion_fixed,diffusionnostateh48_n25_s50k,diffusionnostateh48,25,50000,13500,0.011,0.263
v2_diffusion_fixed,diffusionnostateh48_n25_s50k,diffusionnostateh48,25,50000,13600,0.01,0.225
v2_diffusion_fixed,diffusionnostateh48_n25_s50k,diffusionnostateh48,25,50000,13700,0.01,0.239
v2_diffusion_fixed,diffusionnostateh48_n25_s50k,diffusionnostateh48,25,50000,13800,0.01,0.214
v2_diffusion_fixed,diffusionnostateh48_n25_s50k,diffusionnostateh48,25,50000,13900,0.01,0.238
v2_diffusion_fixed,diffusionnostateh48_n25_s50k,diffusionnostateh48,25,50000,14000,0.01,0.221
v2_diffusion_fixed,diffusionnostateh48_n25_s50k,diffusionnostateh48,25,50000,14100,0.01,0.223
v2_diffusion_fixed,diffusionnostateh48_n25_s50k,diffusionnostateh48,25,50000,14200,0.01,0.227
v2_diffusion_fixed,diffusionnostateh48_n25_s50k,diffusionnostateh48,25,50000,14300,0.009,0.202
v2_diffusion_fixed,diffusionnostateh48_n25_s50k,diffusionnostateh48,25,50000,14400,0.011,0.237
v2_diffusion_fixed,diffusionnostateh48_n25_s50k,diffusionnostateh48,25,50000,14500,0.01,0.234
v2_diffusion_fixed,diffusionnostateh48_n25_s50k,diffusionnostateh48,25,50000,14600,0.01,0.234
v2_diffusion_fixed,diffusionnostateh48_n25_s50k,diffusionnostateh48,25,50000,14700,0.01,0.209
v2_diffusion_fixed,diffusionnostateh48_n25_s50k,diffusionnostateh48,25,50000,14800,0.009,0.213
v2_diffusion_fixed,diffusionnostateh48_n25_s50k,diffusionnostateh48,25,50000,14900,0.009,0.214
v2_diffusion_fixed,diffusionnostateh48_n25_s50k,diffusionnostateh48,25,50000,15000,0.01,0.213
v2_diffusion_fixed,diffusionnostateh48_n25_s50k,diffusionnostateh48,25,50000,15100,0.01,0.216
v2_diffusion_fixed,diffusionnostateh48_n25_s50k,diffusionnostateh48,25,50000,15200,0.009,0.197
v2_diffusion_fixed,diffusionnostateh48_n25_s50k,diffusionnostateh48,25,50000,15300,0.01,0.208
v2_diffusion_fixed,diffusionnostateh48_n25_s50k,diffusionnostateh48,25,50000,15400,0.009,0.218
v2_diffusion_fixed,diffusionnostateh48_n25_s50k,diffusionnostateh48,25,50000,15500,0.01,0.228
v2_diffusion_fixed,diffusionnostateh48_n25_s50k,diffusionnostateh48,25,50000,15600,0.01,0.197
v2_diffusion_fixed,diffusionnostateh48_n25_s50k,diffusionnostateh48,25,50000,15700,0.01,0.206
v2_diffusion_fixed,diffusionnostateh48_n25_s50k,diffusionnostateh48,25,50000,15800,0.009,0.215
v2_diffusion_fixed,diffusionnostateh48_n25_s50k,diffusionnostateh48,25,50000,15900,0.01,0.221
v2_diffusion_fixed,diffusionnostateh48_n25_s50k,diffusionnostateh48,25,50000,16000,0.01,0.245
v2_diffusion_fixed,diffusionnostateh48_n25_s50k,diffusionnostateh48,25,50000,16100,0.009,0.181
v2_diffusion_fixed,diffusionnostateh48_n25_s50k,diffusionnostateh48,25,50000,16200,0.009,0.187
v2_diffusion_fixed,diffusionnostateh48_n25_s50k,diffusionnostateh48,25,50000,16300,0.009,0.2
v2_diffusion_fixed,diffusionnostateh48_n25_s50k,diffusionnostateh48,25,50000,16400,0.009,0.247
v2_diffusion_fixed,diffusionnostateh48_n25_s50k,diffusionnostateh48,25,50000,16500,0.009,0.206
v2_diffusion_fixed,diffusionnostateh48_n25_s50k,diffusionnostateh48,25,50000,16600,0.009,0.219
v2_diffusion_fixed,diffusionnostateh48_n25_s50k,diffusionnostateh48,25,50000,16700,0.009,0.196
v2_diffusion_fixed,diffusionnostateh48_n25_s50k,diffusionnostateh48,25,50000,16800,0.009,0.229
v2_diffusion_fixed,diffusionnostateh48_n25_s50k,diffusionnostateh48,25,50000,16900,0.009,0.217
v2_diffusion_fixed,diffusionnostateh48_n25_s50k,diffusionnostateh48,25,50000,17000,0.009,0.187
v2_diffusion_fixed,diffusionnostateh48_n25_s50k,diffusionnostateh48,25,50000,17100,0.009,0.201
v2_diffusion_fixed,diffusionnostateh48_n25_s50k,diffusionnostateh48,25,50000,17200,0.009,0.206
v2_diffusion_fixed,diffusionnostateh48_n25_s50k,diffusionnostateh48,25,50000,17300,0.008,0.194
v2_diffusion_fixed,diffusionnostateh48_n25_s50k,diffusionnostateh48,25,50000,17400,0.008,0.199
v2_diffusion_fixed,diffusionnostateh48_n25_s50k,diffusionnostateh48,25,50000,17500,0.008,0.181
v2_diffusion_fixed,diffusionnostateh48_n25_s50k,diffusionnostateh48,25,50000,17600,0.009,0.224
v2_diffusion_fixed,diffusionnostateh48_n25_s50k,diffusionnostateh48,25,50000,17700,0.009,0.212
v2_diffusion_fixed,diffusionnostateh48_n25_s50k,diffusionnostateh48,25,50000,17800,0.008,0.201
v2_diffusion_fixed,diffusionnostateh48_n25_s50k,diffusionnostateh48,25,50000,17900,0.009,0.175
v2_diffusion_fixed,diffusionnostateh48_n25_s50k,diffusionnostateh48,25,50000,18000,0.009,0.212
v2_diffusion_fixed,diffusionnostateh48_n25_s50k,diffusionnostateh48,25,50000,18100,0.008,0.203
v2_diffusion_fixed,diffusionnostateh48_n25_s50k,diffusionnostateh48,25,50000,18200,0.009,0.208
v2_diffusion_fixed,diffusionnostateh48_n25_s50k,diffusionnostateh48,25,50000,18300,0.009,0.219
v2_diffusion_fixed,diffusionnostateh48_n25_s50k,diffusionnostateh48,25,50000,18400,0.008,0.21
v2_diffusion_fixed,diffusionnostateh48_n25_s50k,diffusionnostateh48,25,50000,18500,0.008,0.184
v2_diffusion_fixed,diffusionnostateh48_n25_s50k,diffusionnostateh48,25,50000,18600,0.009,0.189
v2_diffusion_fixed,diffusionnostateh48_n25_s50k,diffusionnostateh48,25,50000,18700,0.008,0.18
v2_diffusion_fixed,diffusionnostateh48_n25_s50k,diffusionnostateh48,25,50000,18800,0.009,0.205
v2_diffusion_fixed,diffusionnostateh48_n25_s50k,diffusionnostateh48,25,50000,18900,0.009,0.194
v2_diffusion_fixed,diffusionnostateh48_n25_s50k,diffusionnostateh48,25,50000,19000,0.008,0.181
v2_diffusion_fixed,diffusionnostateh48_n25_s50k,diffusionnostateh48,25,50000,19100,0.008,0.204
v2_diffusion_fixed,diffusionnostateh48_n25_s50k,diffusionnostateh48,25,50000,19200,0.008,0.187
v2_diffusion_fixed,diffusionnostateh48_n25_s50k,diffusionnostateh48,25,50000,19300,0.008,0.227
v2_diffusion_fixed,diffusionnostateh48_n25_s50k,diffusionnostateh48,25,50000,19400,0.008,0.197
v2_diffusion_fixed,diffusionnostateh48_n25_s50k,diffusionnostateh48,25,50000,19500,0.008,0.212
v2_diffusion_fixed,diffusionnostateh48_n25_s50k,diffusionnostateh48,25,50000,19600,0.007,0.194
v2_diffusion_fixed,diffusionnostateh48_n25_s50k,diffusionnostateh48,25,50000,19700,0.008,0.166
v2_diffusion_fixed,diffusionnostateh48_n25_s50k,diffusionnostateh48,25,50000,19800,0.008,0.212
v2_diffusion_fixed,diffusionnostateh48_n25_s50k,diffusionnostateh48,25,50000,19900,0.009,0.213
v2_diffusion_fixed,diffusionnostateh48_n25_s50k,diffusionnostateh48,25,50000,20000,0.008,0.173
v2_diffusion_fixed,diffusionnostateh48_n25_s50k,diffusionnostateh48,25,50000,20100,0.009,0.214
v2_diffusion_fixed,diffusionnostateh48_n25_s50k,diffusionnostateh48,25,50000,20200,0.008,0.176
v2_diffusion_fixed,diffusionnostateh48_n25_s50k,diffusionnostateh48,25,50000,20300,0.007,0.168
v2_diffusion_fixed,diffusionnostateh48_n25_s50k,diffusionnostateh48,25,50000,20400,0.008,0.178
v2_diffusion_fixed,diffusionnostateh48_n25_s50k,diffusionnostateh48,25,50000,20500,0.008,0.183
v2_diffusion_fixed,diffusionnostateh48_n25_s50k,diffusionnostateh48,25,50000,20600,0.007,0.164
v2_diffusion_fixed,diffusionnostateh48_n25_s50k,diffusionnostateh48,25,50000,20700,0.008,0.201
v2_diffusion_fixed,diffusionnostateh48_n25_s50k,diffusionnostateh48,25,50000,20800,0.007,0.172
v2_diffusion_fixed,diffusionnostateh48_n25_s50k,diffusionnostateh48,25,50000,20900,0.008,0.179
v2_diffusion_fixed,diffusionnostateh48_n25_s50k,diffusionnostateh48,25,50000,21000,0.008,0.207
v2_diffusion_fixed,diffusionnostateh48_n25_s50k,diffusionnostateh48,25,50000,21100,0.008,0.193
v2_diffusion_fixed,diffusionnostateh48_n25_s50k,diffusionnostateh48,25,50000,21200,0.008,0.191
v2_diffusion_fixed,diffusionnostateh48_n25_s50k,diffusionnostateh48,25,50000,21300,0.008,0.175
v2_diffusion_fixed,diffusionnostateh48_n25_s50k,diffusionnostateh48,25,50000,21400,0.007,0.192
v2_diffusion_fixed,diffusionnostateh48_n25_s50k,diffusionnostateh48,25,50000,21500,0.007,0.163
v2_diffusion_fixed,diffusionnostateh48_n25_s50k,diffusionnostateh48,25,50000,21600,0.007,0.174
v2_diffusion_fixed,diffusionnostateh48_n25_s50k,diffusionnostateh48,25,50000,21700,0.008,0.197
v2_diffusion_fixed,diffusionnostateh48_n25_s50k,diffusionnostateh48,25,50000,21800,0.008,0.202
v2_diffusion_fixed,diffusionnostateh48_n25_s50k,diffusionnostateh48,25,50000,21900,0.008,0.209
v2_diffusion_fixed,diffusionnostateh48_n25_s50k,diffusionnostateh48,25,50000,22000,0.008,0.223
v2_diffusion_fixed,diffusionnostateh48_n25_s50k,diffusionnostateh48,25,50000,22100,0.007,0.182
v2_diffusion_fixed,diffusionnostateh48_n25_s50k,diffusionnostateh48,25,50000,22200,0.007,0.164
v2_diffusion_fixed,diffusionnostateh48_n25_s50k,diffusionnostateh48,25,50000,22300,0.007,0.211
v2_diffusion_fixed,diffusionnostateh48_n25_s50k,diffusionnostateh48,25,50000,22400,0.007,0.166
v2_diffusion_fixed,diffusionnostateh48_n25_s50k,diffusionnostateh48,25,50000,22500,0.007,0.178
v2_diffusion_fixed,diffusionnostateh48_n25_s50k,diffusionnostateh48,25,50000,22600,0.006,0.174
v2_diffusion_fixed,diffusionnostateh48_n25_s50k,diffusionnostateh48,25,50000,22700,0.008,0.222
v2_diffusion_fixed,diffusionnostateh48_n25_s50k,diffusionnostateh48,25,50000,22800,0.007,0.175
v2_diffusion_fixed,diffusionnostateh48_n25_s50k,diffusionnostateh48,25,50000,22900,0.007,0.172
v2_diffusion_fixed,diffusionnostateh48_n25_s50k,diffusionnostateh48,25,50000,23000,0.006,0.162
v2_diffusion_fixed,diffusionnostateh48_n25_s50k,diffusionnostateh48,25,50000,23100,0.007,0.197
v2_diffusion_fixed,diffusionnostateh48_n25_s50k,diffusionnostateh48,25,50000,23200,0.007,0.194
v2_diffusion_fixed,diffusionnostateh48_n25_s50k,diffusionnostateh48,25,50000,23300,0.007,0.203
v2_diffusion_fixed,diffusionnostateh48_n25_s50k,diffusionnostateh48,25,50000,23400,0.007,0.162
v2_diffusion_fixed,diffusionnostateh48_n25_s50k,diffusionnostateh48,25,50000,23500,0.006,0.155
v2_diffusion_fixed,diffusionnostateh48_n25_s50k,diffusionnostateh48,25,50000,23600,0.007,0.166
v2_diffusion_fixed,diffusionnostateh48_n25_s50k,diffusionnostateh48,25,50000,23700,0.007,0.168
v2_diffusion_fixed,diffusionnostateh48_n25_s50k,diffusionnostateh48,25,50000,23800,0.006,0.175
v2_diffusion_fixed,diffusionnostateh48_n25_s50k,diffusionnostateh48,25,50000,23900,0.007,0.159
v2_diffusion_fixed,diffusionnostateh48_n25_s50k,diffusionnostateh48,25,50000,24000,0.007,0.182
v2_diffusion_fixed,diffusionnostateh48_n25_s50k,diffusionnostateh48,25,50000,24100,0.007,0.179
v2_diffusion_fixed,diffusionnostateh48_n25_s50k,diffusionnostateh48,25,50000,24200,0.006,0.16
v2_diffusion_fixed,diffusionnostateh48_n25_s50k,diffusionnostateh48,25,50000,24300,0.007,0.19
v2_diffusion_fixed,diffusionnostateh48_n25_s50k,diffusionnostateh48,25,50000,24400,0.006,0.172
v2_diffusion_fixed,diffusionnostateh48_n25_s50k,diffusionnostateh48,25,50000,24500,0.007,0.165
v2_diffusion_fixed,diffusionnostateh48_n25_s50k,diffusionnostateh48,25,50000,24600,0.007,0.162
v2_diffusion_fixed,diffusionnostateh48_n25_s50k,diffusionnostateh48,25,50000,24700,0.007,0.166
v2_diffusion_fixed,diffusionnostateh48_n25_s50k,diffusionnostateh48,25,50000,24800,0.007,0.179
v2_diffusion_fixed,diffusionnostateh48_n25_s50k,diffusionnostateh48,25,50000,24900,0.007,0.195
v2_diffusion_fixed,diffusionnostateh48_n25_s50k,diffusionnostateh48,25,50000,25000,0.007,0.173
v2_diffusion_fixed,diffusionnostateh48_n25_s50k,diffusionnostateh48,25,50000,25100,0.006,0.157
v2_diffusion_fixed,diffusionnostateh48_n25_s50k,diffusionnostateh48,25,50000,25200,0.006,0.176
v2_diffusion_fixed,diffusionnostateh48_n25_s50k,diffusionnostateh48,25,50000,25300,0.006,0.157
v2_diffusion_fixed,diffusionnostateh48_n25_s50k,diffusionnostateh48,25,50000,25400,0.006,0.181
v2_diffusion_fixed,diffusionnostateh48_n25_s50k,diffusionnostateh48,25,50000,25500,0.006,0.152
v2_diffusion_fixed,diffusionnostateh48_n25_s50k,diffusionnostateh48,25,50000,25600,0.007,0.153
v2_diffusion_fixed,diffusionnostateh48_n25_s50k,diffusionnostateh48,25,50000,25700,0.006,0.179
v2_diffusion_fixed,diffusionnostateh48_n25_s50k,diffusionnostateh48,25,50000,25800,0.006,0.151
v2_diffusion_fixed,diffusionnostateh48_n25_s50k,diffusionnostateh48,25,50000,25900,0.006,0.151
v2_diffusion_fixed,diffusionnostateh48_n25_s50k,diffusionnostateh48,25,50000,26000,0.006,0.146
v2_diffusion_fixed,diffusionnostateh48_n25_s50k,diffusionnostateh48,25,50000,26100,0.006,0.152
v2_diffusion_fixed,diffusionnostateh48_n25_s50k,diffusionnostateh48,25,50000,26200,0.006,0.162
v2_diffusion_fixed,diffusionnostateh48_n25_s50k,diffusionnostateh48,25,50000,26300,0.007,0.194
v2_diffusion_fixed,diffusionnostateh48_n25_s50k,diffusionnostateh48,25,50000,26400,0.006,0.171
v2_diffusion_fixed,diffusionnostateh48_n25_s50k,diffusionnostateh48,25,50000,26500,0.006,0.175
v2_diffusion_fixed,diffusionnostateh48_n25_s50k,diffusionnostateh48,25,50000,26600,0.006,0.157
v2_diffusion_fixed,diffusionnostateh48_n25_s50k,diffusionnostateh48,25,50000,26700,0.005,0.145
v2_diffusion_fixed,diffusionnostateh48_n25_s50k,diffusionnostateh48,25,50000,26800,0.006,0.166
v2_diffusion_fixed,diffusionnostateh48_n25_s50k,diffusionnostateh48,25,50000,26900,0.005,0.137
v2_diffusion_fixed,diffusionnostateh48_n25_s50k,diffusionnostateh48,25,50000,27000,0.006,0.155
v2_diffusion_fixed,diffusionnostateh48_n25_s50k,diffusionnostateh48,25,50000,27100,0.006,0.162
v2_diffusion_fixed,diffusionnostateh48_n25_s50k,diffusionnostateh48,25,50000,27200,0.006,0.188
v2_diffusion_fixed,diffusionnostateh48_n25_s50k,diffusionnostateh48,25,50000,27300,0.006,0.154
v2_diffusion_fixed,diffusionnostateh48_n25_s50k,diffusionnostateh48,25,50000,27400,0.008,0.194
v2_diffusion_fixed,diffusionnostateh48_n25_s50k,diffusionnostateh48,25,50000,27500,0.006,0.149
v2_diffusion_fixed,diffusionnostateh48_n25_s50k,diffusionnostateh48,25,50000,27600,0.006,0.165
v2_diffusion_fixed,diffusionnostateh48_n25_s50k,diffusionnostateh48,25,50000,27700,0.006,0.168
v2_diffusion_fixed,diffusionnostateh48_n25_s50k,diffusionnostateh48,25,50000,27800,0.006,0.154
v2_diffusion_fixed,diffusionnostateh48_n25_s50k,diffusionnostateh48,25,50000,27900,0.005,0.159
v2_diffusion_fixed,diffusionnostateh48_n25_s50k,diffusionnostateh48,25,50000,28000,0.006,0.183
v2_diffusion_fixed,diffusionnostateh48_n25_s50k,diffusionnostateh48,25,50000,28100,0.006,0.16
v2_diffusion_fixed,diffusionnostateh48_n25_s50k,diffusionnostateh48,25,50000,28200,0.006,0.151
v2_diffusion_fixed,diffusionnostateh48_n25_s50k,diffusionnostateh48,25,50000,28300,0.006,0.159
v2_diffusion_fixed,diffusionnostateh48_n25_s50k,diffusionnostateh48,25,50000,28400,0.006,0.143
v2_diffusion_fixed,diffusionnostateh48_n25_s50k,diffusionnostateh48,25,50000,28500,0.006,0.162
v2_diffusion_fixed,diffusionnostateh48_n25_s50k,diffusionnostateh48,25,50000,28600,0.005,0.164
v2_diffusion_fixed,diffusionnostateh48_n25_s50k,diffusionnostateh48,25,50000,28700,0.006,0.156
v2_diffusion_fixed,diffusionnostateh48_n25_s50k,diffusionnostateh48,25,50000,28800,0.005,0.141
v2_diffusion_fixed,diffusionnostateh48_n25_s50k,diffusionnostateh48,25,50000,28900,0.006,0.148
v2_diffusion_fixed,diffusionnostateh48_n25_s50k,diffusionnostateh48,25,50000,29000,0.005,0.162
v2_diffusion_fixed,diffusionnostateh48_n25_s50k,diffusionnostateh48,25,50000,29100,0.006,0.18
v2_diffusion_fixed,diffusionnostateh48_n25_s50k,diffusionnostateh48,25,50000,29200,0.006,0.162
v2_diffusion_fixed,diffusionnostateh48_n25_s50k,diffusionnostateh48,25,50000,29300,0.005,0.137
v2_diffusion_fixed,diffusionnostateh48_n25_s50k,diffusionnostateh48,25,50000,29400,0.005,0.157
v2_diffusion_fixed,diffusionnostateh48_n25_s50k,diffusionnostateh48,25,50000,29500,0.006,0.184
v2_diffusion_fixed,diffusionnostateh48_n25_s50k,diffusionnostateh48,25,50000,29600,0.006,0.162
v2_diffusion_fixed,diffusionnostateh48_n25_s50k,diffusionnostateh48,25,50000,29700,0.005,0.135
v2_diffusion_fixed,diffusionnostateh48_n25_s50k,diffusionnostateh48,25,50000,29800,0.005,0.145
v2_diffusion_fixed,diffusionnostateh48_n25_s50k,diffusionnostateh48,25,50000,29900,0.005,0.144
v2_diffusion_fixed,diffusionnostateh48_n25_s50k,diffusionnostateh48,25,50000,30000,0.005,0.137
v2_diffusion_fixed,diffusionnostateh48_n25_s50k,diffusionnostateh48,25,50000,30100,0.005,0.14
v2_diffusion_fixed,diffusionnostateh48_n25_s50k,diffusionnostateh48,25,50000,30200,0.005,0.135
v2_diffusion_fixed,diffusionnostateh48_n25_s50k,diffusionnostateh48,25,50000,30300,0.006,0.168
v2_diffusion_fixed,diffusionnostateh48_n25_s50k,diffusionnostateh48,25,50000,30400,0.005,0.139
v2_diffusion_fixed,diffusionnostateh48_n25_s50k,diffusionnostateh48,25,50000,30500,0.005,0.156
v2_diffusion_fixed,diffusionnostateh48_n25_s50k,diffusionnostateh48,25,50000,30600,0.005,0.138
v2_diffusion_fixed,diffusionnostateh48_n25_s50k,diffusionnostateh48,25,50000,30700,0.005,0.151
v2_diffusion_fixed,diffusionnostateh48_n25_s50k,diffusionnostateh48,25,50000,30800,0.005,0.153
v2_diffusion_fixed,diffusionnostateh48_n25_s50k,diffusionnostateh48,25,50000,30900,0.005,0.145
v2_diffusion_fixed,diffusionnostateh48_n25_s50k,diffusionnostateh48,25,50000,31000,0.005,0.152
v2_diffusion_fixed,diffusionnostateh48_n25_s50k,diffusionnostateh48,25,50000,31100,0.005,0.137
v2_diffusion_fixed,diffusionnostateh48_n25_s50k,diffusionnostateh48,25,50000,31200,0.005,0.141
v2_diffusion_fixed,diffusionnostateh48_n25_s50k,diffusionnostateh48,25,50000,31300,0.005,0.169
v2_diffusion_fixed,diffusionnostateh48_n25_s50k,diffusionnostateh48,25,50000,31400,0.005,0.147
v2_diffusion_fixed,diffusionnostateh48_n25_s50k,diffusionnostateh48,25,50000,31500,0.004,0.139
v2_diffusion_fixed,diffusionnostateh48_n25_s50k,diffusionnostateh48,25,50000,31600,0.005,0.154
v2_diffusion_fixed,diffusionnostateh48_n25_s50k,diffusionnostateh48,25,50000,31700,0.005,0.147
v2_diffusion_fixed,diffusionnostateh48_n25_s50k,diffusionnostateh48,25,50000,31800,0.005,0.155
v2_diffusion_fixed,diffusionnostateh48_n25_s50k,diffusionnostateh48,25,50000,31900,0.005,0.151
v2_diffusion_fixed,diffusionnostateh48_n25_s50k,diffusionnostateh48,25,50000,32000,0.005,0.143
v2_diffusion_fixed,diffusionnostateh48_n25_s50k,diffusionnostateh48,25,50000,32100,0.005,0.155
v2_diffusion_fixed,diffusionnostateh48_n25_s50k,diffusionnostateh48,25,50000,32200,0.005,0.147
v2_diffusion_fixed,diffusionnostateh48_n25_s50k,diffusionnostateh48,25,50000,32300,0.005,0.157
v2_diffusion_fixed,diffusionnostateh48_n25_s50k,diffusionnostateh48,25,50000,32400,0.004,0.132
v2_diffusion_fixed,diffusionnostateh48_n25_s50k,diffusionnostateh48,25,50000,32500,0.005,0.138
v2_diffusion_fixed,diffusionnostateh48_n25_s50k,diffusionnostateh48,25,50000,32600,0.005,0.153
v2_diffusion_fixed,diffusionnostateh48_n25_s50k,diffusionnostateh48,25,50000,32700,0.004,0.129
v2_diffusion_fixed,diffusionnostateh48_n25_s50k,diffusionnostateh48,25,50000,32800,0.005,0.151
v2_diffusion_fixed,diffusionnostateh48_n25_s50k,diffusionnostateh48,25,50000,32900,0.005,0.141
v2_diffusion_fixed,diffusionnostateh48_n25_s50k,diffusionnostateh48,25,50000,33000,0.004,0.132
v2_diffusion_fixed,diffusionnostateh48_n25_s50k,diffusionnostateh48,25,50000,33100,0.005,0.142
v2_diffusion_fixed,diffusionnostateh48_n25_s50k,diffusionnostateh48,25,50000,33200,0.005,0.146
v2_diffusion_fixed,diffusionnostateh48_n25_s50k,diffusionnostateh48,25,50000,33300,0.004,0.149
v2_diffusion_fixed,diffusionnostateh48_n25_s50k,diffusionnostateh48,25,50000,33400,0.005,0.157
v2_diffusion_fixed,diffusionnostateh48_n25_s50k,diffusionnostateh48,25,50000,33500,0.004,0.143
v2_diffusion_fixed,diffusionnostateh48_n25_s50k,diffusionnostateh48,25,50000,33600,0.005,0.144
v2_diffusion_fixed,diffusionnostateh48_n25_s50k,diffusionnostateh48,25,50000,33700,0.004,0.167
v2_diffusion_fixed,diffusionnostateh48_n25_s50k,diffusionnostateh48,25,50000,33800,0.005,0.145
v2_diffusion_fixed,diffusionnostateh48_n25_s50k,diffusionnostateh48,25,50000,33900,0.004,0.136
v2_diffusion_fixed,diffusionnostateh48_n25_s50k,diffusionnostateh48,25,50000,34000,0.004,0.122
v2_diffusion_fixed,diffusionnostateh48_n25_s50k,diffusionnostateh48,25,50000,34100,0.004,0.129
v2_diffusion_fixed,diffusionnostateh48_n25_s50k,diffusionnostateh48,25,50000,34200,0.005,0.13
v2_diffusion_fixed,diffusionnostateh48_n25_s50k,diffusionnostateh48,25,50000,34300,0.004,0.147
v2_diffusion_fixed,diffusionnostateh48_n25_s50k,diffusionnostateh48,25,50000,34400,0.004,0.136
v2_diffusion_fixed,diffusionnostateh48_n25_s50k,diffusionnostateh48,25,50000,34500,0.004,0.135
v2_diffusion_fixed,diffusionnostateh48_n25_s50k,diffusionnostateh48,25,50000,34600,0.004,0.138
v2_diffusion_fixed,diffusionnostateh48_n25_s50k,diffusionnostateh48,25,50000,34700,0.004,0.137
v2_diffusion_fixed,diffusionnostateh48_n25_s50k,diffusionnostateh48,25,50000,34800,0.005,0.145
v2_diffusion_fixed,diffusionnostateh48_n25_s50k,diffusionnostateh48,25,50000,34900,0.004,0.138
v2_diffusion_fixed,diffusionnostateh48_n25_s50k,diffusionnostateh48,25,50000,35000,0.004,0.148
v2_diffusion_fixed,diffusionnostateh48_n25_s50k,diffusionnostateh48,25,50000,35100,0.004,0.138
v2_diffusion_fixed,diffusionnostateh48_n25_s50k,diffusionnostateh48,25,50000,35200,0.004,0.154
v2_diffusion_fixed,diffusionnostateh48_n25_s50k,diffusionnostateh48,25,50000,35300,0.004,0.126
v2_diffusion_fixed,diffusionnostateh48_n25_s50k,diffusionnostateh48,25,50000,35400,0.004,0.137
v2_diffusion_fixed,diffusionnostateh48_n25_s50k,diffusionnostateh48,25,50000,35500,0.004,0.139
v2_diffusion_fixed,diffusionnostateh48_n25_s50k,diffusionnostateh48,25,50000,35600,0.004,0.132
v2_diffusion_fixed,diffusionnostateh48_n25_s50k,diffusionnostateh48,25,50000,35700,0.005,0.182
v2_diffusion_fixed,diffusionnostateh48_n25_s50k,diffusionnostateh48,25,50000,35800,0.004,0.118
v2_diffusion_fixed,diffusionnostateh48_n25_s50k,diffusionnostateh48,25,50000,35900,0.004,0.136
v2_diffusion_fixed,diffusionnostateh48_n25_s50k,diffusionnostateh48,25,50000,36000,0.004,0.136
v2_diffusion_fixed,diffusionnostateh48_n25_s50k,diffusionnostateh48,25,50000,36100,0.004,0.128
v2_diffusion_fixed,diffusionnostateh48_n25_s50k,diffusionnostateh48,25,50000,36200,0.004,0.139
v2_diffusion_fixed,diffusionnostateh48_n25_s50k,diffusionnostateh48,25,50000,36300,0.004,0.12
v2_diffusion_fixed,diffusionnostateh48_n25_s50k,diffusionnostateh48,25,50000,36400,0.004,0.143
v2_diffusion_fixed,diffusionnostateh48_n25_s50k,diffusionnostateh48,25,50000,36500,0.004,0.117
v2_diffusion_fixed,diffusionnostateh48_n25_s50k,diffusionnostateh48,25,50000,36600,0.004,0.134
v2_diffusion_fixed,diffusionnostateh48_n25_s50k,diffusionnostateh48,25,50000,36700,0.004,0.131
v2_diffusion_fixed,diffusionnostateh48_n25_s50k,diffusionnostateh48,25,50000,36800,0.004,0.131
v2_diffusion_fixed,diffusionnostateh48_n25_s50k,diffusionnostateh48,25,50000,36900,0.004,0.133
v2_diffusion_fixed,diffusionnostateh48_n25_s50k,diffusionnostateh48,25,50000,37000,0.004,0.128
v2_diffusion_fixed,diffusionnostateh48_n25_s50k,diffusionnostateh48,25,50000,37100,0.004,0.14
v2_diffusion_fixed,diffusionnostateh48_n25_s50k,diffusionnostateh48,25,50000,37200,0.004,0.136
v2_diffusion_fixed,diffusionnostateh48_n25_s50k,diffusionnostateh48,25,50000,37300,0.003,0.12
v2_diffusion_fixed,diffusionnostateh48_n25_s50k,diffusionnostateh48,25,50000,37400,0.004,0.138
v2_diffusion_fixed,diffusionnostateh48_n25_s50k,diffusionnostateh48,25,50000,37500,0.003,0.116
v2_diffusion_fixed,diffusionnostateh48_n25_s50k,diffusionnostateh48,25,50000,37600,0.004,0.119
v2_diffusion_fixed,diffusionnostateh48_n25_s50k,diffusionnostateh48,25,50000,37700,0.004,0.115
v2_diffusion_fixed,diffusionnostateh48_n25_s50k,diffusionnostateh48,25,50000,37800,0.004,0.13
v2_diffusion_fixed,diffusionnostateh48_n25_s50k,diffusionnostateh48,25,50000,37900,0.004,0.131
v2_diffusion_fixed,diffusionnostateh48_n25_s50k,diffusionnostateh48,25,50000,38000,0.003,0.11
v2_diffusion_fixed,diffusionnostateh48_n25_s50k,diffusionnostateh48,25,50000,38100,0.003,0.125
v2_diffusion_fixed,diffusionnostateh48_n25_s50k,diffusionnostateh48,25,50000,38200,0.004,0.129
v2_diffusion_fixed,diffusionnostateh48_n25_s50k,diffusionnostateh48,25,50000,38300,0.003,0.11
v2_diffusion_fixed,diffusionnostateh48_n25_s50k,diffusionnostateh48,25,50000,38400,0.004,0.133
v2_diffusion_fixed,diffusionnostateh48_n25_s50k,diffusionnostateh48,25,50000,38500,0.003,0.113
v2_diffusion_fixed,diffusionnostateh48_n25_s50k,diffusionnostateh48,25,50000,38600,0.003,0.121
v2_diffusion_fixed,diffusionnostateh48_n25_s50k,diffusionnostateh48,25,50000,38700,0.003,0.11
v2_diffusion_fixed,diffusionnostateh48_n25_s50k,diffusionnostateh48,25,50000,38800,0.003,0.127
v2_diffusion_fixed,diffusionnostateh48_n25_s50k,diffusionnostateh48,25,50000,38900,0.003,0.118
v2_diffusion_fixed,diffusionnostateh48_n25_s50k,diffusionnostateh48,25,50000,39000,0.003,0.12
v2_diffusion_fixed,diffusionnostateh48_n25_s50k,diffusionnostateh48,25,50000,39100,0.003,0.131
v2_diffusion_fixed,diffusionnostateh48_n25_s50k,diffusionnostateh48,25,50000,39200,0.003,0.122
v2_diffusion_fixed,diffusionnostateh48_n25_s50k,diffusionnostateh48,25,50000,39300,0.003,0.108
v2_diffusion_fixed,diffusionnostateh48_n25_s50k,diffusionnostateh48,25,50000,39400,0.003,0.111
v2_diffusion_fixed,diffusionnostateh48_n25_s50k,diffusionnostateh48,25,50000,39500,0.003,0.121
v2_diffusion_fixed,diffusionnostateh48_n25_s50k,diffusionnostateh48,25,50000,39600,0.003,0.106
v2_diffusion_fixed,diffusionnostateh48_n25_s50k,diffusionnostateh48,25,50000,39700,0.003,0.115
v2_diffusion_fixed,diffusionnostateh48_n25_s50k,diffusionnostateh48,25,50000,39800,0.003,0.103
v2_diffusion_fixed,diffusionnostateh48_n25_s50k,diffusionnostateh48,25,50000,39900,0.003,0.119
v2_diffusion_fixed,diffusionnostateh48_n25_s50k,diffusionnostateh48,25,50000,40000,0.003,0.109
v2_diffusion_fixed,diffusionnostateh48_n25_s50k,diffusionnostateh48,25,50000,40100,0.003,0.125
v2_diffusion_fixed,diffusionnostateh48_n25_s50k,diffusionnostateh48,25,50000,40200,0.003,0.131
v2_diffusion_fixed,diffusionnostateh48_n25_s50k,diffusionnostateh48,25,50000,40300,0.003,0.12
v2_diffusion_fixed,diffusionnostateh48_n25_s50k,diffusionnostateh48,25,50000,40400,0.003,0.117
v2_diffusion_fixed,diffusionnostateh48_n25_s50k,diffusionnostateh48,25,50000,40500,0.003,0.119
v2_diffusion_fixed,diffusionnostateh48_n25_s50k,diffusionnostateh48,25,50000,40600,0.003,0.122
v2_diffusion_fixed,diffusionnostateh48_n25_s50k,diffusionnostateh48,25,50000,40700,0.003,0.105
v2_diffusion_fixed,diffusionnostateh48_n25_s50k,diffusionnostateh48,25,50000,40800,0.003,0.112
v2_diffusion_fixed,diffusionnostateh48_n25_s50k,diffusionnostateh48,25,50000,40900,0.003,0.105
v2_diffusion_fixed,diffusionnostateh48_n25_s50k,diffusionnostateh48,25,50000,41000,0.003,0.115
v2_diffusion_fixed,diffusionnostateh48_n25_s50k,diffusionnostateh48,25,50000,41100,0.003,0.114
v2_diffusion_fixed,diffusionnostateh48_n25_s50k,diffusionnostateh48,25,50000,41200,0.003,0.108
v2_diffusion_fixed,diffusionnostateh48_n25_s50k,diffusionnostateh48,25,50000,41300,0.003,0.114
v2_diffusion_fixed,diffusionnostateh48_n25_s50k,diffusionnostateh48,25,50000,41400,0.003,0.118
v2_diffusion_fixed,diffusionnostateh48_n25_s50k,diffusionnostateh48,25,50000,41500,0.003,0.119
v2_diffusion_fixed,diffusionnostateh48_n25_s50k,diffusionnostateh48,25,50000,41600,0.003,0.12
v2_diffusion_fixed,diffusionnostateh48_n25_s50k,diffusionnostateh48,25,50000,41700,0.003,0.111
v2_diffusion_fixed,diffusionnostateh48_n25_s50k,diffusionnostateh48,25,50000,41800,0.003,0.105
v2_diffusion_fixed,diffusionnostateh48_n25_s50k,diffusionnostateh48,25,50000,41900,0.003,0.11
v2_diffusion_fixed,diffusionnostateh48_n25_s50k,diffusionnostateh48,25,50000,42000,0.003,0.115
v2_diffusion_fixed,diffusionnostateh48_n25_s50k,diffusionnostateh48,25,50000,42100,0.003,0.105
v2_diffusion_fixed,diffusionnostateh48_n25_s50k,diffusionnostateh48,25,50000,42200,0.003,0.106
v2_diffusion_fixed,diffusionnostateh48_n25_s50k,diffusionnostateh48,25,50000,42300,0.003,0.107
v2_diffusion_fixed,diffusionnostateh48_n25_s50k,diffusionnostateh48,25,50000,42400,0.003,0.107
v2_diffusion_fixed,diffusionnostateh48_n25_s50k,diffusionnostateh48,25,50000,42500,0.003,0.109
v2_diffusion_fixed,diffusionnostateh48_n25_s50k,diffusionnostateh48,25,50000,42600,0.003,0.115
v2_diffusion_fixed,diffusionnostateh48_n25_s50k,diffusionnostateh48,25,50000,42700,0.003,0.114
v2_diffusion_fixed,diffusionnostateh48_n25_s50k,diffusionnostateh48,25,50000,42800,0.003,0.104
v2_diffusion_fixed,diffusionnostateh48_n25_s50k,diffusionnostateh48,25,50000,42900,0.003,0.106
v2_diffusion_fixed,diffusionnostateh48_n25_s50k,diffusionnostateh48,25,50000,43000,0.003,0.11
v2_diffusion_fixed,diffusionnostateh48_n25_s50k,diffusionnostateh48,25,50000,43100,0.003,0.101
v2_diffusion_fixed,diffusionnostateh48_n25_s50k,diffusionnostateh48,25,50000,43200,0.003,0.113
v2_diffusion_fixed,diffusionnostateh48_n25_s50k,diffusionnostateh48,25,50000,43300,0.003,0.122
v2_diffusion_fixed,diffusionnostateh48_n25_s50k,diffusionnostateh48,25,50000,43400,0.003,0.104
v2_diffusion_fixed,diffusionnostateh48_n25_s50k,diffusionnostateh48,25,50000,43500,0.003,0.1
v2_diffusion_fixed,diffusionnostateh48_n25_s50k,diffusionnostateh48,25,50000,43600,0.003,0.1
v2_diffusion_fixed,diffusionnostateh48_n25_s50k,diffusionnostateh48,25,50000,43700,0.003,0.097
v2_diffusion_fixed,diffusionnostateh48_n25_s50k,diffusionnostateh48,25,50000,43800,0.003,0.113
v2_diffusion_fixed,diffusionnostateh48_n25_s50k,diffusionnostateh48,25,50000,43900,0.003,0.101
v2_diffusion_fixed,diffusionnostateh48_n25_s50k,diffusionnostateh48,25,50000,44000,0.003,0.102
v2_diffusion_fixed,diffusionnostateh48_n25_s50k,diffusionnostateh48,25,50000,44100,0.003,0.098
v2_diffusion_fixed,diffusionnostateh48_n25_s50k,diffusionnostateh48,25,50000,44200,0.003,0.103
v2_diffusion_fixed,diffusionnostateh48_n25_s50k,diffusionnostateh48,25,50000,44300,0.003,0.107
v2_diffusion_fixed,diffusionnostateh48_n25_s50k,diffusionnostateh48,25,50000,44400,0.003,0.099
v2_diffusion_fixed,diffusionnostateh48_n25_s50k,diffusionnostateh48,25,50000,44500,0.002,0.094
v2_diffusion_fixed,diffusionnostateh48_n25_s50k,diffusionnostateh48,25,50000,44600,0.003,0.098
v2_diffusion_fixed,diffusionnostateh48_n25_s50k,diffusionnostateh48,25,50000,44700,0.003,0.103
v2_diffusion_fixed,diffusionnostateh48_n25_s50k,diffusionnostateh48,25,50000,44800,0.003,0.104
v2_diffusion_fixed,diffusionnostateh48_n25_s50k,diffusionnostateh48,25,50000,44900,0.003,0.114
v2_diffusion_fixed,diffusionnostateh48_n25_s50k,diffusionnostateh48,25,50000,45000,0.003,0.108
v2_diffusion_fixed,diffusionnostateh48_n25_s50k,diffusionnostateh48,25,50000,45100,0.003,0.108
v2_diffusion_fixed,diffusionnostateh48_n25_s50k,diffusionnostateh48,25,50000,45200,0.003,0.105
v2_diffusion_fixed,diffusionnostateh48_n25_s50k,diffusionnostateh48,25,50000,45300,0.003,0.099
v2_diffusion_fixed,diffusionnostateh48_n25_s50k,diffusionnostateh48,25,50000,45400,0.003,0.105
v2_diffusion_fixed,diffusionnostateh48_n25_s50k,diffusionnostateh48,25,50000,45500,0.003,0.101
v2_diffusion_fixed,diffusionnostateh48_n25_s50k,diffusionnostateh48,25,50000,45600,0.003,0.103
v2_diffusion_fixed,diffusionnostateh48_n25_s50k,diffusionnostateh48,25,50000,45700,0.003,0.103
v2_diffusion_fixed,diffusionnostateh48_n25_s50k,diffusionnostateh48,25,50000,45800,0.003,0.107
v2_diffusion_fixed,diffusionnostateh48_n25_s50k,diffusionnostateh48,25,50000,45900,0.003,0.111
v2_diffusion_fixed,diffusionnostateh48_n25_s50k,diffusionnostateh48,25,50000,46000,0.003,0.104
v2_diffusion_fixed,diffusionnostateh48_n25_s50k,diffusionnostateh48,25,50000,46100,0.003,0.1
v2_diffusion_fixed,diffusionnostateh48_n25_s50k,diffusionnostateh48,25,50000,46200,0.003,0.099
v2_diffusion_fixed,diffusionnostateh48_n25_s50k,diffusionnostateh48,25,50000,46300,0.003,0.107
v2_diffusion_fixed,diffusionnostateh48_n25_s50k,diffusionnostateh48,25,50000,46400,0.003,0.106
v2_diffusion_fixed,diffusionnostateh48_n25_s50k,diffusionnostateh48,25,50000,46500,0.002,0.095
v2_diffusion_fixed,diffusionnostateh48_n25_s50k,diffusionnostateh48,25,50000,46600,0.003,0.097
v2_diffusion_fixed,diffusionnostateh48_n25_s50k,diffusionnostateh48,25,50000,46700,0.002,0.091
v2_diffusion_fixed,diffusionnostateh48_n25_s50k,diffusionnostateh48,25,50000,46800,0.002,0.092
v2_diffusion_fixed,diffusionnostateh48_n25_s50k,diffusionnostateh48,25,50000,46900,0.003,0.096
v2_diffusion_fixed,diffusionnostateh48_n25_s50k,diffusionnostateh48,25,50000,47000,0.003,0.101
v2_diffusion_fixed,diffusionnostateh48_n25_s50k,diffusionnostateh48,25,50000,47100,0.003,0.102
v2_diffusion_fixed,diffusionnostateh48_n25_s50k,diffusionnostateh48,25,50000,47200,0.003,0.096
v2_diffusion_fixed,diffusionnostateh48_n25_s50k,diffusionnostateh48,25,50000,47300,0.003,0.097
v2_diffusion_fixed,diffusionnostateh48_n25_s50k,diffusionnostateh48,25,50000,47400,0.003,0.097
v2_diffusion_fixed,diffusionnostateh48_n25_s50k,diffusionnostateh48,25,50000,47500,0.003,0.095
v2_diffusion_fixed,diffusionnostateh48_n25_s50k,diffusionnostateh48,25,50000,47600,0.002,0.095
v2_diffusion_fixed,diffusionnostateh48_n25_s50k,diffusionnostateh48,25,50000,47700,0.003,0.099
v2_diffusion_fixed,diffusionnostateh48_n25_s50k,diffusionnostateh48,25,50000,47800,0.003,0.098
v2_diffusion_fixed,diffusionnostateh48_n25_s50k,diffusionnostateh48,25,50000,47900,0.003,0.099
v2_diffusion_fixed,diffusionnostateh48_n25_s50k,diffusionnostateh48,25,50000,48000,0.003,0.096
v2_diffusion_fixed,diffusionnostateh48_n25_s50k,diffusionnostateh48,25,50000,48100,0.003,0.098
v2_diffusion_fixed,diffusionnostateh48_n25_s50k,diffusionnostateh48,25,50000,48200,0.003,0.095
v2_diffusion_fixed,diffusionnostateh48_n25_s50k,diffusionnostateh48,25,50000,48300,0.003,0.099
v2_diffusion_fixed,diffusionnostateh48_n25_s50k,diffusionnostateh48,25,50000,48400,0.002,0.097
v2_diffusion_fixed,diffusionnostateh48_n25_s50k,diffusionnostateh48,25,50000,48500,0.003,0.095
v2_diffusion_fixed,diffusionnostateh48_n25_s50k,diffusionnostateh48,25,50000,48600,0.003,0.105
v2_diffusion_fixed,diffusionnostateh48_n25_s50k,diffusionnostateh48,25,50000,48700,0.002,0.088
v2_diffusion_fixed,diffusionnostateh48_n25_s50k,diffusionnostateh48,25,50000,48800,0.003,0.104
v2_diffusion_fixed,diffusionnostateh48_n25_s50k,diffusionnostateh48,25,50000,48900,0.003,0.098
v2_diffusion_fixed,diffusionnostateh48_n25_s50k,diffusionnostateh48,25,50000,49000,0.003,0.097
v2_diffusion_fixed,diffusionnostateh48_n25_s50k,diffusionnostateh48,25,50000,49100,0.003,0.102
v2_diffusion_fixed,diffusionnostateh48_n25_s50k,diffusionnostateh48,25,50000,49200,0.003,0.095
v2_diffusion_fixed,diffusionnostateh48_n25_s50k,diffusionnostateh48,25,50000,49300,0.003,0.098
v2_diffusion_fixed,diffusionnostateh48_n25_s50k,diffusionnostateh48,25,50000,49400,0.002,0.093
v2_diffusion_fixed,diffusionnostateh48_n25_s50k,diffusionnostateh48,25,50000,49500,0.002,0.088
v2_diffusion_fixed,diffusionnostateh48_n25_s50k,diffusionnostateh48,25,50000,49600,0.002,0.093
v2_diffusion_fixed,diffusionnostateh48_n25_s50k,diffusionnostateh48,25,50000,49700,0.003,0.093
v2_diffusion_fixed,diffusionnostateh48_n25_s50k,diffusionnostateh48,25,50000,49800,0.002,0.091
v2_diffusion_fixed,diffusionnostateh48_n25_s50k,diffusionnostateh48,25,50000,49900,0.002,0.093
v2_diffusion_fixed,diffusionnostateh48_n25_s50k,diffusionnostateh48,25,50000,50000,0.003,0.097
v2_diffusion_fixed,diffusionnostateh48_n25_s5k,diffusionnostateh48,25,5000,100,0.7,5.589
v2_diffusion_fixed,diffusionnostateh48_n25_s5k,diffusionnostateh48,25,5000,200,0.148,3.761
v2_diffusion_fixed,diffusionnostateh48_n25_s5k,diffusionnostateh48,25,5000,300,0.101,2.817
v2_diffusion_fixed,diffusionnostateh48_n25_s5k,diffusionnostateh48,25,5000,400,0.068,1.962
v2_diffusion_fixed,diffusionnostateh48_n25_s5k,diffusionnostateh48,25,5000,500,0.061,1.817
v2_diffusion_fixed,diffusionnostateh48_n25_s5k,diffusionnostateh48,25,5000,600,0.048,1.22
v2_diffusion_fixed,diffusionnostateh48_n25_s5k,diffusionnostateh48,25,5000,700,0.042,1.133
v2_diffusion_fixed,diffusionnostateh48_n25_s5k,diffusionnostateh48,25,5000,800,0.038,0.997
v2_diffusion_fixed,diffusionnostateh48_n25_s5k,diffusionnostateh48,25,5000,900,0.035,0.888
v2_diffusion_fixed,diffusionnostateh48_n25_s5k,diffusionnostateh48,25,5000,1000,0.034,0.903
v2_diffusion_fixed,diffusionnostateh48_n25_s5k,diffusionnostateh48,25,5000,1100,0.033,0.897
v2_diffusion_fixed,diffusionnostateh48_n25_s5k,diffusionnostateh48,25,5000,1200,0.031,0.821
v2_diffusion_fixed,diffusionnostateh48_n25_s5k,diffusionnostateh48,25,5000,1300,0.027,0.7
v2_diffusion_fixed,diffusionnostateh48_n25_s5k,diffusionnostateh48,25,5000,1400,0.027,0.721
v2_diffusion_fixed,diffusionnostateh48_n25_s5k,diffusionnostateh48,25,5000,1500,0.026,0.616
v2_diffusion_fixed,diffusionnostateh48_n25_s5k,diffusionnostateh48,25,5000,1600,0.024,0.579
v2_diffusion_fixed,diffusionnostateh48_n25_s5k,diffusionnostateh48,25,5000,1700,0.025,0.638
v2_diffusion_fixed,diffusionnostateh48_n25_s5k,diffusionnostateh48,25,5000,1800,0.025,0.635
v2_diffusion_fixed,diffusionnostateh48_n25_s5k,diffusionnostateh48,25,5000,1900,0.023,0.633
v2_diffusion_fixed,diffusionnostateh48_n25_s5k,diffusionnostateh48,25,5000,2000,0.022,0.575
v2_diffusion_fixed,diffusionnostateh48_n25_s5k,diffusionnostateh48,25,5000,2100,0.021,0.549
v2_diffusion_fixed,diffusionnostateh48_n25_s5k,diffusionnostateh48,25,5000,2200,0.021,0.547
v2_diffusion_fixed,diffusionnostateh48_n25_s5k,diffusionnostateh48,25,5000,2300,0.022,0.595
v2_diffusion_fixed,diffusionnostateh48_n25_s5k,diffusionnostateh48,25,5000,2400,0.021,0.55
v2_diffusion_fixed,diffusionnostateh48_n25_s5k,diffusionnostateh48,25,5000,2500,0.02,0.526
v2_diffusion_fixed,diffusionnostateh48_n25_s5k,diffusionnostateh48,25,5000,2600,0.019,0.509
v2_diffusion_fixed,diffusionnostateh48_n25_s5k,diffusionnostateh48,25,5000,2700,0.02,0.528
v2_diffusion_fixed,diffusionnostateh48_n25_s5k,diffusionnostateh48,25,5000,2800,0.018,0.442
v2_diffusion_fixed,diffusionnostateh48_n25_s5k,diffusionnostateh48,25,5000,2900,0.017,0.397
v2_diffusion_fixed,diffusionnostateh48_n25_s5k,diffusionnostateh48,25,5000,3000,0.017,0.418
v2_diffusion_fixed,diffusionnostateh48_n25_s5k,diffusionnostateh48,25,5000,3100,0.017,0.408
v2_diffusion_fixed,diffusionnostateh48_n25_s5k,diffusionnostateh48,25,5000,3200,0.017,0.482
v2_diffusion_fixed,diffusionnostateh48_n25_s5k,diffusionnostateh48,25,5000,3300,0.016,0.426
v2_diffusion_fixed,diffusionnostateh48_n25_s5k,diffusionnostateh48,25,5000,3400,0.015,0.398
v2_diffusion_fixed,diffusionnostateh48_n25_s5k,diffusionnostateh48,25,5000,3500,0.015,0.405
v2_diffusion_fixed,diffusionnostateh48_n25_s5k,diffusionnostateh48,25,5000,3600,0.015,0.409
v2_diffusion_fixed,diffusionnostateh48_n25_s5k,diffusionnostateh48,25,5000,3700,0.014,0.328
v2_diffusion_fixed,diffusionnostateh48_n25_s5k,diffusionnostateh48,25,5000,3800,0.015,0.343
v2_diffusion_fixed,diffusionnostateh48_n25_s5k,diffusionnostateh48,25,5000,3900,0.013,0.315
v2_diffusion_fixed,diffusionnostateh48_n25_s5k,diffusionnostateh48,25,5000,4000,0.014,0.332
v2_diffusion_fixed,diffusionnostateh48_n25_s5k,diffusionnostateh48,25,5000,4100,0.013,0.298
v2_diffusion_fixed,diffusionnostateh48_n25_s5k,diffusionnostateh48,25,5000,4200,0.013,0.294
v2_diffusion_fixed,diffusionnostateh48_n25_s5k,diffusionnostateh48,25,5000,4300,0.012,0.279
v2_diffusion_fixed,diffusionnostateh48_n25_s5k,diffusionnostateh48,25,5000,4400,0.013,0.272
v2_diffusion_fixed,diffusionnostateh48_n25_s5k,diffusionnostateh48,25,5000,4500,0.012,0.258
v2_diffusion_fixed,diffusionnostateh48_n25_s5k,diffusionnostateh48,25,5000,4600,0.011,0.247
v2_diffusion_fixed,diffusionnostateh48_n25_s5k,diffusionnostateh48,25,5000,4700,0.012,0.226
v2_diffusion_fixed,diffusionnostateh48_n25_s5k,diffusionnostateh48,25,5000,4800,0.011,0.218
v2_diffusion_fixed,diffusionnostateh48_n25_s5k,diffusionnostateh48,25,5000,4900,0.011,0.224
v2_diffusion_fixed,diffusionnostateh48_n25_s5k,diffusionnostateh48,25,5000,5000,0.011,0.218
v2_diffusion_fixed,diffusionnostateh48_n50_s20k,diffusionnostateh48,50,20000,100,0.694,5.369
v2_diffusion_fixed,diffusionnostateh48_n50_s20k,diffusionnostateh48,50,20000,200,0.144,3.743
v2_diffusion_fixed,diffusionnostateh48_n50_s20k,diffusionnostateh48,50,20000,300,0.099,2.819
v2_diffusion_fixed,diffusionnostateh48_n50_s20k,diffusionnostateh48,50,20000,400,0.073,2.133
v2_diffusion_fixed,diffusionnostateh48_n50_s20k,diffusionnostateh48,50,20000,500,0.056,1.473
v2_diffusion_fixed,diffusionnostateh48_n50_s20k,diffusionnostateh48,50,20000,600,0.048,1.351
v2_diffusion_fixed,diffusionnostateh48_n50_s20k,diffusionnostateh48,50,20000,700,0.041,1.102
v2_diffusion_fixed,diffusionnostateh48_n50_s20k,diffusionnostateh48,50,20000,800,0.038,1.033
v2_diffusion_fixed,diffusionnostateh48_n50_s20k,diffusionnostateh48,50,20000,900,0.035,0.901
v2_diffusion_fixed,diffusionnostateh48_n50_s20k,diffusionnostateh48,50,20000,1000,0.035,0.854
v2_diffusion_fixed,diffusionnostateh48_n50_s20k,diffusionnostateh48,50,20000,1100,0.032,0.817
v2_diffusion_fixed,diffusionnostateh48_n50_s20k,diffusionnostateh48,50,20000,1200,0.031,0.693
v2_diffusion_fixed,diffusionnostateh48_n50_s20k,diffusionnostateh48,50,20000,1300,0.029,0.721
v2_diffusion_fixed,diffusionnostateh48_n50_s20k,diffusionnostateh48,50,20000,1400,0.029,0.812
v2_diffusion_fixed,diffusionnostateh48_n50_s20k,diffusionnostateh48,50,20000,1500,0.027,0.701
v2_diffusion_fixed,diffusionnostateh48_n50_s20k,diffusionnostateh48,50,20000,1600,0.025,0.643
v2_diffusion_fixed,diffusionnostateh48_n50_s20k,diffusionnostateh48,50,20000,1700,0.026,0.63
v2_diffusion_fixed,diffusionnostateh48_n50_s20k,diffusionnostateh48,50,20000,1800,0.026,0.664
v2_diffusion_fixed,diffusionnostateh48_n50_s20k,diffusionnostateh48,50,20000,1900,0.024,0.61
v2_diffusion_fixed,diffusionnostateh48_n50_s20k,diffusionnostateh48,50,20000,2000,0.024,0.566
v2_diffusion_fixed,diffusionnostateh48_n50_s20k,diffusionnostateh48,50,20000,2100,0.024,0.541
v2_diffusion_fixed,diffusionnostateh48_n50_s20k,diffusionnostateh48,50,20000,2200,0.023,0.546
v2_diffusion_fixed,diffusionnostateh48_n50_s20k,diffusionnostateh48,50,20000,2300,0.023,0.502
v2_diffusion_fixed,diffusionnostateh48_n50_s20k,diffusionnostateh48,50,20000,2400,0.024,0.558
v2_diffusion_fixed,diffusionnostateh48_n50_s20k,diffusionnostateh48,50,20000,2500,0.022,0.516
v2_diffusion_fixed,diffusionnostateh48_n50_s20k,diffusionnostateh48,50,20000,2600,0.022,0.52
v2_diffusion_fixed,diffusionnostateh48_n50_s20k,diffusionnostateh48,50,20000,2700,0.022,0.534
v2_diffusion_fixed,diffusionnostateh48_n50_s20k,diffusionnostateh48,50,20000,2800,0.02,0.478
v2_diffusion_fixed,diffusionnostateh48_n50_s20k,diffusionnostateh48,50,20000,2900,0.02,0.457
v2_diffusion_fixed,diffusionnostateh48_n50_s20k,diffusionnostateh48,50,20000,3000,0.021,0.419
v2_diffusion_fixed,diffusionnostateh48_n50_s20k,diffusionnostateh48,50,20000,3100,0.02,0.427
v2_diffusion_fixed,diffusionnostateh48_n50_s20k,diffusionnostateh48,50,20000,3200,0.021,0.492
v2_diffusion_fixed,diffusionnostateh48_n50_s20k,diffusionnostateh48,50,20000,3300,0.02,0.5
v2_diffusion_fixed,diffusionnostateh48_n50_s20k,diffusionnostateh48,50,20000,3400,0.019,0.459
v2_diffusion_fixed,diffusionnostateh48_n50_s20k,diffusionnostateh48,50,20000,3500,0.02,0.419
v2_diffusion_fixed,diffusionnostateh48_n50_s20k,diffusionnostateh48,50,20000,3600,0.02,0.435
v2_diffusion_fixed,diffusionnostateh48_n50_s20k,diffusionnostateh48,50,20000,3700,0.019,0.467
v2_diffusion_fixed,diffusionnostateh48_n50_s20k,diffusionnostateh48,50,20000,3800,0.02,0.436
v2_diffusion_fixed,diffusionnostateh48_n50_s20k,diffusionnostateh48,50,20000,3900,0.02,0.459
v2_diffusion_fixed,diffusionnostateh48_n50_s20k,diffusionnostateh48,50,20000,4000,0.02,0.409
v2_diffusion_fixed,diffusionnostateh48_n50_s20k,diffusionnostateh48,50,20000,4100,0.019,0.389
v2_diffusion_fixed,diffusionnostateh48_n50_s20k,diffusionnostateh48,50,20000,4200,0.018,0.413
v2_diffusion_fixed,diffusionnostateh48_n50_s20k,diffusionnostateh48,50,20000,4300,0.018,0.436
v2_diffusion_fixed,diffusionnostateh48_n50_s20k,diffusionnostateh48,50,20000,4400,0.019,0.379
v2_diffusion_fixed,diffusionnostateh48_n50_s20k,diffusionnostateh48,50,20000,4500,0.019,0.392
v2_diffusion_fixed,diffusionnostateh48_n50_s20k,diffusionnostateh48,50,20000,4600,0.018,0.372
v2_diffusion_fixed,diffusionnostateh48_n50_s20k,diffusionnostateh48,50,20000,4700,0.018,0.384
v2_diffusion_fixed,diffusionnostateh48_n50_s20k,diffusionnostateh48,50,20000,4800,0.018,0.372
v2_diffusion_fixed,diffusionnostateh48_n50_s20k,diffusionnostateh48,50,20000,4900,0.018,0.361
v2_diffusion_fixed,diffusionnostateh48_n50_s20k,diffusionnostateh48,50,20000,5000,0.017,0.314
v2_diffusion_fixed,diffusionnostateh48_n50_s20k,diffusionnostateh48,50,20000,5100,0.018,0.385
v2_diffusion_fixed,diffusionnostateh48_n50_s20k,diffusionnostateh48,50,20000,5200,0.016,0.305
v2_diffusion_fixed,diffusionnostateh48_n50_s20k,diffusionnostateh48,50,20000,5300,0.017,0.374
v2_diffusion_fixed,diffusionnostateh48_n50_s20k,diffusionnostateh48,50,20000,5400,0.017,0.34
v2_diffusion_fixed,diffusionnostateh48_n50_s20k,diffusionnostateh48,50,20000,5500,0.017,0.316
v2_diffusion_fixed,diffusionnostateh48_n50_s20k,diffusionnostateh48,50,20000,5600,0.018,0.324
v2_diffusion_fixed,diffusionnostateh48_n50_s20k,diffusionnostateh48,50,20000,5700,0.017,0.341
v2_diffusion_fixed,diffusionnostateh48_n50_s20k,diffusionnostateh48,50,20000,5800,0.016,0.322
v2_diffusion_fixed,diffusionnostateh48_n50_s20k,diffusionnostateh48,50,20000,5900,0.017,0.313
v2_diffusion_fixed,diffusionnostateh48_n50_s20k,diffusionnostateh48,50,20000,6000,0.017,0.351
v2_diffusion_fixed,diffusionnostateh48_n50_s20k,diffusionnostateh48,50,20000,6100,0.016,0.321
v2_diffusion_fixed,diffusionnostateh48_n50_s20k,diffusionnostateh48,50,20000,6200,0.015,0.294
v2_diffusion_fixed,diffusionnostateh48_n50_s20k,diffusionnostateh48,50,20000,6300,0.017,0.337
v2_diffusion_fixed,diffusionnostateh48_n50_s20k,diffusionnostateh48,50,20000,6400,0.017,0.333
v2_diffusion_fixed,diffusionnostateh48_n50_s20k,diffusionnostateh48,50,20000,6500,0.016,0.305
v2_diffusion_fixed,diffusionnostateh48_n50_s20k,diffusionnostateh48,50,20000,6600,0.016,0.307
v2_diffusion_fixed,diffusionnostateh48_n50_s20k,diffusionnostateh48,50,20000,6700,0.016,0.305
v2_diffusion_fixed,diffusionnostateh48_n50_s20k,diffusionnostateh48,50,20000,6800,0.016,0.342
v2_diffusion_fixed,diffusionnostateh48_n50_s20k,diffusionnostateh48,50,20000,6900,0.016,0.344
v2_diffusion_fixed,diffusionnostateh48_n50_s20k,diffusionnostateh48,50,20000,7000,0.016,0.292
v2_diffusion_fixed,diffusionnostateh48_n50_s20k,diffusionnostateh48,50,20000,7100,0.015,0.294
v2_diffusion_fixed,diffusionnostateh48_n50_s20k,diffusionnostateh48,50,20000,7200,0.015,0.312
v2_diffusion_fixed,diffusionnostateh48_n50_s20k,diffusionnostateh48,50,20000,7300,0.016,0.306
v2_diffusion_fixed,diffusionnostateh48_n50_s20k,diffusionnostateh48,50,20000,7400,0.015,0.272
v2_diffusion_fixed,diffusionnostateh48_n50_s20k,diffusionnostateh48,50,20000,7500,0.015,0.323
v2_diffusion_fixed,diffusionnostateh48_n50_s20k,diffusionnostateh48,50,20000,7600,0.015,0.32
v2_diffusion_fixed,diffusionnostateh48_n50_s20k,diffusionnostateh48,50,20000,7700,0.014,0.261
v2_diffusion_fixed,diffusionnostateh48_n50_s20k,diffusionnostateh48,50,20000,7800,0.014,0.278
v2_diffusion_fixed,diffusionnostateh48_n50_s20k,diffusionnostateh48,50,20000,7900,0.015,0.297
v2_diffusion_fixed,diffusionnostateh48_n50_s20k,diffusionnostateh48,50,20000,8000,0.014,0.299
v2_diffusion_fixed,diffusionnostateh48_n50_s20k,diffusionnostateh48,50,20000,8100,0.014,0.279
v2_diffusion_fixed,diffusionnostateh48_n50_s20k,diffusionnostateh48,50,20000,8200,0.014,0.302
v2_diffusion_fixed,diffusionnostateh48_n50_s20k,diffusionnostateh48,50,20000,8300,0.014,0.281
v2_diffusion_fixed,diffusionnostateh48_n50_s20k,diffusionnostateh48,50,20000,8400,0.014,0.294
v2_diffusion_fixed,diffusionnostateh48_n50_s20k,diffusionnostateh48,50,20000,8500,0.015,0.281
v2_diffusion_fixed,diffusionnostateh48_n50_s20k,diffusionnostateh48,50,20000,8600,0.014,0.238
v2_diffusion_fixed,diffusionnostateh48_n50_s20k,diffusionnostateh48,50,20000,8700,0.015,0.279
v2_diffusion_fixed,diffusionnostateh48_n50_s20k,diffusionnostateh48,50,20000,8800,0.014,0.247
v2_diffusion_fixed,diffusionnostateh48_n50_s20k,diffusionnostateh48,50,20000,8900,0.014,0.27
v2_diffusion_fixed,diffusionnostateh48_n50_s20k,diffusionnostateh48,50,20000,9000,0.014,0.249
v2_diffusion_fixed,diffusionnostateh48_n50_s20k,diffusionnostateh48,50,20000,9100,0.013,0.27
v2_diffusion_fixed,diffusionnostateh48_n50_s20k,diffusionnostateh48,50,20000,9200,0.013,0.238
v2_diffusion_fixed,diffusionnostateh48_n50_s20k,diffusionnostateh48,50,20000,9300,0.013,0.25
v2_diffusion_fixed,diffusionnostateh48_n50_s20k,diffusionnostateh48,50,20000,9400,0.013,0.273
v2_diffusion_fixed,diffusionnostateh48_n50_s20k,diffusionnostateh48,50,20000,9500,0.014,0.298
v2_diffusion_fixed,diffusionnostateh48_n50_s20k,diffusionnostateh48,50,20000,9600,0.013,0.251
v2_diffusion_fixed,diffusionnostateh48_n50_s20k,diffusionnostateh48,50,20000,9700,0.013,0.26
v2_diffusion_fixed,diffusionnostateh48_n50_s20k,diffusionnostateh48,50,20000,9800,0.013,0.253
v2_diffusion_fixed,diffusionnostateh48_n50_s20k,diffusionnostateh48,50,20000,9900,0.013,0.227
v2_diffusion_fixed,diffusionnostateh48_n50_s20k,diffusionnostateh48,50,20000,10000,0.012,0.256
v2_diffusion_fixed,diffusionnostateh48_n50_s20k,diffusionnostateh48,50,20000,10100,0.013,0.256
v2_diffusion_fixed,diffusionnostateh48_n50_s20k,diffusionnostateh48,50,20000,10200,0.012,0.221
v2_diffusion_fixed,diffusionnostateh48_n50_s20k,diffusionnostateh48,50,20000,10300,0.012,0.222
v2_diffusion_fixed,diffusionnostateh48_n50_s20k,diffusionnostateh48,50,20000,10400,0.013,0.227
v2_diffusion_fixed,diffusionnostateh48_n50_s20k,diffusionnostateh48,50,20000,10500,0.012,0.216
v2_diffusion_fixed,diffusionnostateh48_n50_s20k,diffusionnostateh48,50,20000,10600,0.012,0.23
v2_diffusion_fixed,diffusionnostateh48_n50_s20k,diffusionnostateh48,50,20000,10700,0.012,0.206
v2_diffusion_fixed,diffusionnostateh48_n50_s20k,diffusionnostateh48,50,20000,10800,0.012,0.238
v2_diffusion_fixed,diffusionnostateh48_n50_s20k,diffusionnostateh48,50,20000,10900,0.012,0.24
v2_diffusion_fixed,diffusionnostateh48_n50_s20k,diffusionnostateh48,50,20000,11000,0.013,0.275
v2_diffusion_fixed,diffusionnostateh48_n50_s20k,diffusionnostateh48,50,20000,11100,0.012,0.251
v2_diffusion_fixed,diffusionnostateh48_n50_s20k,diffusionnostateh48,50,20000,11200,0.012,0.222
v2_diffusion_fixed,diffusionnostateh48_n50_s20k,diffusionnostateh48,50,20000,11300,0.012,0.225
v2_diffusion_fixed,diffusionnostateh48_n50_s20k,diffusionnostateh48,50,20000,11400,0.011,0.219
v2_diffusion_fixed,diffusionnostateh48_n50_s20k,diffusionnostateh48,50,20000,11500,0.012,0.241
v2_diffusion_fixed,diffusionnostateh48_n50_s20k,diffusionnostateh48,50,20000,11600,0.011,0.212
v2_diffusion_fixed,diffusionnostateh48_n50_s20k,diffusionnostateh48,50,20000,11700,0.011,0.207
v2_diffusion_fixed,diffusionnostateh48_n50_s20k,diffusionnostateh48,50,20000,11800,0.011,0.241
v2_diffusion_fixed,diffusionnostateh48_n50_s20k,diffusionnostateh48,50,20000,11900,0.011,0.221
v2_diffusion_fixed,diffusionnostateh48_n50_s20k,diffusionnostateh48,50,20000,12000,0.011,0.218
v2_diffusion_fixed,diffusionnostateh48_n50_s20k,diffusionnostateh48,50,20000,12100,0.011,0.214
v2_diffusion_fixed,diffusionnostateh48_n50_s20k,diffusionnostateh48,50,20000,12200,0.01,0.199
v2_diffusion_fixed,diffusionnostateh48_n50_s20k,diffusionnostateh48,50,20000,12300,0.011,0.222
v2_diffusion_fixed,diffusionnostateh48_n50_s20k,diffusionnostateh48,50,20000,12400,0.01,0.2
v2_diffusion_fixed,diffusionnostateh48_n50_s20k,diffusionnostateh48,50,20000,12500,0.01,0.196
v2_diffusion_fixed,diffusionnostateh48_n50_s20k,diffusionnostateh48,50,20000,12600,0.01,0.217
v2_diffusion_fixed,diffusionnostateh48_n50_s20k,diffusionnostateh48,50,20000,12700,0.01,0.204
v2_diffusion_fixed,diffusionnostateh48_n50_s20k,diffusionnostateh48,50,20000,12800,0.01,0.196
v2_diffusion_fixed,diffusionnostateh48_n50_s20k,diffusionnostateh48,50,20000,12900,0.01,0.195
v2_diffusion_fixed,diffusionnostateh48_n50_s20k,diffusionnostateh48,50,20000,13000,0.01,0.212
v2_diffusion_fixed,diffusionnostateh48_n50_s20k,diffusionnostateh48,50,20000,13100,0.01,0.206
v2_diffusion_fixed,diffusionnostateh48_n50_s20k,diffusionnostateh48,50,20000,13200,0.01,0.195
v2_diffusion_fixed,diffusionnostateh48_n50_s20k,diffusionnostateh48,50,20000,13300,0.009,0.194
v2_diffusion_fixed,diffusionnostateh48_n50_s20k,diffusionnostateh48,50,20000,13400,0.01,0.196
v2_diffusion_fixed,diffusionnostateh48_n50_s20k,diffusionnostateh48,50,20000,13500,0.01,0.183
v2_diffusion_fixed,diffusionnostateh48_n50_s20k,diffusionnostateh48,50,20000,13600,0.009,0.176
v2_diffusion_fixed,diffusionnostateh48_n50_s20k,diffusionnostateh48,50,20000,13700,0.01,0.184
v2_diffusion_fixed,diffusionnostateh48_n50_s20k,diffusionnostateh48,50,20000,13800,0.009,0.174
v2_diffusion_fixed,diffusionnostateh48_n50_s20k,diffusionnostateh48,50,20000,13900,0.009,0.186
v2_diffusion_fixed,diffusionnostateh48_n50_s20k,diffusionnostateh48,50,20000,14000,0.009,0.175
v2_diffusion_fixed,diffusionnostateh48_n50_s20k,diffusionnostateh48,50,20000,14100,0.009,0.198
v2_diffusion_fixed,diffusionnostateh48_n50_s20k,diffusionnostateh48,50,20000,14200,0.009,0.179
v2_diffusion_fixed,diffusionnostateh48_n50_s20k,diffusionnostateh48,50,20000,14300,0.008,0.199
v2_diffusion_fixed,diffusionnostateh48_n50_s20k,diffusionnostateh48,50,20000,14400,0.009,0.2
v2_diffusion_fixed,diffusionnostateh48_n50_s20k,diffusionnostateh48,50,20000,14500,0.009,0.191
v2_diffusion_fixed,diffusionnostateh48_n50_s20k,diffusionnostateh48,50,20000,14600,0.009,0.183
v2_diffusion_fixed,diffusionnostateh48_n50_s20k,diffusionnostateh48,50,20000,14700,0.009,0.163
v2_diffusion_fixed,diffusionnostateh48_n50_s20k,diffusionnostateh48,50,20000,14800,0.008,0.17
v2_diffusion_fixed,diffusionnostateh48_n50_s20k,diffusionnostateh48,50,20000,14900,0.008,0.167
v2_diffusion_fixed,diffusionnostateh48_n50_s20k,diffusionnostateh48,50,20000,15000,0.009,0.154
v2_diffusion_fixed,diffusionnostateh48_n50_s20k,diffusionnostateh48,50,20000,15100,0.008,0.166
v2_diffusion_fixed,diffusionnostateh48_n50_s20k,diffusionnostateh48,50,20000,15200,0.008,0.181
v2_diffusion_fixed,diffusionnostateh48_n50_s20k,diffusionnostateh48,50,20000,15300,0.008,0.18
v2_diffusion_fixed,diffusionnostateh48_n50_s20k,diffusionnostateh48,50,20000,15400,0.008,0.187
v2_diffusion_fixed,diffusionnostateh48_n50_s20k,diffusionnostateh48,50,20000,15500,0.008,0.166
v2_diffusion_fixed,diffusionnostateh48_n50_s20k,diffusionnostateh48,50,20000,15600,0.008,0.182
v2_diffusion_fixed,diffusionnostateh48_n50_s20k,diffusionnostateh48,50,20000,15700,0.008,0.173
v2_diffusion_fixed,diffusionnostateh48_n50_s20k,diffusionnostateh48,50,20000,15800,0.007,0.158
v2_diffusion_fixed,diffusionnostateh48_n50_s20k,diffusionnostateh48,50,20000,15900,0.008,0.173
v2_diffusion_fixed,diffusionnostateh48_n50_s20k,diffusionnostateh48,50,20000,16000,0.008,0.165
v2_diffusion_fixed,diffusionnostateh48_n50_s20k,diffusionnostateh48,50,20000,16100,0.008,0.168
v2_diffusion_fixed,diffusionnostateh48_n50_s20k,diffusionnostateh48,50,20000,16200,0.007,0.151
v2_diffusion_fixed,diffusionnostateh48_n50_s20k,diffusionnostateh48,50,20000,16300,0.008,0.163
v2_diffusion_fixed,diffusionnostateh48_n50_s20k,diffusionnostateh48,50,20000,16400,0.008,0.157
v2_diffusion_fixed,diffusionnostateh48_n50_s20k,diffusionnostateh48,50,20000,16500,0.007,0.171
v2_diffusion_fixed,diffusionnostateh48_n50_s20k,diffusionnostateh48,50,20000,16600,0.007,0.147
v2_diffusion_fixed,diffusionnostateh48_n50_s20k,diffusionnostateh48,50,20000,16700,0.008,0.157
v2_diffusion_fixed,diffusionnostateh48_n50_s20k,diffusionnostateh48,50,20000,16800,0.007,0.153
v2_diffusion_fixed,diffusionnostateh48_n50_s20k,diffusionnostateh48,50,20000,16900,0.007,0.141
v2_diffusion_fixed,diffusionnostateh48_n50_s20k,diffusionnostateh48,50,20000,17000,0.007,0.158
v2_diffusion_fixed,diffusionnostateh48_n50_s20k,diffusionnostateh48,50,20000,17100,0.007,0.141
v2_diffusion_fixed,diffusionnostateh48_n50_s20k,diffusionnostateh48,50,20000,17200,0.008,0.145
v2_diffusion_fixed,diffusionnostateh48_n50_s20k,diffusionnostateh48,50,20000,17300,0.007,0.137
v2_diffusion_fixed,diffusionnostateh48_n50_s20k,diffusionnostateh48,50,20000,17400,0.007,0.135
v2_diffusion_fixed,diffusionnostateh48_n50_s20k,diffusionnostateh48,50,20000,17500,0.006,0.129
v2_diffusion_fixed,diffusionnostateh48_n50_s20k,diffusionnostateh48,50,20000,17600,0.007,0.142
v2_diffusion_fixed,diffusionnostateh48_n50_s20k,diffusionnostateh48,50,20000,17700,0.007,0.137
v2_diffusion_fixed,diffusionnostateh48_n50_s20k,diffusionnostateh48,50,20000,17800,0.007,0.132
v2_diffusion_fixed,diffusionnostateh48_n50_s20k,diffusionnostateh48,50,20000,17900,0.007,0.139
v2_diffusion_fixed,diffusionnostateh48_n50_s20k,diffusionnostateh48,50,20000,18000,0.007,0.137
v2_diffusion_fixed,diffusionnostateh48_n50_s20k,diffusionnostateh48,50,20000,18100,0.007,0.13
v2_diffusion_fixed,diffusionnostateh48_n50_s20k,diffusionnostateh48,50,20000,18200,0.007,0.131
v2_diffusion_fixed,diffusionnostateh48_n50_s20k,diffusionnostateh48,50,20000,18300,0.007,0.137
v2_diffusion_fixed,diffusionnostateh48_n50_s20k,diffusionnostateh48,50,20000,18400,0.007,0.134
v2_diffusion_fixed,diffusionnostateh48_n50_s20k,diffusionnostateh48,50,20000,18500,0.007,0.123
v2_diffusion_fixed,diffusionnostateh48_n50_s20k,diffusionnostateh48,50,20000,18600,0.007,0.13
v2_diffusion_fixed,diffusionnostateh48_n50_s20k,diffusionnostateh48,50,20000,18700,0.007,0.136
v2_diffusion_fixed,diffusionnostateh48_n50_s20k,diffusionnostateh48,50,20000,18800,0.007,0.13
v2_diffusion_fixed,diffusionnostateh48_n50_s20k,diffusionnostateh48,50,20000,18900,0.007,0.124
v2_diffusion_fixed,diffusionnostateh48_n50_s20k,diffusionnostateh48,50,20000,19000,0.007,0.123
v2_diffusion_fixed,diffusionnostateh48_n50_s20k,diffusionnostateh48,50,20000,19100,0.007,0.128
v2_diffusion_fixed,diffusionnostateh48_n50_s20k,diffusionnostateh48,50,20000,19200,0.006,0.12
v2_diffusion_fixed,diffusionnostateh48_n50_s20k,diffusionnostateh48,50,20000,19300,0.006,0.121
v2_diffusion_fixed,diffusionnostateh48_n50_s20k,diffusionnostateh48,50,20000,19400,0.007,0.134
v2_diffusion_fixed,diffusionnostateh48_n50_s20k,diffusionnostateh48,50,20000,19500,0.006,0.118
v2_diffusion_fixed,diffusionnostateh48_n50_s20k,diffusionnostateh48,50,20000,19600,0.006,0.121
v2_diffusion_fixed,diffusionnostateh48_n50_s20k,diffusionnostateh48,50,20000,19700,0.007,0.127
v2_diffusion_fixed,diffusionnostateh48_n50_s20k,diffusionnostateh48,50,20000,19800,0.007,0.126
v2_diffusion_fixed,diffusionnostateh48_n50_s20k,diffusionnostateh48,50,20000,19900,0.007,0.133
v2_diffusion_fixed,diffusionnostateh48_n50_s20k,diffusionnostateh48,50,20000,20000,0.006,0.122
v2_diffusion_fixed,diffusionnostateh48_n50_s50k,diffusionnostateh48,50,50000,100,0.694,5.369
v2_diffusion_fixed,diffusionnostateh48_n50_s50k,diffusionnostateh48,50,50000,200,0.144,3.742
v2_diffusion_fixed,diffusionnostateh48_n50_s50k,diffusionnostateh48,50,50000,300,0.099,2.823
v2_diffusion_fixed,diffusionnostateh48_n50_s50k,diffusionnostateh48,50,50000,400,0.073,2.107
v2_diffusion_fixed,diffusionnostateh48_n50_s50k,diffusionnostateh48,50,50000,500,0.056,1.481
v2_diffusion_fixed,diffusionnostateh48_n50_s50k,diffusionnostateh48,50,50000,600,0.048,1.258
v2_diffusion_fixed,diffusionnostateh48_n50_s50k,diffusionnostateh48,50,50000,700,0.04,1.025
v2_diffusion_fixed,diffusionnostateh48_n50_s50k,diffusionnostateh48,50,50000,800,0.037,0.999
v2_diffusion_fixed,diffusionnostateh48_n50_s50k,diffusionnostateh48,50,50000,900,0.036,1.001
v2_diffusion_fixed,diffusionnostateh48_n50_s50k,diffusionnostateh48,50,50000,1000,0.035,0.872
v2_diffusion_fixed,diffusionnostateh48_n50_s50k,diffusionnostateh48,50,50000,1100,0.032,0.874
v2_diffusion_fixed,diffusionnostateh48_n50_s50k,diffusionnostateh48,50,50000,1200,0.031,0.735
v2_diffusion_fixed,diffusionnostateh48_n50_s50k,diffusionnostateh48,50,50000,1300,0.029,0.729
v2_diffusion_fixed,diffusionnostateh48_n50_s50k,diffusionnostateh48,50,50000,1400,0.029,0.769
v2_diffusion_fixed,diffusionnostateh48_n50_s50k,diffusionnostateh48,50,50000,1500,0.027,0.731
v2_diffusion_fixed,diffusionnostateh48_n50_s50k,diffusionnostateh48,50,50000,1600,0.025,0.664
v2_diffusion_fixed,diffusionnostateh48_n50_s50k,diffusionnostateh48,50,50000,1700,0.026,0.628
v2_diffusion_fixed,diffusionnostateh48_n50_s50k,diffusionnostateh48,50,50000,1800,0.026,0.688
v2_diffusion_fixed,diffusionnostateh48_n50_s50k,diffusionnostateh48,50,50000,1900,0.024,0.594
v2_diffusion_fixed,diffusionnostateh48_n50_s50k,diffusionnostateh48,50,50000,2000,0.024,0.551
v2_diffusion_fixed,diffusionnostateh48_n50_s50k,diffusionnostateh48,50,50000,2100,0.024,0.538
v2_diffusion_fixed,diffusionnostateh48_n50_s50k,diffusionnostateh48,50,50000,2200,0.023,0.558
v2_diffusion_fixed,diffusionnostateh48_n50_s50k,diffusionnostateh48,50,50000,2300,0.024,0.53
v2_diffusion_fixed,diffusionnostateh48_n50_s50k,diffusionnostateh48,50,50000,2400,0.024,0.528
v2_diffusion_fixed,diffusionnostateh48_n50_s50k,diffusionnostateh48,50,50000,2500,0.022,0.482
v2_diffusion_fixed,diffusionnostateh48_n50_s50k,diffusionnostateh48,50,50000,2600,0.022,0.543
v2_diffusion_fixed,diffusionnostateh48_n50_s50k,diffusionnostateh48,50,50000,2700,0.022,0.561
v2_diffusion_fixed,diffusionnostateh48_n50_s50k,diffusionnostateh48,50,50000,2800,0.02,0.464
v2_diffusion_fixed,diffusionnostateh48_n50_s50k,diffusionnostateh48,50,50000,2900,0.02,0.45
v2_diffusion_fixed,diffusionnostateh48_n50_s50k,diffusionnostateh48,50,50000,3000,0.021,0.452
v2_diffusion_fixed,diffusionnostateh48_n50_s50k,diffusionnostateh48,50,50000,3100,0.02,0.445
v2_diffusion_fixed,diffusionnostateh48_n50_s50k,diffusionnostateh48,50,50000,3200,0.021,0.5
v2_diffusion_fixed,diffusionnostateh48_n50_s50k,diffusionnostateh48,50,50000,3300,0.02,0.498
v2_diffusion_fixed,diffusionnostateh48_n50_s50k,diffusionnostateh48,50,50000,3400,0.02,0.483
v2_diffusion_fixed,diffusionnostateh48_n50_s50k,diffusionnostateh48,50,50000,3500,0.02,0.398
v2_diffusion_fixed,diffusionnostateh48_n50_s50k,diffusionnostateh48,50,50000,3600,0.02,0.417
v2_diffusion_fixed,diffusionnostateh48_n50_s50k,diffusionnostateh48,50,50000,3700,0.019,0.467
v2_diffusion_fixed,diffusionnostateh48_n50_s50k,diffusionnostateh48,50,50000,3800,0.02,0.413
v2_diffusion_fixed,diffusionnostateh48_n50_s50k,diffusionnostateh48,50,50000,3900,0.02,0.426
v2_diffusion_fixed,diffusionnostateh48_n50_s50k,diffusionnostateh48,50,50000,4000,0.02,0.435
v2_diffusion_fixed,diffusionnostateh48_n50_s50k,diffusionnostateh48,50,50000,4100,0.019,0.392
v2_diffusion_fixed,diffusionnostateh48_n50_s50k,diffusionnostateh48,50,50000,4200,0.018,0.391
v2_diffusion_fixed,diffusionnostateh48_n50_s50k,diffusionnostateh48,50,50000,4300,0.018,0.428
v2_diffusion_fixed,diffusionnostateh48_n50_s50k,diffusionnostateh48,50,50000,4400,0.019,0.428
v2_diffusion_fixed,diffusionnostateh48_n50_s50k,diffusionnostateh48,50,50000,4500,0.019,0.43
v2_diffusion_fixed,diffusionnostateh48_n50_s50k,diffusionnostateh48,50,50000,4600,0.019,0.378
v2_diffusion_fixed,diffusionnostateh48_n50_s50k,diffusionnostateh48,50,50000,4700,0.018,0.388
v2_diffusion_fixed,diffusionnostateh48_n50_s50k,diffusionnostateh48,50,50000,4800,0.018,0.378
v2_diffusion_fixed,diffusionnostateh48_n50_s50k,diffusionnostateh48,50,50000,4900,0.019,0.371
v2_diffusion_fixed,diffusionnostateh48_n50_s50k,diffusionnostateh48,50,50000,5000,0.018,0.356
v2_diffusion_fixed,diffusionnostateh48_n50_s50k,diffusionnostateh48,50,50000,5100,0.018,0.368
v2_diffusion_fixed,diffusionnostateh48_n50_s50k,diffusionnostateh48,50,50000,5200,0.017,0.339
v2_diffusion_fixed,diffusionnostateh48_n50_s50k,diffusionnostateh48,50,50000,5300,0.016,0.331
v2_diffusion_fixed,diffusionnostateh48_n50_s50k,diffusionnostateh48,50,50000,5400,0.017,0.373
v2_diffusion_fixed,diffusionnostateh48_n50_s50k,diffusionnostateh48,50,50000,5500,0.017,0.333
v2_diffusion_fixed,diffusionnostateh48_n50_s50k,diffusionnostateh48,50,50000,5600,0.019,0.375
v2_diffusion_fixed,diffusionnostateh48_n50_s50k,diffusionnostateh48,50,50000,5700,0.017,0.318
v2_diffusion_fixed,diffusionnostateh48_n50_s50k,diffusionnostateh48,50,50000,5800,0.017,0.314
v2_diffusion_fixed,diffusionnostateh48_n50_s50k,diffusionnostateh48,50,50000,5900,0.017,0.323
v2_diffusion_fixed,diffusionnostateh48_n50_s50k,diffusionnostateh48,50,50000,6000,0.018,0.314
v2_diffusion_fixed,diffusionnostateh48_n50_s50k,diffusionnostateh48,50,50000,6100,0.017,0.321
v2_diffusion_fixed,diffusionnostateh48_n50_s50k,diffusionnostateh48,50,50000,6200,0.016,0.378
v2_diffusion_fixed,diffusionnostateh48_n50_s50k,diffusionnostateh48,50,50000,6300,0.017,0.384
v2_diffusion_fixed,diffusionnostateh48_n50_s50k,diffusionnostateh48,50,50000,6400,0.017,0.344
v2_diffusion_fixed,diffusionnostateh48_n50_s50k,diffusionnostateh48,50,50000,6500,0.016,0.307
v2_diffusion_fixed,diffusionnostateh48_n50_s50k,diffusionnostateh48,50,50000,6600,0.017,0.318
v2_diffusion_fixed,diffusionnostateh48_n50_s50k,diffusionnostateh48,50,50000,6700,0.016,0.278
v2_diffusion_fixed,diffusionnostateh48_n50_s50k,diffusionnostateh48,50,50000,6800,0.016,0.295
v2_diffusion_fixed,diffusionnostateh48_n50_s50k,diffusionnostateh48,50,50000,6900,0.016,0.326
v2_diffusion_fixed,diffusionnostateh48_n50_s50k,diffusionnostateh48,50,50000,7000,0.016,0.318
v2_diffusion_fixed,diffusionnostateh48_n50_s50k,diffusionnostateh48,50,50000,7100,0.015,0.283
v2_diffusion_fixed,diffusionnostateh48_n50_s50k,diffusionnostateh48,50,50000,7200,0.016,0.323
v2_diffusion_fixed,diffusionnostateh48_n50_s50k,diffusionnostateh48,50,50000,7300,0.016,0.316
v2_diffusion_fixed,diffusionnostateh48_n50_s50k,diffusionnostateh48,50,50000,7400,0.016,0.328
v2_diffusion_fixed,diffusionnostateh48_n50_s50k,diffusionnostateh48,50,50000,7500,0.016,0.309
v2_diffusion_fixed,diffusionnostateh48_n50_s50k,diffusionnostateh48,50,50000,7600,0.017,0.323
v2_diffusion_fixed,diffusionnostateh48_n50_s50k,diffusionnostateh48,50,50000,7700,0.015,0.299
v2_diffusion_fixed,diffusionnostateh48_n50_s50k,diffusionnostateh48,50,50000,7800,0.016,0.28
v2_diffusion_fixed,diffusionnostateh48_n50_s50k,diffusionnostateh48,50,50000,7900,0.016,0.266
v2_diffusion_fixed,diffusionnostateh48_n50_s50k,diffusionnostateh48,50,50000,8000,0.016,0.319
v2_diffusion_fixed,diffusionnostateh48_n50_s50k,diffusionnostateh48,50,50000,8100,0.015,0.285
v2_diffusion_fixed,diffusionnostateh48_n50_s50k,diffusionnostateh48,50,50000,8200,0.015,0.283
v2_diffusion_fixed,diffusionnostateh48_n50_s50k,diffusionnostateh48,50,50000,8300,0.015,0.316
v2_diffusion_fixed,diffusionnostateh48_n50_s50k,diffusionnostateh48,50,50000,8400,0.015,0.299
v2_diffusion_fixed,diffusionnostateh48_n50_s50k,diffusionnostateh48,50,50000,8500,0.016,0.289
v2_diffusion_fixed,diffusionnostateh48_n50_s50k,diffusionnostateh48,50,50000,8600,0.015,0.243
v2_diffusion_fixed,diffusionnostateh48_n50_s50k,diffusionnostateh48,50,50000,8700,0.016,0.282
v2_diffusion_fixed,diffusionnostateh48_n50_s50k,diffusionnostateh48,50,50000,8800,0.015,0.27
v2_diffusion_fixed,diffusionnostateh48_n50_s50k,diffusionnostateh48,50,50000,8900,0.015,0.296
v2_diffusion_fixed,diffusionnostateh48_n50_s50k,diffusionnostateh48,50,50000,9000,0.015,0.281
v2_diffusion_fixed,diffusionnostateh48_n50_s50k,diffusionnostateh48,50,50000,9100,0.014,0.257
v2_diffusion_fixed,diffusionnostateh48_n50_s50k,diffusionnostateh48,50,50000,9200,0.015,0.281
v2_diffusion_fixed,diffusionnostateh48_n50_s50k,diffusionnostateh48,50,50000,9300,0.014,0.24
v2_diffusion_fixed,diffusionnostateh48_n50_s50k,diffusionnostateh48,50,50000,9400,0.014,0.276
v2_diffusion_fixed,diffusionnostateh48_n50_s50k,diffusionnostateh48,50,50000,9500,0.015,0.342
v2_diffusion_fixed,diffusionnostateh48_n50_s50k,diffusionnostateh48,50,50000,9600,0.015,0.262
v2_diffusion_fixed,diffusionnostateh48_n50_s50k,diffusionnostateh48,50,50000,9700,0.015,0.275
v2_diffusion_fixed,diffusionnostateh48_n50_s50k,diffusionnostateh48,50,50000,9800,0.014,0.253
v2_diffusion_fixed,diffusionnostateh48_n50_s50k,diffusionnostateh48,50,50000,9900,0.015,0.261
v2_diffusion_fixed,diffusionnostateh48_n50_s50k,diffusionnostateh48,50,50000,10000,0.014,0.244
v2_diffusion_fixed,diffusionnostateh48_n50_s50k,diffusionnostateh48,50,50000,10100,0.014,0.269
v2_diffusion_fixed,diffusionnostateh48_n50_s50k,diffusionnostateh48,50,50000,10200,0.014,0.259
v2_diffusion_fixed,diffusionnostateh48_n50_s50k,diffusionnostateh48,50,50000,10300,0.014,0.257
v2_diffusion_fixed,diffusionnostateh48_n50_s50k,diffusionnostateh48,50,50000,10400,0.014,0.266
v2_diffusion_fixed,diffusionnostateh48_n50_s50k,diffusionnostateh48,50,50000,10500,0.013,0.229
v2_diffusion_fixed,diffusionnostateh48_n50_s50k,diffusionnostateh48,50,50000,10600,0.013,0.23
v2_diffusion_fixed,diffusionnostateh48_n50_s50k,diffusionnostateh48,50,50000,10700,0.014,0.251
v2_diffusion_fixed,diffusionnostateh48_n50_s50k,diffusionnostateh48,50,50000,10800,0.013,0.233
v2_diffusion_fixed,diffusionnostateh48_n50_s50k,diffusionnostateh48,50,50000,10900,0.014,0.236
v2_diffusion_fixed,diffusionnostateh48_n50_s50k,diffusionnostateh48,50,50000,11000,0.015,0.258
v2_diffusion_fixed,diffusionnostateh48_n50_s50k,diffusionnostateh48,50,50000,11100,0.015,0.276
v2_diffusion_fixed,diffusionnostateh48_n50_s50k,diffusionnostateh48,50,50000,11200,0.013,0.256
v2_diffusion_fixed,diffusionnostateh48_n50_s50k,diffusionnostateh48,50,50000,11300,0.015,0.273
v2_diffusion_fixed,diffusionnostateh48_n50_s50k,diffusionnostateh48,50,50000,11400,0.013,0.24
v2_diffusion_fixed,diffusionnostateh48_n50_s50k,diffusionnostateh48,50,50000,11500,0.014,0.235
v2_diffusion_fixed,diffusionnostateh48_n50_s50k,diffusionnostateh48,50,50000,11600,0.013,0.226
v2_diffusion_fixed,diffusionnostateh48_n50_s50k,diffusionnostateh48,50,50000,11700,0.014,0.252
v2_diffusion_fixed,diffusionnostateh48_n50_s50k,diffusionnostateh48,50,50000,11800,0.014,0.253
v2_diffusion_fixed,diffusionnostateh48_n50_s50k,diffusionnostateh48,50,50000,11900,0.013,0.233
v2_diffusion_fixed,diffusionnostateh48_n50_s50k,diffusionnostateh48,50,50000,12000,0.013,0.233
v2_diffusion_fixed,diffusionnostateh48_n50_s50k,diffusionnostateh48,50,50000,12100,0.013,0.253
v2_diffusion_fixed,diffusionnostateh48_n50_s50k,diffusionnostateh48,50,50000,12200,0.013,0.238
v2_diffusion_fixed,diffusionnostateh48_n50_s50k,diffusionnostateh48,50,50000,12300,0.013,0.244
v2_diffusion_fixed,diffusionnostateh48_n50_s50k,diffusionnostateh48,50,50000,12400,0.012,0.247
v2_diffusion_fixed,diffusionnostateh48_n50_s50k,diffusionnostateh48,50,50000,12500,0.013,0.222
v2_diffusion_fixed,diffusionnostateh48_n50_s50k,diffusionnostateh48,50,50000,12600,0.013,0.261
v2_diffusion_fixed,diffusionnostateh48_n50_s50k,diffusionnostateh48,50,50000,12700,0.012,0.236
v2_diffusion_fixed,diffusionnostateh48_n50_s50k,diffusionnostateh48,50,50000,12800,0.012,0.219
v2_diffusion_fixed,diffusionnostateh48_n50_s50k,diffusionnostateh48,50,50000,12900,0.013,0.259
v2_diffusion_fixed,diffusionnostateh48_n50_s50k,diffusionnostateh48,50,50000,13000,0.013,0.261
v2_diffusion_fixed,diffusionnostateh48_n50_s50k,diffusionnostateh48,50,50000,13100,0.013,0.256
v2_diffusion_fixed,diffusionnostateh48_n50_s50k,diffusionnostateh48,50,50000,13200,0.013,0.216
v2_diffusion_fixed,diffusionnostateh48_n50_s50k,diffusionnostateh48,50,50000,13300,0.012,0.185
v2_diffusion_fixed,diffusionnostateh48_n50_s50k,diffusionnostateh48,50,50000,13400,0.013,0.244
v2_diffusion_fixed,diffusionnostateh48_n50_s50k,diffusionnostateh48,50,50000,13500,0.012,0.216
v2_diffusion_fixed,diffusionnostateh48_n50_s50k,diffusionnostateh48,50,50000,13600,0.012,0.233
v2_diffusion_fixed,diffusionnostateh48_n50_s50k,diffusionnostateh48,50,50000,13700,0.012,0.229
v2_diffusion_fixed,diffusionnostateh48_n50_s50k,diffusionnostateh48,50,50000,13800,0.012,0.206
v2_diffusion_fixed,diffusionnostateh48_n50_s50k,diffusionnostateh48,50,50000,13900,0.012,0.238
v2_diffusion_fixed,diffusionnostateh48_n50_s50k,diffusionnostateh48,50,50000,14000,0.012,0.213
v2_diffusion_fixed,diffusionnostateh48_n50_s50k,diffusionnostateh48,50,50000,14100,0.013,0.239
v2_diffusion_fixed,diffusionnostateh48_n50_s50k,diffusionnostateh48,50,50000,14200,0.012,0.208
v2_diffusion_fixed,diffusionnostateh48_n50_s50k,diffusionnostateh48,50,50000,14300,0.011,0.199
v2_diffusion_fixed,diffusionnostateh48_n50_s50k,diffusionnostateh48,50,50000,14400,0.012,0.212
v2_diffusion_fixed,diffusionnostateh48_n50_s50k,diffusionnostateh48,50,50000,14500,0.012,0.21
v2_diffusion_fixed,diffusionnostateh48_n50_s50k,diffusionnostateh48,50,50000,14600,0.012,0.236
v2_diffusion_fixed,diffusionnostateh48_n50_s50k,diffusionnostateh48,50,50000,14700,0.011,0.21
v2_diffusion_fixed,diffusionnostateh48_n50_s50k,diffusionnostateh48,50,50000,14800,0.011,0.216
v2_diffusion_fixed,diffusionnostateh48_n50_s50k,diffusionnostateh48,50,50000,14900,0.011,0.226
v2_diffusion_fixed,diffusionnostateh48_n50_s50k,diffusionnostateh48,50,50000,15000,0.012,0.256
v2_diffusion_fixed,diffusionnostateh48_n50_s50k,diffusionnostateh48,50,50000,15100,0.011,0.23
v2_diffusion_fixed,diffusionnostateh48_n50_s50k,diffusionnostateh48,50,50000,15200,0.011,0.209
v2_diffusion_fixed,diffusionnostateh48_n50_s50k,diffusionnostateh48,50,50000,15300,0.011,0.203
v2_diffusion_fixed,diffusionnostateh48_n50_s50k,diffusionnostateh48,50,50000,15400,0.011,0.197
v2_diffusion_fixed,diffusionnostateh48_n50_s50k,diffusionnostateh48,50,50000,15500,0.012,0.224
v2_diffusion_fixed,diffusionnostateh48_n50_s50k,diffusionnostateh48,50,50000,15600,0.012,0.235
v2_diffusion_fixed,diffusionnostateh48_n50_s50k,diffusionnostateh48,50,50000,15700,0.011,0.204
v2_diffusion_fixed,diffusionnostateh48_n50_s50k,diffusionnostateh48,50,50000,15800,0.011,0.226
v2_diffusion_fixed,diffusionnostateh48_n50_s50k,diffusionnostateh48,50,50000,15900,0.012,0.243
v2_diffusion_fixed,diffusionnostateh48_n50_s50k,diffusionnostateh48,50,50000,16000,0.011,0.237
v2_diffusion_fixed,diffusionnostateh48_n50_s50k,diffusionnostateh48,50,50000,16100,0.011,0.223
v2_diffusion_fixed,diffusionnostateh48_n50_s50k,diffusionnostateh48,50,50000,16200,0.011,0.212
v2_diffusion_fixed,diffusionnostateh48_n50_s50k,diffusionnostateh48,50,50000,16300,0.012,0.212
v2_diffusion_fixed,diffusionnostateh48_n50_s50k,diffusionnostateh48,50,50000,16400,0.011,0.198
v2_diffusion_fixed,diffusionnostateh48_n50_s50k,diffusionnostateh48,50,50000,16500,0.011,0.227
v2_diffusion_fixed,diffusionnostateh48_n50_s50k,diffusionnostateh48,50,50000,16600,0.011,0.193
v2_diffusion_fixed,diffusionnostateh48_n50_s50k,diffusionnostateh48,50,50000,16700,0.012,0.21
v2_diffusion_fixed,diffusionnostateh48_n50_s50k,diffusionnostateh48,50,50000,16800,0.011,0.23
v2_diffusion_fixed,diffusionnostateh48_n50_s50k,diffusionnostateh48,50,50000,16900,0.011,0.227
v2_diffusion_fixed,diffusionnostateh48_n50_s50k,diffusionnostateh48,50,50000,17000,0.01,0.18
v2_diffusion_fixed,diffusionnostateh48_n50_s50k,diffusionnostateh48,50,50000,17100,0.011,0.217
v2_diffusion_fixed,diffusionnostateh48_n50_s50k,diffusionnostateh48,50,50000,17200,0.011,0.213
v2_diffusion_fixed,diffusionnostateh48_n50_s50k,diffusionnostateh48,50,50000,17300,0.01,0.196
v2_diffusion_fixed,diffusionnostateh48_n50_s50k,diffusionnostateh48,50,50000,17400,0.01,0.212
v2_diffusion_fixed,diffusionnostateh48_n50_s50k,diffusionnostateh48,50,50000,17500,0.01,0.2
v2_diffusion_fixed,diffusionnostateh48_n50_s50k,diffusionnostateh48,50,50000,17600,0.011,0.208
v2_diffusion_fixed,diffusionnostateh48_n50_s50k,diffusionnostateh48,50,50000,17700,0.01,0.205
v2_diffusion_fixed,diffusionnostateh48_n50_s50k,diffusionnostateh48,50,50000,17800,0.011,0.237
v2_diffusion_fixed,diffusionnostateh48_n50_s50k,diffusionnostateh48,50,50000,17900,0.011,0.184
v2_diffusion_fixed,diffusionnostateh48_n50_s50k,diffusionnostateh48,50,50000,18000,0.011,0.212
v2_diffusion_fixed,diffusionnostateh48_n50_s50k,diffusionnostateh48,50,50000,18100,0.01,0.208
v2_diffusion_fixed,diffusionnostateh48_n50_s50k,diffusionnostateh48,50,50000,18200,0.011,0.197
v2_diffusion_fixed,diffusionnostateh48_n50_s50k,diffusionnostateh48,50,50000,18300,0.011,0.212
v2_diffusion_fixed,diffusionnostateh48_n50_s50k,diffusionnostateh48,50,50000,18400,0.01,0.181
v2_diffusion_fixed,diffusionnostateh48_n50_s50k,diffusionnostateh48,50,50000,18500,0.01,0.168
v2_diffusion_fixed,diffusionnostateh48_n50_s50k,diffusionnostateh48,50,50000,18600,0.011,0.199
v2_diffusion_fixed,diffusionnostateh48_n50_s50k,diffusionnostateh48,50,50000,18700,0.011,0.192
v2_diffusion_fixed,diffusionnostateh48_n50_s50k,diffusionnostateh48,50,50000,18800,0.011,0.223
v2_diffusion_fixed,diffusionnostateh48_n50_s50k,diffusionnostateh48,50,50000,18900,0.01,0.186
v2_diffusion_fixed,diffusionnostateh48_n50_s50k,diffusionnostateh48,50,50000,19000,0.01,0.173
v2_diffusion_fixed,diffusionnostateh48_n50_s50k,diffusionnostateh48,50,50000,19100,0.011,0.186
v2_diffusion_fixed,diffusionnostateh48_n50_s50k,diffusionnostateh48,50,50000,19200,0.01,0.195
v2_diffusion_fixed,diffusionnostateh48_n50_s50k,diffusionnostateh48,50,50000,19300,0.01,0.213
v2_diffusion_fixed,diffusionnostateh48_n50_s50k,diffusionnostateh48,50,50000,19400,0.01,0.192
v2_diffusion_fixed,diffusionnostateh48_n50_s50k,diffusionnostateh48,50,50000,19500,0.01,0.192
v2_diffusion_fixed,diffusionnostateh48_n50_s50k,diffusionnostateh48,50,50000,19600,0.009,0.192
v2_diffusion_fixed,diffusionnostateh48_n50_s50k,diffusionnostateh48,50,50000,19700,0.009,0.175
v2_diffusion_fixed,diffusionnostateh48_n50_s50k,diffusionnostateh48,50,50000,19800,0.01,0.19
v2_diffusion_fixed,diffusionnostateh48_n50_s50k,diffusionnostateh48,50,50000,19900,0.01,0.191
v2_diffusion_fixed,diffusionnostateh48_n50_s50k,diffusionnostateh48,50,50000,20000,0.009,0.198
v2_diffusion_fixed,diffusionnostateh48_n50_s50k,diffusionnostateh48,50,50000,20100,0.009,0.204
v2_diffusion_fixed,diffusionnostateh48_n50_s50k,diffusionnostateh48,50,50000,20200,0.01,0.205
v2_diffusion_fixed,diffusionnostateh48_n50_s50k,diffusionnostateh48,50,50000,20300,0.009,0.165
v2_diffusion_fixed,diffusionnostateh48_n50_s50k,diffusionnostateh48,50,50000,20400,0.009,0.186
v2_diffusion_fixed,diffusionnostateh48_n50_s50k,diffusionnostateh48,50,50000,20500,0.009,0.2
v2_diffusion_fixed,diffusionnostateh48_n50_s50k,diffusionnostateh48,50,50000,20600,0.009,0.187
v2_diffusion_fixed,diffusionnostateh48_n50_s50k,diffusionnostateh48,50,50000,20700,0.01,0.203
v2_diffusion_fixed,diffusionnostateh48_n50_s50k,diffusionnostateh48,50,50000,20800,0.009,0.16
v2_diffusion_fixed,diffusionnostateh48_n50_s50k,diffusionnostateh48,50,50000,20900,0.01,0.199
v2_diffusion_fixed,diffusionnostateh48_n50_s50k,diffusionnostateh48,50,50000,21000,0.009,0.201
v2_diffusion_fixed,diffusionnostateh48_n50_s50k,diffusionnostateh48,50,50000,21100,0.009,0.195
v2_diffusion_fixed,diffusionnostateh48_n50_s50k,diffusionnostateh48,50,50000,21200,0.01,0.184
v2_diffusion_fixed,diffusionnostateh48_n50_s50k,diffusionnostateh48,50,50000,21300,0.01,0.184
v2_diffusion_fixed,diffusionnostateh48_n50_s50k,diffusionnostateh48,50,50000,21400,0.009,0.179
v2_diffusion_fixed,diffusionnostateh48_n50_s50k,diffusionnostateh48,50,50000,21500,0.008,0.158
v2_diffusion_fixed,diffusionnostateh48_n50_s50k,diffusionnostateh48,50,50000,21600,0.01,0.196
v2_diffusion_fixed,diffusionnostateh48_n50_s50k,diffusionnostateh48,50,50000,21700,0.009,0.179
v2_diffusion_fixed,diffusionnostateh48_n50_s50k,diffusionnostateh48,50,50000,21800,0.009,0.18
v2_diffusion_fixed,diffusionnostateh48_n50_s50k,diffusionnostateh48,50,50000,21900,0.009,0.176
v2_diffusion_fixed,diffusionnostateh48_n50_s50k,diffusionnostateh48,50,50000,22000,0.009,0.181
v2_diffusion_fixed,diffusionnostateh48_n50_s50k,diffusionnostateh48,50,50000,22100,0.009,0.173
v2_diffusion_fixed,diffusionnostateh48_n50_s50k,diffusionnostateh48,50,50000,22200,0.009,0.197
v2_diffusion_fixed,diffusionnostateh48_n50_s50k,diffusionnostateh48,50,50000,22300,0.008,0.165
v2_diffusion_fixed,diffusionnostateh48_n50_s50k,diffusionnostateh48,50,50000,22400,0.009,0.17
v2_diffusion_fixed,diffusionnostateh48_n50_s50k,diffusionnostateh48,50,50000,22500,0.008,0.147
v2_diffusion_fixed,diffusionnostateh48_n50_s50k,diffusionnostateh48,50,50000,22600,0.008,0.204
v2_diffusion_fixed,diffusionnostateh48_n50_s50k,diffusionnostateh48,50,50000,22700,0.009,0.205
v2_diffusion_fixed,diffusionnostateh48_n50_s50k,diffusionnostateh48,50,50000,22800,0.009,0.225
v2_diffusion_fixed,diffusionnostateh48_n50_s50k,diffusionnostateh48,50,50000,22900,0.008,0.176
v2_diffusion_fixed,diffusionnostateh48_n50_s50k,diffusionnostateh48,50,50000,23000,0.009,0.184
v2_diffusion_fixed,diffusionnostateh48_n50_s50k,diffusionnostateh48,50,50000,23100,0.008,0.163
v2_diffusion_fixed,diffusionnostateh48_n50_s50k,diffusionnostateh48,50,50000,23200,0.009,0.193
v2_diffusion_fixed,diffusionnostateh48_n50_s50k,diffusionnostateh48,50,50000,23300,0.009,0.161
v2_diffusion_fixed,diffusionnostateh48_n50_s50k,diffusionnostateh48,50,50000,23400,0.009,0.199
v2_diffusion_fixed,diffusionnostateh48_n50_s50k,diffusionnostateh48,50,50000,23500,0.008,0.161
v2_diffusion_fixed,diffusionnostateh48_n50_s50k,diffusionnostateh48,50,50000,23600,0.009,0.189
v2_diffusion_fixed,diffusionnostateh48_n50_s50k,diffusionnostateh48,50,50000,23700,0.008,0.178
v2_diffusion_fixed,diffusionnostateh48_n50_s50k,diffusionnostateh48,50,50000,23800,0.008,0.182
v2_diffusion_fixed,diffusionnostateh48_n50_s50k,diffusionnostateh48,50,50000,23900,0.008,0.168
v2_diffusion_fixed,diffusionnostateh48_n50_s50k,diffusionnostateh48,50,50000,24000,0.009,0.194
v2_diffusion_fixed,diffusionnostateh48_n50_s50k,diffusionnostateh48,50,50000,24100,0.008,0.162
v2_diffusion_fixed,diffusionnostateh48_n50_s50k,diffusionnostateh48,50,50000,24200,0.008,0.171
v2_diffusion_fixed,diffusionnostateh48_n50_s50k,diffusionnostateh48,50,50000,24300,0.009,0.214
v2_diffusion_fixed,diffusionnostateh48_n50_s50k,diffusionnostateh48,50,50000,24400,0.008,0.182
v2_diffusion_fixed,diffusionnostateh48_n50_s50k,diffusionnostateh48,50,50000,24500,0.008,0.156
v2_diffusion_fixed,diffusionnostateh48_n50_s50k,diffusionnostateh48,50,50000,24600,0.008,0.163
v2_diffusion_fixed,diffusionnostateh48_n50_s50k,diffusionnostateh48,50,50000,24700,0.008,0.185
v2_diffusion_fixed,diffusionnostateh48_n50_s50k,diffusionnostateh48,50,50000,24800,0.008,0.199
v2_diffusion_fixed,diffusionnostateh48_n50_s50k,diffusionnostateh48,50,50000,24900,0.008,0.165
v2_diffusion_fixed,diffusionnostateh48_n50_s50k,diffusionnostateh48,50,50000,25000,0.008,0.148
v2_diffusion_fixed,diffusionnostateh48_n50_s50k,diffusionnostateh48,50,50000,25100,0.008,0.167
v2_diffusion_fixed,diffusionnostateh48_n50_s50k,diffusionnostateh48,50,50000,25200,0.008,0.184
v2_diffusion_fixed,diffusionnostateh48_n50_s50k,diffusionnostateh48,50,50000,25300,0.008,0.171
v2_diffusion_fixed,diffusionnostateh48_n50_s50k,diffusionnostateh48,50,50000,25400,0.008,0.185
v2_diffusion_fixed,diffusionnostateh48_n50_s50k,diffusionnostateh48,50,50000,25500,0.008,0.152
v2_diffusion_fixed,diffusionnostateh48_n50_s50k,diffusionnostateh48,50,50000,25600,0.008,0.172
v2_diffusion_fixed,diffusionnostateh48_n50_s50k,diffusionnostateh48,50,50000,25700,0.008,0.179
v2_diffusion_fixed,diffusionnostateh48_n50_s50k,diffusionnostateh48,50,50000,25800,0.008,0.177
v2_diffusion_fixed,diffusionnostateh48_n50_s50k,diffusionnostateh48,50,50000,25900,0.007,0.155
v2_diffusion_fixed,diffusionnostateh48_n50_s50k,diffusionnostateh48,50,50000,26000,0.008,0.183
v2_diffusion_fixed,diffusionnostateh48_n50_s50k,diffusionnostateh48,50,50000,26100,0.007,0.16
v2_diffusion_fixed,diffusionnostateh48_n50_s50k,diffusionnostateh48,50,50000,26200,0.008,0.179
v2_diffusion_fixed,diffusionnostateh48_n50_s50k,diffusionnostateh48,50,50000,26300,0.008,0.159
v2_diffusion_fixed,diffusionnostateh48_n50_s50k,diffusionnostateh48,50,50000,26400,0.007,0.152
v2_diffusion_fixed,diffusionnostateh48_n50_s50k,diffusionnostateh48,50,50000,26500,0.007,0.177
v2_diffusion_fixed,diffusionnostateh48_n50_s50k,diffusionnostateh48,50,50000,26600,0.007,0.159
v2_diffusion_fixed,diffusionnostateh48_n50_s50k,diffusionnostateh48,50,50000,26700,0.007,0.165
v2_diffusion_fixed,diffusionnostateh48_n50_s50k,diffusionnostateh48,50,50000,26800,0.008,0.153
v2_diffusion_fixed,diffusionnostateh48_n50_s50k,diffusionnostateh48,50,50000,26900,0.007,0.143
v2_diffusion_fixed,diffusionnostateh48_n50_s50k,diffusionnostateh48,50,50000,27000,0.007,0.168
v2_diffusion_fixed,diffusionnostateh48_n50_s50k,diffusionnostateh48,50,50000,27100,0.008,0.191
v2_diffusion_fixed,diffusionnostateh48_n50_s50k,diffusionnostateh48,50,50000,27200,0.008,0.202
v2_diffusion_fixed,diffusionnostateh48_n50_s50k,diffusionnostateh48,50,50000,27300,0.007,0.16
v2_diffusion_fixed,diffusionnostateh48_n50_s50k,diffusionnostateh48,50,50000,27400,0.007,0.155
v2_diffusion_fixed,diffusionnostateh48_n50_s50k,diffusionnostateh48,50,50000,27500,0.007,0.168
v2_diffusion_fixed,diffusionnostateh48_n50_s50k,diffusionnostateh48,50,50000,27600,0.007,0.155
v2_diffusion_fixed,diffusionnostateh48_n50_s50k,diffusionnostateh48,50,50000,27700,0.007,0.155
v2_diffusion_fixed,diffusionnostateh48_n50_s50k,diffusionnostateh48,50,50000,27800,0.007,0.181
v2_diffusion_fixed,diffusionnostateh48_n50_s50k,diffusionnostateh48,50,50000,27900,0.007,0.17
v2_diffusion_fixed,diffusionnostateh48_n50_s50k,diffusionnostateh48,50,50000,28000,0.007,0.171
v2_diffusion_fixed,diffusionnostateh48_n50_s50k,diffusionnostateh48,50,50000,28100,0.008,0.167
v2_diffusion_fixed,diffusionnostateh48_n50_s50k,diffusionnostateh48,50,50000,28200,0.008,0.17
v2_diffusion_fixed,diffusionnostateh48_n50_s50k,diffusionnostateh48,50,50000,28300,0.007,0.162
v2_diffusion_fixed,diffusionnostateh48_n50_s50k,diffusionnostateh48,50,50000,28400,0.008,0.159
v2_diffusion_fixed,diffusionnostateh48_n50_s50k,diffusionnostateh48,50,50000,28500,0.008,0.169
v2_diffusion_fixed,diffusionnostateh48_n50_s50k,diffusionnostateh48,50,50000,28600,0.006,0.156
v2_diffusion_fixed,diffusionnostateh48_n50_s50k,diffusionnostateh48,50,50000,28700,0.007,0.181
v2_diffusion_fixed,diffusionnostateh48_n50_s50k,diffusionnostateh48,50,50000,28800,0.007,0.149
v2_diffusion_fixed,diffusionnostateh48_n50_s50k,diffusionnostateh48,50,50000,28900,0.007,0.145
v2_diffusion_fixed,diffusionnostateh48_n50_s50k,diffusionnostateh48,50,50000,29000,0.007,0.153
v2_diffusion_fixed,diffusionnostateh48_n50_s50k,diffusionnostateh48,50,50000,29100,0.007,0.157
v2_diffusion_fixed,diffusionnostateh48_n50_s50k,diffusionnostateh48,50,50000,29200,0.007,0.168
v2_diffusion_fixed,diffusionnostateh48_n50_s50k,diffusionnostateh48,50,50000,29300,0.007,0.158
v2_diffusion_fixed,diffusionnostateh48_n50_s50k,diffusionnostateh48,50,50000,29400,0.007,0.163
v2_diffusion_fixed,diffusionnostateh48_n50_s50k,diffusionnostateh48,50,50000,29500,0.007,0.148
v2_diffusion_fixed,diffusionnostateh48_n50_s50k,diffusionnostateh48,50,50000,29600,0.007,0.16
v2_diffusion_fixed,diffusionnostateh48_n50_s50k,diffusionnostateh48,50,50000,29700,0.006,0.143
v2_diffusion_fixed,diffusionnostateh48_n50_s50k,diffusionnostateh48,50,50000,29800,0.006,0.136
v2_diffusion_fixed,diffusionnostateh48_n50_s50k,diffusionnostateh48,50,50000,29900,0.006,0.158
v2_diffusion_fixed,diffusionnostateh48_n50_s50k,diffusionnostateh48,50,50000,30000,0.007,0.152
v2_diffusion_fixed,diffusionnostateh48_n50_s50k,diffusionnostateh48,50,50000,30100,0.007,0.153
v2_diffusion_fixed,diffusionnostateh48_n50_s50k,diffusionnostateh48,50,50000,30200,0.006,0.151
v2_diffusion_fixed,diffusionnostateh48_n50_s50k,diffusionnostateh48,50,50000,30300,0.007,0.14
v2_diffusion_fixed,diffusionnostateh48_n50_s50k,diffusionnostateh48,50,50000,30400,0.006,0.152
v2_diffusion_fixed,diffusionnostateh48_n50_s50k,diffusionnostateh48,50,50000,30500,0.007,0.166
v2_diffusion_fixed,diffusionnostateh48_n50_s50k,diffusionnostateh48,50,50000,30600,0.006,0.156
v2_diffusion_fixed,diffusionnostateh48_n50_s50k,diffusionnostateh48,50,50000,30700,0.007,0.167
v2_diffusion_fixed,diffusionnostateh48_n50_s50k,diffusionnostateh48,50,50000,30800,0.007,0.162
v2_diffusion_fixed,diffusionnostateh48_n50_s50k,diffusionnostateh48,50,50000,30900,0.006,0.136
v2_diffusion_fixed,diffusionnostateh48_n50_s50k,diffusionnostateh48,50,50000,31000,0.007,0.168
v2_diffusion_fixed,diffusionnostateh48_n50_s50k,diffusionnostateh48,50,50000,31100,0.006,0.182
v2_diffusion_fixed,diffusionnostateh48_n50_s50k,diffusionnostateh48,50,50000,31200,0.006,0.155
v2_diffusion_fixed,diffusionnostateh48_n50_s50k,diffusionnostateh48,50,50000,31300,0.007,0.179
v2_diffusion_fixed,diffusionnostateh48_n50_s50k,diffusionnostateh48,50,50000,31400,0.006,0.146
v2_diffusion_fixed,diffusionnostateh48_n50_s50k,diffusionnostateh48,50,50000,31500,0.006,0.146
v2_diffusion_fixed,diffusionnostateh48_n50_s50k,diffusionnostateh48,50,50000,31600,0.006,0.153
v2_diffusion_fixed,diffusionnostateh48_n50_s50k,diffusionnostateh48,50,50000,31700,0.006,0.161
v2_diffusion_fixed,diffusionnostateh48_n50_s50k,diffusionnostateh48,50,50000,31800,0.006,0.163
v2_diffusion_fixed,diffusionnostateh48_n50_s50k,diffusionnostateh48,50,50000,31900,0.006,0.154
v2_diffusion_fixed,diffusionnostateh48_n50_s50k,diffusionnostateh48,50,50000,32000,0.006,0.148
v2_diffusion_fixed,diffusionnostateh48_n50_s50k,diffusionnostateh48,50,50000,32100,0.007,0.149
v2_diffusion_fixed,diffusionnostateh48_n50_s50k,diffusionnostateh48,50,50000,32200,0.006,0.155
v2_diffusion_fixed,diffusionnostateh48_n50_s50k,diffusionnostateh48,50,50000,32300,0.007,0.14
v2_diffusion_fixed,diffusionnostateh48_n50_s50k,diffusionnostateh48,50,50000,32400,0.006,0.144
v2_diffusion_fixed,diffusionnostateh48_n50_s50k,diffusionnostateh48,50,50000,32500,0.006,0.154
v2_diffusion_fixed,diffusionnostateh48_n50_s50k,diffusionnostateh48,50,50000,32600,0.006,0.159
v2_diffusion_fixed,diffusionnostateh48_n50_s50k,diffusionnostateh48,50,50000,32700,0.006,0.145
v2_diffusion_fixed,diffusionnostateh48_n50_s50k,diffusionnostateh48,50,50000,32800,0.006,0.152
v2_diffusion_fixed,diffusionnostateh48_n50_s50k,diffusionnostateh48,50,50000,32900,0.006,0.136
v2_diffusion_fixed,diffusionnostateh48_n50_s50k,diffusionnostateh48,50,50000,33000,0.006,0.154
v2_diffusion_fixed,diffusionnostateh48_n50_s50k,diffusionnostateh48,50,50000,33100,0.006,0.14
v2_diffusion_fixed,diffusionnostateh48_n50_s50k,diffusionnostateh48,50,50000,33200,0.006,0.155
v2_diffusion_fixed,diffusionnostateh48_n50_s50k,diffusionnostateh48,50,50000,33300,0.006,0.137
v2_diffusion_fixed,diffusionnostateh48_n50_s50k,diffusionnostateh48,50,50000,33400,0.006,0.143
v2_diffusion_fixed,diffusionnostateh48_n50_s50k,diffusionnostateh48,50,50000,33500,0.006,0.141
v2_diffusion_fixed,diffusionnostateh48_n50_s50k,diffusionnostateh48,50,50000,33600,0.006,0.143
v2_diffusion_fixed,diffusionnostateh48_n50_s50k,diffusionnostateh48,50,50000,33700,0.006,0.138
v2_diffusion_fixed,diffusionnostateh48_n50_s50k,diffusionnostateh48,50,50000,33800,0.006,0.149
v2_diffusion_fixed,diffusionnostateh48_n50_s50k,diffusionnostateh48,50,50000,33900,0.005,0.133
v2_diffusion_fixed,diffusionnostateh48_n50_s50k,diffusionnostateh48,50,50000,34000,0.005,0.141
v2_diffusion_fixed,diffusionnostateh48_n50_s50k,diffusionnostateh48,50,50000,34100,0.006,0.149
v2_diffusion_fixed,diffusionnostateh48_n50_s50k,diffusionnostateh48,50,50000,34200,0.006,0.145
v2_diffusion_fixed,diffusionnostateh48_n50_s50k,diffusionnostateh48,50,50000,34300,0.006,0.148
v2_diffusion_fixed,diffusionnostateh48_n50_s50k,diffusionnostateh48,50,50000,34400,0.006,0.162
v2_diffusion_fixed,diffusionnostateh48_n50_s50k,diffusionnostateh48,50,50000,34500,0.006,0.149
v2_diffusion_fixed,diffusionnostateh48_n50_s50k,diffusionnostateh48,50,50000,34600,0.005,0.139
v2_diffusion_fixed,diffusionnostateh48_n50_s50k,diffusionnostateh48,50,50000,34700,0.006,0.131
v2_diffusion_fixed,diffusionnostateh48_n50_s50k,diffusionnostateh48,50,50000,34800,0.006,0.151
v2_diffusion_fixed,diffusionnostateh48_n50_s50k,diffusionnostateh48,50,50000,34900,0.006,0.149
v2_diffusion_fixed,diffusionnostateh48_n50_s50k,diffusionnostateh48,50,50000,35000,0.005,0.127
v2_diffusion_fixed,diffusionnostateh48_n50_s50k,diffusionnostateh48,50,50000,35100,0.006,0.14
v2_diffusion_fixed,diffusionnostateh48_n50_s50k,diffusionnostateh48,50,50000,35200,0.005,0.138
v2_diffusion_fixed,diffusionnostateh48_n50_s50k,diffusionnostateh48,50,50000,35300,0.005,0.146
v2_diffusion_fixed,diffusionnostateh48_n50_s50k,diffusionnostateh48,50,50000,35400,0.005,0.14
v2_diffusion_fixed,diffusionnostateh48_n50_s50k,diffusionnostateh48,50,50000,35500,0.006,0.138
v2_diffusion_fixed,diffusionnostateh48_n50_s50k,diffusionnostateh48,50,50000,35600,0.005,0.124
v2_diffusion_fixed,diffusionnostateh48_n50_s50k,diffusionnostateh48,50,50000,35700,0.005,0.139
v2_diffusion_fixed,diffusionnostateh48_n50_s50k,diffusionnostateh48,50,50000,35800,0.005,0.14
v2_diffusion_fixed,diffusionnostateh48_n50_s50k,diffusionnostateh48,50,50000,35900,0.005,0.117
v2_diffusion_fixed,diffusionnostateh48_n50_s50k,diffusionnostateh48,50,50000,36000,0.006,0.145
v2_diffusion_fixed,diffusionnostateh48_n50_s50k,diffusionnostateh48,50,50000,36100,0.005,0.13
v2_diffusion_fixed,diffusionnostateh48_n50_s50k,diffusionnostateh48,50,50000,36200,0.005,0.139
v2_diffusion_fixed,diffusionnostateh48_n50_s50k,diffusionnostateh48,50,50000,36300,0.005,0.13
v2_diffusion_fixed,diffusionnostateh48_n50_s50k,diffusionnostateh48,50,50000,36400,0.005,0.142
v2_diffusion_fixed,diffusionnostateh48_n50_s50k,diffusionnostateh48,50,50000,36500,0.005,0.139
v2_diffusion_fixed,diffusionnostateh48_n50_s50k,diffusionnostateh48,50,50000,36600,0.005,0.147
v2_diffusion_fixed,diffusionnostateh48_n50_s50k,diffusionnostateh48,50,50000,36700,0.005,0.141
v2_diffusion_fixed,diffusionnostateh48_n50_s50k,diffusionnostateh48,50,50000,36800,0.005,0.134
v2_diffusion_fixed,diffusionnostateh48_n50_s50k,diffusionnostateh48,50,50000,36900,0.005,0.121
v2_diffusion_fixed,diffusionnostateh48_n50_s50k,diffusionnostateh48,50,50000,37000,0.005,0.135
v2_diffusion_fixed,diffusionnostateh48_n50_s50k,diffusionnostateh48,50,50000,37100,0.005,0.129
v2_diffusion_fixed,diffusionnostateh48_n50_s50k,diffusionnostateh48,50,50000,37200,0.005,0.139
v2_diffusion_fixed,diffusionnostateh48_n50_s50k,diffusionnostateh48,50,50000,37300,0.005,0.126
v2_diffusion_fixed,diffusionnostateh48_n50_s50k,diffusionnostateh48,50,50000,37400,0.005,0.132
v2_diffusion_fixed,diffusionnostateh48_n50_s50k,diffusionnostateh48,50,50000,37500,0.005,0.125
v2_diffusion_fixed,diffusionnostateh48_n50_s50k,diffusionnostateh48,50,50000,37600,0.005,0.122
v2_diffusion_fixed,diffusionnostateh48_n50_s50k,diffusionnostateh48,50,50000,37700,0.005,0.13
v2_diffusion_fixed,diffusionnostateh48_n50_s50k,diffusionnostateh48,50,50000,37800,0.005,0.137
v2_diffusion_fixed,diffusionnostateh48_n50_s50k,diffusionnostateh48,50,50000,37900,0.005,0.122
v2_diffusion_fixed,diffusionnostateh48_n50_s50k,diffusionnostateh48,50,50000,38000,0.005,0.13
v2_diffusion_fixed,diffusionnostateh48_n50_s50k,diffusionnostateh48,50,50000,38100,0.005,0.121
v2_diffusion_fixed,diffusionnostateh48_n50_s50k,diffusionnostateh48,50,50000,38200,0.005,0.124
v2_diffusion_fixed,diffusionnostateh48_n50_s50k,diffusionnostateh48,50,50000,38300,0.004,0.122
v2_diffusion_fixed,diffusionnostateh48_n50_s50k,diffusionnostateh48,50,50000,38400,0.005,0.131
v2_diffusion_fixed,diffusionnostateh48_n50_s50k,diffusionnostateh48,50,50000,38500,0.004,0.117
v2_diffusion_fixed,diffusionnostateh48_n50_s50k,diffusionnostateh48,50,50000,38600,0.005,0.127
v2_diffusion_fixed,diffusionnostateh48_n50_s50k,diffusionnostateh48,50,50000,38700,0.005,0.125
v2_diffusion_fixed,diffusionnostateh48_n50_s50k,diffusionnostateh48,50,50000,38800,0.004,0.116
v2_diffusion_fixed,diffusionnostateh48_n50_s50k,diffusionnostateh48,50,50000,38900,0.004,0.115
v2_diffusion_fixed,diffusionnostateh48_n50_s50k,diffusionnostateh48,50,50000,39000,0.004,0.129
v2_diffusion_fixed,diffusionnostateh48_n50_s50k,diffusionnostateh48,50,50000,39100,0.005,0.124
v2_diffusion_fixed,diffusionnostateh48_n50_s50k,diffusionnostateh48,50,50000,39200,0.004,0.123
v2_diffusion_fixed,diffusionnostateh48_n50_s50k,diffusionnostateh48,50,50000,39300,0.005,0.137
v2_diffusion_fixed,diffusionnostateh48_n50_s50k,diffusionnostateh48,50,50000,39400,0.005,0.128
v2_diffusion_fixed,diffusionnostateh48_n50_s50k,diffusionnostateh48,50,50000,39500,0.005,0.133
v2_diffusion_fixed,diffusionnostateh48_n50_s50k,diffusionnostateh48,50,50000,39600,0.004,0.12
v2_diffusion_fixed,diffusionnostateh48_n50_s50k,diffusionnostateh48,50,50000,39700,0.004,0.117
v2_diffusion_fixed,diffusionnostateh48_n50_s50k,diffusionnostateh48,50,50000,39800,0.004,0.107
v2_diffusion_fixed,diffusionnostateh48_n50_s50k,diffusionnostateh48,50,50000,39900,0.004,0.129
v2_diffusion_fixed,diffusionnostateh48_n50_s50k,diffusionnostateh48,50,50000,40000,0.004,0.118
v2_diffusion_fixed,diffusionnostateh48_n50_s50k,diffusionnostateh48,50,50000,40100,0.005,0.131
v2_diffusion_fixed,diffusionnostateh48_n50_s50k,diffusionnostateh48,50,50000,40200,0.005,0.125
v2_diffusion_fixed,diffusionnostateh48_n50_s50k,diffusionnostateh48,50,50000,40300,0.004,0.123
v2_diffusion_fixed,diffusionnostateh48_n50_s50k,diffusionnostateh48,50,50000,40400,0.004,0.123
v2_diffusion_fixed,diffusionnostateh48_n50_s50k,diffusionnostateh48,50,50000,40500,0.005,0.123
v2_diffusion_fixed,diffusionnostateh48_n50_s50k,diffusionnostateh48,50,50000,40600,0.005,0.137
v2_diffusion_fixed,diffusionnostateh48_n50_s50k,diffusionnostateh48,50,50000,40700,0.004,0.12
v2_diffusion_fixed,diffusionnostateh48_n50_s50k,diffusionnostateh48,50,50000,40800,0.004,0.117
v2_diffusion_fixed,diffusionnostateh48_n50_s50k,diffusionnostateh48,50,50000,40900,0.004,0.117
v2_diffusion_fixed,diffusionnostateh48_n50_s50k,diffusionnostateh48,50,50000,41000,0.004,0.114
v2_diffusion_fixed,diffusionnostateh48_n50_s50k,diffusionnostateh48,50,50000,41100,0.004,0.123
v2_diffusion_fixed,diffusionnostateh48_n50_s50k,diffusionnostateh48,50,50000,41200,0.004,0.122
v2_diffusion_fixed,diffusionnostateh48_n50_s50k,diffusionnostateh48,50,50000,41300,0.004,0.122
v2_diffusion_fixed,diffusionnostateh48_n50_s50k,diffusionnostateh48,50,50000,41400,0.005,0.132
v2_diffusion_fixed,diffusionnostateh48_n50_s50k,diffusionnostateh48,50,50000,41500,0.004,0.119
v2_diffusion_fixed,diffusionnostateh48_n50_s50k,diffusionnostateh48,50,50000,41600,0.005,0.124
v2_diffusion_fixed,diffusionnostateh48_n50_s50k,diffusionnostateh48,50,50000,41700,0.004,0.109
v2_diffusion_fixed,diffusionnostateh48_n50_s50k,diffusionnostateh48,50,50000,41800,0.004,0.111
v2_diffusion_fixed,diffusionnostateh48_n50_s50k,diffusionnostateh48,50,50000,41900,0.005,0.121
v2_diffusion_fixed,diffusionnostateh48_n50_s50k,diffusionnostateh48,50,50000,42000,0.004,0.116
v2_diffusion_fixed,diffusionnostateh48_n50_s50k,diffusionnostateh48,50,50000,42100,0.004,0.107
v2_diffusion_fixed,diffusionnostateh48_n50_s50k,diffusionnostateh48,50,50000,42200,0.004,0.108
v2_diffusion_fixed,diffusionnostateh48_n50_s50k,diffusionnostateh48,50,50000,42300,0.004,0.123
v2_diffusion_fixed,diffusionnostateh48_n50_s50k,diffusionnostateh48,50,50000,42400,0.004,0.116
v2_diffusion_fixed,diffusionnostateh48_n50_s50k,diffusionnostateh48,50,50000,42500,0.004,0.113
v2_diffusion_fixed,diffusionnostateh48_n50_s50k,diffusionnostateh48,50,50000,42600,0.004,0.112
v2_diffusion_fixed,diffusionnostateh48_n50_s50k,diffusionnostateh48,50,50000,42700,0.004,0.12
v2_diffusion_fixed,diffusionnostateh48_n50_s50k,diffusionnostateh48,50,50000,42800,0.004,0.106
v2_diffusion_fixed,diffusionnostateh48_n50_s50k,diffusionnostateh48,50,50000,42900,0.004,0.115
v2_diffusion_fixed,diffusionnostateh48_n50_s50k,diffusionnostateh48,50,50000,43000,0.004,0.117
v2_diffusion_fixed,diffusionnostateh48_n50_s50k,diffusionnostateh48,50,50000,43100,0.004,0.115
v2_diffusion_fixed,diffusionnostateh48_n50_s50k,diffusionnostateh48,50,50000,43200,0.004,0.105
v2_diffusion_fixed,diffusionnostateh48_n50_s50k,diffusionnostateh48,50,50000,43300,0.004,0.11
v2_diffusion_fixed,diffusionnostateh48_n50_s50k,diffusionnostateh48,50,50000,43400,0.004,0.114
v2_diffusion_fixed,diffusionnostateh48_n50_s50k,diffusionnostateh48,50,50000,43500,0.004,0.106
v2_diffusion_fixed,diffusionnostateh48_n50_s50k,diffusionnostateh48,50,50000,43600,0.004,0.108
v2_diffusion_fixed,diffusionnostateh48_n50_s50k,diffusionnostateh48,50,50000,43700,0.004,0.102
v2_diffusion_fixed,diffusionnostateh48_n50_s50k,diffusionnostateh48,50,50000,43800,0.004,0.115
v2_diffusion_fixed,diffusionnostateh48_n50_s50k,diffusionnostateh48,50,50000,43900,0.004,0.112
v2_diffusion_fixed,diffusionnostateh48_n50_s50k,diffusionnostateh48,50,50000,44000,0.004,0.11
v2_diffusion_fixed,diffusionnostateh48_n50_s50k,diffusionnostateh48,50,50000,44100,0.004,0.111
v2_diffusion_fixed,diffusionnostateh48_n50_s50k,diffusionnostateh48,50,50000,44200,0.004,0.109
v2_diffusion_fixed,diffusionnostateh48_n50_s50k,diffusionnostateh48,50,50000,44300,0.004,0.117
v2_diffusion_fixed,diffusionnostateh48_n50_s50k,diffusionnostateh48,50,50000,44400,0.004,0.106
v2_diffusion_fixed,diffusionnostateh48_n50_s50k,diffusionnostateh48,50,50000,44500,0.004,0.108
v2_diffusion_fixed,diffusionnostateh48_n50_s50k,diffusionnostateh48,50,50000,44600,0.004,0.109
v2_diffusion_fixed,diffusionnostateh48_n50_s50k,diffusionnostateh48,50,50000,44700,0.004,0.111
v2_diffusion_fixed,diffusionnostateh48_n50_s50k,diffusionnostateh48,50,50000,44800,0.004,0.107
v2_diffusion_fixed,diffusionnostateh48_n50_s50k,diffusionnostateh48,50,50000,44900,0.004,0.11
v2_diffusion_fixed,diffusionnostateh48_n50_s50k,diffusionnostateh48,50,50000,45000,0.004,0.109
v2_diffusion_fixed,diffusionnostateh48_n50_s50k,diffusionnostateh48,50,50000,45100,0.004,0.114
v2_diffusion_fixed,diffusionnostateh48_n50_s50k,diffusionnostateh48,50,50000,45200,0.004,0.114
v2_diffusion_fixed,diffusionnostateh48_n50_s50k,diffusionnostateh48,50,50000,45300,0.004,0.107
v2_diffusion_fixed,diffusionnostateh48_n50_s50k,diffusionnostateh48,50,50000,45400,0.004,0.108
v2_diffusion_fixed,diffusionnostateh48_n50_s50k,diffusionnostateh48,50,50000,45500,0.004,0.106
v2_diffusion_fixed,diffusionnostateh48_n50_s50k,diffusionnostateh48,50,50000,45600,0.004,0.111
v2_diffusion_fixed,diffusionnostateh48_n50_s50k,diffusionnostateh48,50,50000,45700,0.004,0.111
v2_diffusion_fixed,diffusionnostateh48_n50_s50k,diffusionnostateh48,50,50000,45800,0.004,0.113
v2_diffusion_fixed,diffusionnostateh48_n50_s50k,diffusionnostateh48,50,50000,45900,0.004,0.1
v2_diffusion_fixed,diffusionnostateh48_n50_s50k,diffusionnostateh48,50,50000,46000,0.004,0.108
v2_diffusion_fixed,diffusionnostateh48_n50_s50k,diffusionnostateh48,50,50000,46100,0.004,0.105
v2_diffusion_fixed,diffusionnostateh48_n50_s50k,diffusionnostateh48,50,50000,46200,0.004,0.11
v2_diffusion_fixed,diffusionnostateh48_n50_s50k,diffusionnostateh48,50,50000,46300,0.004,0.11
v2_diffusion_fixed,diffusionnostateh48_n50_s50k,diffusionnostateh48,50,50000,46400,0.004,0.111
v2_diffusion_fixed,diffusionnostateh48_n50_s50k,diffusionnostateh48,50,50000,46500,0.004,0.103
v2_diffusion_fixed,diffusionnostateh48_n50_s50k,diffusionnostateh48,50,50000,46600,0.004,0.106
v2_diffusion_fixed,diffusionnostateh48_n50_s50k,diffusionnostateh48,50,50000,46700,0.003,0.1
v2_diffusion_fixed,diffusionnostateh48_n50_s50k,diffusionnostateh48,50,50000,46800,0.004,0.099
v2_diffusion_fixed,diffusionnostateh48_n50_s50k,diffusionnostateh48,50,50000,46900,0.004,0.104
v2_diffusion_fixed,diffusionnostateh48_n50_s50k,diffusionnostateh48,50,50000,47000,0.004,0.107
v2_diffusion_fixed,diffusionnostateh48_n50_s50k,diffusionnostateh48,50,50000,47100,0.004,0.105
v2_diffusion_fixed,diffusionnostateh48_n50_s50k,diffusionnostateh48,50,50000,47200,0.004,0.106
v2_diffusion_fixed,diffusionnostateh48_n50_s50k,diffusionnostateh48,50,50000,47300,0.004,0.106
v2_diffusion_fixed,diffusionnostateh48_n50_s50k,diffusionnostateh48,50,50000,47400,0.004,0.106
v2_diffusion_fixed,diffusionnostateh48_n50_s50k,diffusionnostateh48,50,50000,47500,0.004,0.105
v2_diffusion_fixed,diffusionnostateh48_n50_s50k,diffusionnostateh48,50,50000,47600,0.004,0.102
v2_diffusion_fixed,diffusionnostateh48_n50_s50k,diffusionnostateh48,50,50000,47700,0.004,0.101
v2_diffusion_fixed,diffusionnostateh48_n50_s50k,diffusionnostateh48,50,50000,47800,0.004,0.102
v2_diffusion_fixed,diffusionnostateh48_n50_s50k,diffusionnostateh48,50,50000,47900,0.004,0.107
v2_diffusion_fixed,diffusionnostateh48_n50_s50k,diffusionnostateh48,50,50000,48000,0.004,0.102
v2_diffusion_fixed,diffusionnostateh48_n50_s50k,diffusionnostateh48,50,50000,48100,0.004,0.105
v2_diffusion_fixed,diffusionnostateh48_n50_s50k,diffusionnostateh48,50,50000,48200,0.004,0.102
v2_diffusion_fixed,diffusionnostateh48_n50_s50k,diffusionnostateh48,50,50000,48300,0.004,0.107
v2_diffusion_fixed,diffusionnostateh48_n50_s50k,diffusionnostateh48,50,50000,48400,0.004,0.102
v2_diffusion_fixed,diffusionnostateh48_n50_s50k,diffusionnostateh48,50,50000,48500,0.004,0.105
v2_diffusion_fixed,diffusionnostateh48_n50_s50k,diffusionnostateh48,50,50000,48600,0.004,0.108
v2_diffusion_fixed,diffusionnostateh48_n50_s50k,diffusionnostateh48,50,50000,48700,0.004,0.103
v2_diffusion_fixed,diffusionnostateh48_n50_s50k,diffusionnostateh48,50,50000,48800,0.004,0.103
v2_diffusion_fixed,diffusionnostateh48_n50_s50k,diffusionnostateh48,50,50000,48900,0.004,0.105
v2_diffusion_fixed,diffusionnostateh48_n50_s50k,diffusionnostateh48,50,50000,49000,0.004,0.109
v2_diffusion_fixed,diffusionnostateh48_n50_s50k,diffusionnostateh48,50,50000,49100,0.004,0.108
v2_diffusion_fixed,diffusionnostateh48_n50_s50k,diffusionnostateh48,50,50000,49200,0.004,0.105
v2_diffusion_fixed,diffusionnostateh48_n50_s50k,diffusionnostateh48,50,50000,49300,0.004,0.102
v2_diffusion_fixed,diffusionnostateh48_n50_s50k,diffusionnostateh48,50,50000,49400,0.004,0.099
v2_diffusion_fixed,diffusionnostateh48_n50_s50k,diffusionnostateh48,50,50000,49500,0.004,0.101
v2_diffusion_fixed,diffusionnostateh48_n50_s50k,diffusionnostateh48,50,50000,49600,0.004,0.107
v2_diffusion_fixed,diffusionnostateh48_n50_s50k,diffusionnostateh48,50,50000,49700,0.004,0.102
v2_diffusion_fixed,diffusionnostateh48_n50_s50k,diffusionnostateh48,50,50000,49800,0.004,0.102
v2_diffusion_fixed,diffusionnostateh48_n50_s50k,diffusionnostateh48,50,50000,49900,0.004,0.106
v2_diffusion_fixed,diffusionnostateh48_n50_s50k,diffusionnostateh48,50,50000,50000,0.004,0.1
v2_diffusion_fixed,diffusionnostateh48_n50_s5k,diffusionnostateh48,50,5000,100,0.694,5.369
v2_diffusion_fixed,diffusionnostateh48_n50_s5k,diffusionnostateh48,50,5000,200,0.144,3.745
v2_diffusion_fixed,diffusionnostateh48_n50_s5k,diffusionnostateh48,50,5000,300,0.099,2.814
v2_diffusion_fixed,diffusionnostateh48_n50_s5k,diffusionnostateh48,50,5000,400,0.072,2.078
v2_diffusion_fixed,diffusionnostateh48_n50_s5k,diffusionnostateh48,50,5000,500,0.056,1.506
v2_diffusion_fixed,diffusionnostateh48_n50_s5k,diffusionnostateh48,50,5000,600,0.048,1.268
v2_diffusion_fixed,diffusionnostateh48_n50_s5k,diffusionnostateh48,50,5000,700,0.041,1.081
v2_diffusion_fixed,diffusionnostateh48_n50_s5k,diffusionnostateh48,50,5000,800,0.038,1.058
v2_diffusion_fixed,diffusionnostateh48_n50_s5k,diffusionnostateh48,50,5000,900,0.036,0.973
v2_diffusion_fixed,diffusionnostateh48_n50_s5k,diffusionnostateh48,50,5000,1000,0.035,0.855
v2_diffusion_fixed,diffusionnostateh48_n50_s5k,diffusionnostateh48,50,5000,1100,0.032,0.818
v2_diffusion_fixed,diffusionnostateh48_n50_s5k,diffusionnostateh48,50,5000,1200,0.031,0.74
v2_diffusion_fixed,diffusionnostateh48_n50_s5k,diffusionnostateh48,50,5000,1300,0.029,0.784
v2_diffusion_fixed,diffusionnostateh48_n50_s5k,diffusionnostateh48,50,5000,1400,0.028,0.764
v2_diffusion_fixed,diffusionnostateh48_n50_s5k,diffusionnostateh48,50,5000,1500,0.027,0.719
v2_diffusion_fixed,diffusionnostateh48_n50_s5k,diffusionnostateh48,50,5000,1600,0.025,0.666
v2_diffusion_fixed,diffusionnostateh48_n50_s5k,diffusionnostateh48,50,5000,1700,0.025,0.635
v2_diffusion_fixed,diffusionnostateh48_n50_s5k,diffusionnostateh48,50,5000,1800,0.025,0.676
v2_diffusion_fixed,diffusionnostateh48_n50_s5k,diffusionnostateh48,50,5000,1900,0.023,0.561
v2_diffusion_fixed,diffusionnostateh48_n50_s5k,diffusionnostateh48,50,5000,2000,0.023,0.565
v2_diffusion_fixed,diffusionnostateh48_n50_s5k,diffusionnostateh48,50,5000,2100,0.023,0.569
v2_diffusion_fixed,diffusionnostateh48_n50_s5k,diffusionnostateh48,50,5000,2200,0.022,0.49
v2_diffusion_fixed,diffusionnostateh48_n50_s5k,diffusionnostateh48,50,5000,2300,0.022,0.522
v2_diffusion_fixed,diffusionnostateh48_n50_s5k,diffusionnostateh48,50,5000,2400,0.022,0.523
v2_diffusion_fixed,diffusionnostateh48_n50_s5k,diffusionnostateh48,50,5000,2500,0.021,0.57
v2_diffusion_fixed,diffusionnostateh48_n50_s5k,diffusionnostateh48,50,5000,2600,0.02,0.558
v2_diffusion_fixed,diffusionnostateh48_n50_s5k,diffusionnostateh48,50,5000,2700,0.02,0.539
v2_diffusion_fixed,diffusionnostateh48_n50_s5k,diffusionnostateh48,50,5000,2800,0.018,0.419
v2_diffusion_fixed,diffusionnostateh48_n50_s5k,diffusionnostateh48,50,5000,2900,0.018,0.426
v2_diffusion_fixed,diffusionnostateh48_n50_s5k,diffusionnostateh48,50,5000,3000,0.019,0.419
v2_diffusion_fixed,diffusionnostateh48_n50_s5k,diffusionnostateh48,50,5000,3100,0.018,0.429
v2_diffusion_fixed,diffusionnostateh48_n50_s5k,diffusionnostateh48,50,5000,3200,0.018,0.428
v2_diffusion_fixed,diffusionnostateh48_n50_s5k,diffusionnostateh48,50,5000,3300,0.016,0.394
v2_diffusion_fixed,diffusionnostateh48_n50_s5k,diffusionnostateh48,50,5000,3400,0.016,0.394
v2_diffusion_fixed,diffusionnostateh48_n50_s5k,diffusionnostateh48,50,5000,3500,0.017,0.457
v2_diffusion_fixed,diffusionnostateh48_n50_s5k,diffusionnostateh48,50,5000,3600,0.016,0.401
v2_diffusion_fixed,diffusionnostateh48_n50_s5k,diffusionnostateh48,50,5000,3700,0.015,0.344
v2_diffusion_fixed,diffusionnostateh48_n50_s5k,diffusionnostateh48,50,5000,3800,0.016,0.356
v2_diffusion_fixed,diffusionnostateh48_n50_s5k,diffusionnostateh48,50,5000,3900,0.015,0.303
v2_diffusion_fixed,diffusionnostateh48_n50_s5k,diffusionnostateh48,50,5000,4000,0.015,0.339
v2_diffusion_fixed,diffusionnostateh48_n50_s5k,diffusionnostateh48,50,5000,4100,0.015,0.294
v2_diffusion_fixed,diffusionnostateh48_n50_s5k,diffusionnostateh48,50,5000,4200,0.013,0.281
v2_diffusion_fixed,diffusionnostateh48_n50_s5k,diffusionnostateh48,50,5000,4300,0.013,0.292
v2_diffusion_fixed,diffusionnostateh48_n50_s5k,diffusionnostateh48,50,5000,4400,0.014,0.272
v2_diffusion_fixed,diffusionnostateh48_n50_s5k,diffusionnostateh48,50,5000,4500,0.014,0.259
v2_diffusion_fixed,diffusionnostateh48_n50_s5k,diffusionnostateh48,50,5000,4600,0.013,0.25
v2_diffusion_fixed,diffusionnostateh48_n50_s5k,diffusionnostateh48,50,5000,4700,0.013,0.226
v2_diffusion_fixed,diffusionnostateh48_n50_s5k,diffusionnostateh48,50,5000,4800,0.013,0.229
v2_diffusion_fixed,diffusionnostateh48_n50_s5k,diffusionnostateh48,50,5000,4900,0.013,0.235
v2_diffusion_fixed,diffusionnostateh48_n50_s5k,diffusionnostateh48,50,5000,5000,0.013,0.215
